2026-09-27T21:08:57.031+00:00 TX a5040bb4 0B version
2026-09-27T21:08:57.119+00:00 RX a5050b30e5 0B version {"raw": "a5050b30e5", "label": "0B version", "kind": "short", "opcode": "0x0B", "frag_index": null, "checksum_ok": true, "declared_length": 5}
2026-09-27T21:08:57.120+00:00 TX a505d2017d D2 test ON
2026-09-27T21:08:57.180+00:00 RX a505d2017d D2 test ON {"raw": "a505d2017d", "label": "D2 test ON", "kind": "short", "opcode": "0xD2", "frag_index": null, "checksum_ok": true, "declared_length": 5}
2026-09-27T21:08:57.180+00:00 RX a505d2017d D2 capture {"raw": "a505d2017d", "label": "D2 capture", "kind": "short", "opcode": "0xD2", "frag_index": null, "checksum_ok": true, "declared_length": 5}
2026-09-27T21:08:59.498+00:00 RX a5120200000080fc280224fdc9012200006c D2 capture {"raw": "a5120200000080fc280224fdc9012200006c", "label": "D2 capture", "kind": "short", "opcode": "0x02", "frag_index": null, "checksum_ok": true, "declared_length": 18}
2026-09-27T21:08:59.514+00:00 RX a5120200000080fc280224fdc9012200006c D2 capture {"raw": "a5120200000080fc280224fdc9012200006c", "label": "D2 capture", "kind": "short", "opcode": "0x02", "frag_index": null, "checksum_ok": true, "declared_length": 18}
2026-09-27T21:08:59.530+00:00 RX a5120200000080fc280224fdc9012200006c D2 capture {"raw": "a5120200000080fc280224fdc9012200006c", "label": "D2 capture", "kind": "short", "opcode": "0x02", "frag_index": null, "checksum_ok": true, "declared_length": 18}
2026-09-27T21:08:59.544+00:00 RX a5120200000080fc280224fdc9012200006c D2 capture {"raw": "a5120200000080fc280224fdc9012200006c", "label": "D2 capture", "kind": "short", "opcode": "0x02", "frag_index": null, "checksum_ok": true, "declared_length": 18}
2026-09-27T21:08:59.558+00:00 RX a5120200000080fc280224fdc9012200006c D2 capture {"raw": "a5120200000080fc280224fdc9012200006c", "label": "D2 capture", "kind": "short", "opcode": "0x02", "frag_index": null, "checksum_ok": true, "declared_length": 18}
2026-09-27T21:08:59.573+00:00 RX a5120200000080fc280224fdc9012200006c D2 capture {"raw": "a5120200000080fc280224fdc9012200006c", "label": "D2 capture", "kind": "short", "opcode": "0x02", "frag_index": null, "checksum_ok": true, "declared_length": 18}
2026-09-27T21:08:59.588+00:00 RX a5120200000080fc280224fdc9012200006c D2 capture {"raw": "a5120200000080fc280224fdc9012200006c", "label": "D2 capture", "kind": "short", "opcode": "0x02", "frag_index": null, "checksum_ok": true, "declared_length": 18}
2026-09-27T21:08:59.602+00:00 RX a5120200000080fc280224fdc9012200006c D2 capture {"raw": "a5120200000080fc280224fdc9012200006c", "label": "D2 capture", "kind": "short", "opcode": "0x02", "frag_index": null, "checksum_ok": true, "declared_length": 18}
2026-09-27T21:08:59.617+00:00 RX a5120200000080fc280224fdc9012200006c D2 capture {"raw": "a5120200000080fc280224fdc9012200006c", "label": "D2 capture", "kind": "short", "opcode": "0x02", "frag_index": null, "checksum_ok": true, "declared_length": 18}
2026-09-27T21:08:59.640+00:00 RX a5120200000080fc280224fdc9012200006c D2 capture {"raw": "a5120200000080fc280224fdc9012200006c", "label": "D2 capture", "kind": "short", "opcode": "0x02", "frag_index": null, "checksum_ok": true, "declared_length": 18}
2026-09-27T21:08:59.655+00:00 RX a5120200000080fc280224fdc9012200006c D2 capture {"raw": "a5120200000080fc280224fdc9012200006c", "label": "D2 capture", "kind": "short", "opcode": "0x02", "frag_index": null, "checksum_ok": true, "declared_length": 18}
2026-09-27T21:08:59.678+00:00 RX a5120200000000fc280224fdc901220000ec D2 capture {"raw": "a5120200000000fc280224fdc901220000ec", "label": "D2 capture", "kind": "short", "opcode": "0x02", "frag_index": null, "checksum_ok": true, "declared_length": 18}
2026-09-27T21:08:59.678+00:00 RX a5120200000000fc280224fdc901220000ec D2 capture {"raw": "a5120200000000fc280224fdc901220000ec", "label": "D2 capture", "kind": "short", "opcode": "0x02", "frag_index": null, "checksum_ok": true, "declared_length": 18}
2026-09-27T21:08:59.700+00:00 RX a5120200000000fc280224fdc901220000ec D2 capture {"raw": "a5120200000000fc280224fdc901220000ec", "label": "D2 capture", "kind": "short", "opcode": "0x02", "frag_index": null, "checksum_ok": true, "declared_length": 18}
2026-09-27T21:08:59.723+00:00 RX a5120200000000fc280224fdc9ff2a0000f2 D2 capture {"raw": "a5120200000000fc280224fdc9ff2a0000f2", "label": "D2 capture", "kind": "short", "opcode": "0x02", "frag_index": null, "checksum_ok": true, "declared_length": 18}
2026-09-27T21:08:59.738+00:00 RX a5120200000000fc280224fdc9fef00000b7 D2 capture {"raw": "a5120200000000fc280224fdc9fef00000b7", "label": "D2 capture", "kind": "short", "opcode": "0x02", "frag_index": null, "checksum_ok": true, "declared_length": 18}
2026-09-27T21:08:59.753+00:00 RX a5120200000000fc280224fdc9fe90000057 D2 capture {"raw": "a5120200000000fc280224fdc9fe90000057", "label": "D2 capture", "kind": "short", "opcode": "0x02", "frag_index": null, "checksum_ok": true, "declared_length": 18}
2026-09-27T21:08:59.769+00:00 RX a5120200000000fc280224fdc9fe90000057 D2 capture {"raw": "a5120200000000fc280224fdc9fe90000057", "label": "D2 capture", "kind": "short", "opcode": "0x02", "frag_index": null, "checksum_ok": true, "declared_length": 18}
2026-09-27T21:08:59.782+00:00 RX a5120200000000fc280224fdc9fe90000057 D2 capture {"raw": "a5120200000000fc280224fdc9fe90000057", "label": "D2 capture", "kind": "short", "opcode": "0x02", "frag_index": null, "checksum_ok": true, "declared_length": 18}
2026-09-27T21:08:59.799+00:00 RX a5120200000000fc280224fdc9fe90000057 D2 capture {"raw": "a5120200000000fc280224fdc9fe90000057", "label": "D2 capture", "kind": "short", "opcode": "0x02", "frag_index": null, "checksum_ok": true, "declared_length": 18}
2026-09-27T21:08:59.814+00:00 RX a5120200000000fc280224fdc9fe4e000015 D2 capture {"raw": "a5120200000000fc280224fdc9fe4e000015", "label": "D2 capture", "kind": "short", "opcode": "0x02", "frag_index": null, "checksum_ok": true, "declared_length": 18}
2026-09-27T21:08:59.834+00:00 RX a5120200000000fc280224fdc9fe2e0000f5 D2 capture {"raw": "a5120200000000fc280224fdc9fe2e0000f5", "label": "D2 capture", "kind": "short", "opcode": "0x02", "frag_index": null, "checksum_ok": true, "declared_length": 18}
2026-09-27T21:08:59.850+00:00 RX a5120200000000fc280224fdc9fe2e0000f5 D2 capture {"raw": "a5120200000000fc280224fdc9fe2e0000f5", "label": "D2 capture", "kind": "short", "opcode": "0x02", "frag_index": null, "checksum_ok": true, "declared_length": 18}
2026-09-27T21:08:59.865+00:00 RX a5120200000000fc280224fdc9fe2e0000f5 D2 capture {"raw": "a5120200000000fc280224fdc9fe2e0000f5", "label": "D2 capture", "kind": "short", "opcode": "0x02", "frag_index": null, "checksum_ok": true, "declared_length": 18}
2026-09-27T21:08:59.879+00:00 RX a5120200000000fc280224fdc9fe2e0000f5 D2 capture {"raw": "a5120200000000fc280224fdc9fe2e0000f5", "label": "D2 capture", "kind": "short", "opcode": "0x02", "frag_index": null, "checksum_ok": true, "declared_length": 18}
2026-09-27T21:08:59.894+00:00 RX a5120200000000fc280224fdc9fe2e0000f5 D2 capture {"raw": "a5120200000000fc280224fdc9fe2e0000f5", "label": "D2 capture", "kind": "short", "opcode": "0x02", "frag_index": null, "checksum_ok": true, "declared_length": 18}
2026-09-27T21:08:59.909+00:00 RX a5120200000000fc280224fdc9fe2e0000f5 D2 capture {"raw": "a5120200000000fc280224fdc9fe2e0000f5", "label": "D2 capture", "kind": "short", "opcode": "0x02", "frag_index": null, "checksum_ok": true, "declared_length": 18}
2026-09-27T21:08:59.933+00:00 RX a5120200000000fc280224fdc9fe2e0000f5 D2 capture {"raw": "a5120200000000fc280224fdc9fe2e0000f5", "label": "D2 capture", "kind": "short", "opcode": "0x02", "frag_index": null, "checksum_ok": true, "declared_length": 18}
2026-09-27T21:08:59.948+00:00 RX a5120200000000fc280224fdc9fe2e0000f5 D2 capture {"raw": "a5120200000000fc280224fdc9fe2e0000f5", "label": "D2 capture", "kind": "short", "opcode": "0x02", "frag_index": null, "checksum_ok": true, "declared_length": 18}
2026-09-27T21:08:59.963+00:00 RX a5120200000000fc280224fdc9fe2e0000f5 D2 capture {"raw": "a5120200000000fc280224fdc9fe2e0000f5", "label": "D2 capture", "kind": "short", "opcode": "0x02", "frag_index": null, "checksum_ok": true, "declared_length": 18}
2026-09-27T21:08:59.978+00:00 RX a5120200000000fc280224fdc9fe2e0000f5 D2 capture {"raw": "a5120200000000fc280224fdc9fe2e0000f5", "label": "D2 capture", "kind": "short", "opcode": "0x02", "frag_index": null, "checksum_ok": true, "declared_length": 18}
2026-09-27T21:08:59.993+00:00 RX a5120200000000fc280224fdc9fe2e0000f5 D2 capture {"raw": "a5120200000000fc280224fdc9fe2e0000f5", "label": "D2 capture", "kind": "short", "opcode": "0x02", "frag_index": null, "checksum_ok": true, "declared_length": 18}
2026-09-27T21:09:00.008+00:00 RX a5120200000000fc280224fdc9fe2e0000f5 D2 capture {"raw": "a5120200000000fc280224fdc9fe2e0000f5", "label": "D2 capture", "kind": "short", "opcode": "0x02", "frag_index": null, "checksum_ok": true, "declared_length": 18}
2026-09-27T21:09:00.023+00:00 RX a5120200000000fc280224fdc9fe2e0000f5 D2 capture {"raw": "a5120200000000fc280224fdc9fe2e0000f5", "label": "D2 capture", "kind": "short", "opcode": "0x02", "frag_index": null, "checksum_ok": true, "declared_length": 18}
2026-09-27T21:09:00.038+00:00 RX a5120200000000fc280224fdc9fe2e0000f5 D2 capture {"raw": "a5120200000000fc280224fdc9fe2e0000f5", "label": "D2 capture", "kind": "short", "opcode": "0x02", "frag_index": null, "checksum_ok": true, "declared_length": 18}
2026-09-27T21:09:00.060+00:00 RX a5120200000000fc280224fdc9fe2e0000f5 D2 capture {"raw": "a5120200000000fc280224fdc9fe2e0000f5", "label": "D2 capture", "kind": "short", "opcode": "0x02", "frag_index": null, "checksum_ok": true, "declared_length": 18}
2026-09-27T21:09:00.076+00:00 RX a5120200000000fc280224fdc9fe2e0000f5 D2 capture {"raw": "a5120200000000fc280224fdc9fe2e0000f5", "label": "D2 capture", "kind": "short", "opcode": "0x02", "frag_index": null, "checksum_ok": true, "declared_length": 18}
2026-09-27T21:09:00.091+00:00 RX a5120200000000fc280224fdc9fe2e0000f5 D2 capture {"raw": "a5120200000000fc280224fdc9fe2e0000f5", "label": "D2 capture", "kind": "short", "opcode": "0x02", "frag_index": null, "checksum_ok": true, "declared_length": 18}
2026-09-27T21:09:00.106+00:00 RX a5120200000000fc280224fdc9fe2e0000f5 D2 capture {"raw": "a5120200000000fc280224fdc9fe2e0000f5", "label": "D2 capture", "kind": "short", "opcode": "0x02", "frag_index": null, "checksum_ok": true, "declared_length": 18}
2026-09-27T21:09:00.121+00:00 RX a5120200000000fc280224fdc9fe2e0000f5 D2 capture {"raw": "a5120200000000fc280224fdc9fe2e0000f5", "label": "D2 capture", "kind": "short", "opcode": "0x02", "frag_index": null, "checksum_ok": true, "declared_length": 18}
2026-09-27T21:09:00.135+00:00 RX a5120200000000fc280224fdc9fe2e0000f5 D2 capture {"raw": "a5120200000000fc280224fdc9fe2e0000f5", "label": "D2 capture", "kind": "short", "opcode": "0x02", "frag_index": null, "checksum_ok": true, "declared_length": 18}
2026-09-27T21:09:00.149+00:00 RX a5120200000000fc280224fdc9fe2e0000f5 D2 capture {"raw": "a5120200000000fc280224fdc9fe2e0000f5", "label": "D2 capture", "kind": "short", "opcode": "0x02", "frag_index": null, "checksum_ok": true, "declared_length": 18}
2026-09-27T21:09:00.172+00:00 RX a5120200000000fc280224fdc9fe2e0000f5 D2 capture {"raw": "a5120200000000fc280224fdc9fe2e0000f5", "label": "D2 capture", "kind": "short", "opcode": "0x02", "frag_index": null, "checksum_ok": true, "declared_length": 18}
2026-09-27T21:09:00.187+00:00 RX a5120200000000fc280224fdc9fe2e0000f5 D2 capture {"raw": "a5120200000000fc280224fdc9fe2e0000f5", "label": "D2 capture", "kind": "short", "opcode": "0x02", "frag_index": null, "checksum_ok": true, "declared_length": 18}
2026-09-27T21:09:00.204+00:00 RX a5120200000000fc280224fdc9fe2e0000f5 D2 capture {"raw": "a5120200000000fc280224fdc9fe2e0000f5", "label": "D2 capture", "kind": "short", "opcode": "0x02", "frag_index": null, "checksum_ok": true, "declared_length": 18}
2026-09-27T21:09:00.218+00:00 RX a5120200000000fc280224fdc9fe2e0000f5 D2 capture {"raw": "a5120200000000fc280224fdc9fe2e0000f5", "label": "D2 capture", "kind": "short", "opcode": "0x02", "frag_index": null, "checksum_ok": true, "declared_length": 18}
2026-09-27T21:09:00.233+00:00 RX a5120200000000fc280224fdc9fe2e0000f5 D2 capture {"raw": "a5120200000000fc280224fdc9fe2e0000f5", "label": "D2 capture", "kind": "short", "opcode": "0x02", "frag_index": null, "checksum_ok": true, "declared_length": 18}
2026-09-27T21:09:00.249+00:00 RX a5120200000000fc280224fdc9fe2e0000f5 D2 capture {"raw": "a5120200000000fc280224fdc9fe2e0000f5", "label": "D2 capture", "kind": "short", "opcode": "0x02", "frag_index": null, "checksum_ok": true, "declared_length": 18}
2026-09-27T21:09:00.264+00:00 RX a5120200000000fc280224fdc9fe2e0000f5 D2 capture {"raw": "a5120200000000fc280224fdc9fe2e0000f5", "label": "D2 capture", "kind": "short", "opcode": "0x02", "frag_index": null, "checksum_ok": true, "declared_length": 18}
2026-09-27T21:09:00.278+00:00 RX a5120200000000fc280224fdc9fe2e0000f5 D2 capture {"raw": "a5120200000000fc280224fdc9fe2e0000f5", "label": "D2 capture", "kind": "short", "opcode": "0x02", "frag_index": null, "checksum_ok": true, "declared_length": 18}
2026-09-27T21:09:00.301+00:00 RX a5120200000000fc280224fdc9fe2e0000f5 D2 capture {"raw": "a5120200000000fc280224fdc9fe2e0000f5", "label": "D2 capture", "kind": "short", "opcode": "0x02", "frag_index": null, "checksum_ok": true, "declared_length": 18}
2026-09-27T21:09:00.316+00:00 RX a5120200000000fc280224fdc9fe2e0000f5 D2 capture {"raw": "a5120200000000fc280224fdc9fe2e0000f5", "label": "D2 capture", "kind": "short", "opcode": "0x02", "frag_index": null, "checksum_ok": true, "declared_length": 18}
2026-09-27T21:09:00.330+00:00 RX a5120200000000fc280224fdc9fe2e0000f5 D2 capture {"raw": "a5120200000000fc280224fdc9fe2e0000f5", "label": "D2 capture", "kind": "short", "opcode": "0x02", "frag_index": null, "checksum_ok": true, "declared_length": 18}
2026-09-27T21:09:00.345+00:00 RX a5120200000000fc280224fdc9fe2e0000f5 D2 capture {"raw": "a5120200000000fc280224fdc9fe2e0000f5", "label": "D2 capture", "kind": "short", "opcode": "0x02", "frag_index": null, "checksum_ok": true, "declared_length": 18}
2026-09-27T21:09:00.359+00:00 RX a5120200000000fc280224fdc9fe2e0000f5 D2 capture {"raw": "a5120200000000fc280224fdc9fe2e0000f5", "label": "D2 capture", "kind": "short", "opcode": "0x02", "frag_index": null, "checksum_ok": true, "declared_length": 18}
2026-09-27T21:09:00.374+00:00 RX a5120200000000fc280224fdc9fe2e0000f5 D2 capture {"raw": "a5120200000000fc280224fdc9fe2e0000f5", "label": "D2 capture", "kind": "short", "opcode": "0x02", "frag_index": null, "checksum_ok": true, "declared_length": 18}
2026-09-27T21:09:00.389+00:00 RX a5120200000000fc280224fdc9fe2e0000f5 D2 capture {"raw": "a5120200000000fc280224fdc9fe2e0000f5", "label": "D2 capture", "kind": "short", "opcode": "0x02", "frag_index": null, "checksum_ok": true, "declared_length": 18}
2026-09-27T21:09:00.413+00:00 RX a5120200000000fc280224fdc9fe2e0000f5 D2 capture {"raw": "a5120200000000fc280224fdc9fe2e0000f5", "label": "D2 capture", "kind": "short", "opcode": "0x02", "frag_index": null, "checksum_ok": true, "declared_length": 18}
2026-09-27T21:09:00.428+00:00 RX a5120200000000fc280224fdc9fe2e0000f5 D2 capture {"raw": "a5120200000000fc280224fdc9fe2e0000f5", "label": "D2 capture", "kind": "short", "opcode": "0x02", "frag_index": null, "checksum_ok": true, "declared_length": 18}
2026-09-27T21:09:00.442+00:00 RX a5120200000000fc280224fdc9fe2e0000f5 D2 capture {"raw": "a5120200000000fc280224fdc9fe2e0000f5", "label": "D2 capture", "kind": "short", "opcode": "0x02", "frag_index": null, "checksum_ok": true, "declared_length": 18}
2026-09-27T21:09:00.457+00:00 RX a5120200000000fc280224fdc9fe2e0000f5 D2 capture {"raw": "a5120200000000fc280224fdc9fe2e0000f5", "label": "D2 capture", "kind": "short", "opcode": "0x02", "frag_index": null, "checksum_ok": true, "declared_length": 18}
2026-09-27T21:09:00.473+00:00 RX a5120200000000fc280224fdc9fe2e0000f5 D2 capture {"raw": "a5120200000000fc280224fdc9fe2e0000f5", "label": "D2 capture", "kind": "short", "opcode": "0x02", "frag_index": null, "checksum_ok": true, "declared_length": 18}
2026-09-27T21:09:00.489+00:00 RX a5120200000000fc280224fdc9fe2e0000f5 D2 capture {"raw": "a5120200000000fc280224fdc9fe2e0000f5", "label": "D2 capture", "kind": "short", "opcode": "0x02", "frag_index": null, "checksum_ok": true, "declared_length": 18}
2026-09-27T21:09:00.503+00:00 RX a5120200000000fc280224fdc9fe2e0000f5 D2 capture {"raw": "a5120200000000fc280224fdc9fe2e0000f5", "label": "D2 capture", "kind": "short", "opcode": "0x02", "frag_index": null, "checksum_ok": true, "declared_length": 18}
2026-09-27T21:09:00.518+00:00 RX a5120200000000fc280224fdc9fe2e0000f5 D2 capture {"raw": "a5120200000000fc280224fdc9fe2e0000f5", "label": "D2 capture", "kind": "short", "opcode": "0x02", "frag_index": null, "checksum_ok": true, "declared_length": 18}
2026-09-27T21:09:00.540+00:00 RX a5120200000000fc280224fdc9fe2e0000f5 D2 capture {"raw": "a5120200000000fc280224fdc9fe2e0000f5", "label": "D2 capture", "kind": "short", "opcode": "0x02", "frag_index": null, "checksum_ok": true, "declared_length": 18}
2026-09-27T21:09:00.555+00:00 RX a5120200000000fc280224fdc9fe2e0000f5 D2 capture {"raw": "a5120200000000fc280224fdc9fe2e0000f5", "label": "D2 capture", "kind": "short", "opcode": "0x02", "frag_index": null, "checksum_ok": true, "declared_length": 18}
2026-09-27T21:09:00.570+00:00 RX a5120200000000fc280224fdc9fe2e0000f5 D2 capture {"raw": "a5120200000000fc280224fdc9fe2e0000f5", "label": "D2 capture", "kind": "short", "opcode": "0x02", "frag_index": null, "checksum_ok": true, "declared_length": 18}
2026-09-27T21:09:00.587+00:00 RX a5120200000000fc280224fdc9fe2e0000f5 D2 capture {"raw": "a5120200000000fc280224fdc9fe2e0000f5", "label": "D2 capture", "kind": "short", "opcode": "0x02", "frag_index": null, "checksum_ok": true, "declared_length": 18}
2026-09-27T21:09:00.608+00:00 RX a5120200000000fc280224fdc9fe2e0000f5 D2 capture {"raw": "a5120200000000fc280224fdc9fe2e0000f5", "label": "D2 capture", "kind": "short", "opcode": "0x02", "frag_index": null, "checksum_ok": true, "declared_length": 18}
2026-09-27T21:09:00.608+00:00 RX a5120200000000fc280224fdc9fe2e0000f5 D2 capture {"raw": "a5120200000000fc280224fdc9fe2e0000f5", "label": "D2 capture", "kind": "short", "opcode": "0x02", "frag_index": null, "checksum_ok": true, "declared_length": 18}
2026-09-27T21:09:00.630+00:00 RX a5120200000000fc280224fdc9fe2e0000f5 D2 capture {"raw": "a5120200000000fc280224fdc9fe2e0000f5", "label": "D2 capture", "kind": "short", "opcode": "0x02", "frag_index": null, "checksum_ok": true, "declared_length": 18}
2026-09-27T21:09:00.662+00:00 RX a5120200000000fc280224fdc9fe2e0000f5 D2 capture {"raw": "a5120200000000fc280224fdc9fe2e0000f5", "label": "D2 capture", "kind": "short", "opcode": "0x02", "frag_index": null, "checksum_ok": true, "declared_length": 18}
2026-09-27T21:09:00.663+00:00 RX a5120200000000fc280224fdc9fe2e0000f5 D2 capture {"raw": "a5120200000000fc280224fdc9fe2e0000f5", "label": "D2 capture", "kind": "short", "opcode": "0x02", "frag_index": null, "checksum_ok": true, "declared_length": 18}
2026-09-27T21:09:00.683+00:00 RX a5120200000000fc280224fdc9fe2e0000f5 D2 capture {"raw": "a5120200000000fc280224fdc9fe2e0000f5", "label": "D2 capture", "kind": "short", "opcode": "0x02", "frag_index": null, "checksum_ok": true, "declared_length": 18}
2026-09-27T21:09:00.699+00:00 RX a5120200000000fc280224fdc9fe2e0000f5 D2 capture {"raw": "a5120200000000fc280224fdc9fe2e0000f5", "label": "D2 capture", "kind": "short", "opcode": "0x02", "frag_index": null, "checksum_ok": true, "declared_length": 18}
2026-09-27T21:09:00.713+00:00 RX a5120200000000fc280224fdc9fe2e0000f5 D2 capture {"raw": "a5120200000000fc280224fdc9fe2e0000f5", "label": "D2 capture", "kind": "short", "opcode": "0x02", "frag_index": null, "checksum_ok": true, "declared_length": 18}
2026-09-27T21:09:00.727+00:00 RX a5120200000000fc280224fdc9fe2e0000f5 D2 capture {"raw": "a5120200000000fc280224fdc9fe2e0000f5", "label": "D2 capture", "kind": "short", "opcode": "0x02", "frag_index": null, "checksum_ok": true, "declared_length": 18}
2026-09-27T21:09:00.742+00:00 RX a5120200000000fc280224fdc9fe2e0000f5 D2 capture {"raw": "a5120200000000fc280224fdc9fe2e0000f5", "label": "D2 capture", "kind": "short", "opcode": "0x02", "frag_index": null, "checksum_ok": true, "declared_length": 18}
2026-09-27T21:09:00.765+00:00 RX a5120200000000fc280224fdc9fe2e0000f5 D2 capture {"raw": "a5120200000000fc280224fdc9fe2e0000f5", "label": "D2 capture", "kind": "short", "opcode": "0x02", "frag_index": null, "checksum_ok": true, "declared_length": 18}
2026-09-27T21:09:00.779+00:00 RX a5120200000000fc280224fdc9fe2e0000f5 D2 capture {"raw": "a5120200000000fc280224fdc9fe2e0000f5", "label": "D2 capture", "kind": "short", "opcode": "0x02", "frag_index": null, "checksum_ok": true, "declared_length": 18}
2026-09-27T21:09:00.795+00:00 RX a5120200000000fc280224fdc9fe2e0000f5 D2 capture {"raw": "a5120200000000fc280224fdc9fe2e0000f5", "label": "D2 capture", "kind": "short", "opcode": "0x02", "frag_index": null, "checksum_ok": true, "declared_length": 18}
2026-09-27T21:09:00.811+00:00 RX a5120200000000fc280224fdc9fe2e0000f5 D2 capture {"raw": "a5120200000000fc280224fdc9fe2e0000f5", "label": "D2 capture", "kind": "short", "opcode": "0x02", "frag_index": null, "checksum_ok": true, "declared_length": 18}
2026-09-27T21:09:00.825+00:00 RX a5120200000000fc280224fdc9fe2e0000f5 D2 capture {"raw": "a5120200000000fc280224fdc9fe2e0000f5", "label": "D2 capture", "kind": "short", "opcode": "0x02", "frag_index": null, "checksum_ok": true, "declared_length": 18}
2026-09-27T21:09:00.840+00:00 RX a5120200000000fc280224fdc9fe2e0000f5 D2 capture {"raw": "a5120200000000fc280224fdc9fe2e0000f5", "label": "D2 capture", "kind": "short", "opcode": "0x02", "frag_index": null, "checksum_ok": true, "declared_length": 18}
2026-09-27T21:09:00.855+00:00 RX a5120200000000fc280224fdc9fe2e0000f5 D2 capture {"raw": "a5120200000000fc280224fdc9fe2e0000f5", "label": "D2 capture", "kind": "short", "opcode": "0x02", "frag_index": null, "checksum_ok": true, "declared_length": 18}
2026-09-27T21:09:05.355+00:00 RX a5120200000040fc280224fdc9fe2e000035 D2 capture {"raw": "a5120200000040fc280224fdc9fe2e000035", "label": "D2 capture", "kind": "short", "opcode": "0x02", "frag_index": null, "checksum_ok": true, "declared_length": 18}
2026-09-27T21:09:05.371+00:00 RX a5120200000040fc280224fdc9fe2e000035 D2 capture {"raw": "a5120200000040fc280224fdc9fe2e000035", "label": "D2 capture", "kind": "short", "opcode": "0x02", "frag_index": null, "checksum_ok": true, "declared_length": 18}
2026-09-27T21:09:05.386+00:00 RX a5120200000040fc280224fdc9fe2e000035 D2 capture {"raw": "a5120200000040fc280224fdc9fe2e000035", "label": "D2 capture", "kind": "short", "opcode": "0x02", "frag_index": null, "checksum_ok": true, "declared_length": 18}
2026-09-27T21:09:05.414+00:00 RX a5120200000040fc280224fdc9fe2e000035 D2 capture {"raw": "a5120200000040fc280224fdc9fe2e000035", "label": "D2 capture", "kind": "short", "opcode": "0x02", "frag_index": null, "checksum_ok": true, "declared_length": 18}
2026-09-27T21:09:05.430+00:00 RX a5120200000040fc280224fdc9fe2e000035 D2 capture {"raw": "a5120200000040fc280224fdc9fe2e000035", "label": "D2 capture", "kind": "short", "opcode": "0x02", "frag_index": null, "checksum_ok": true, "declared_length": 18}
2026-09-27T21:09:05.430+00:00 RX a5120200000040fc280224fdc9fe2e000035 D2 capture {"raw": "a5120200000040fc280224fdc9fe2e000035", "label": "D2 capture", "kind": "short", "opcode": "0x02", "frag_index": null, "checksum_ok": true, "declared_length": 18}
2026-09-27T21:09:05.453+00:00 RX a5120200000040fc280224fdc9fe2e000035 D2 capture {"raw": "a5120200000040fc280224fdc9fe2e000035", "label": "D2 capture", "kind": "short", "opcode": "0x02", "frag_index": null, "checksum_ok": true, "declared_length": 18}
2026-09-27T21:09:05.467+00:00 RX a5120200000040fc280224fdc9fe2e000035 D2 capture {"raw": "a5120200000040fc280224fdc9fe2e000035", "label": "D2 capture", "kind": "short", "opcode": "0x02", "frag_index": null, "checksum_ok": true, "declared_length": 18}
2026-09-27T21:09:05.482+00:00 RX a5120200000040fc280224fdc9fe2e000035 D2 capture {"raw": "a5120200000040fc280224fdc9fe2e000035", "label": "D2 capture", "kind": "short", "opcode": "0x02", "frag_index": null, "checksum_ok": true, "declared_length": 18}
2026-09-27T21:09:05.497+00:00 RX a5120200000040fc280224fdc9fe2e000035 D2 capture {"raw": "a5120200000040fc280224fdc9fe2e000035", "label": "D2 capture", "kind": "short", "opcode": "0x02", "frag_index": null, "checksum_ok": true, "declared_length": 18}
2026-09-27T21:09:05.516+00:00 RX a5120200000040fc280224fdc9fe2e000035 D2 capture {"raw": "a5120200000040fc280224fdc9fe2e000035", "label": "D2 capture", "kind": "short", "opcode": "0x02", "frag_index": null, "checksum_ok": true, "declared_length": 18}
2026-09-27T21:09:05.536+00:00 RX a5120200000040fc280224fdc9fe2e000035 D2 capture {"raw": "a5120200000040fc280224fdc9fe2e000035", "label": "D2 capture", "kind": "short", "opcode": "0x02", "frag_index": null, "checksum_ok": true, "declared_length": 18}
2026-09-27T21:09:05.550+00:00 RX a5120200000040fc280224fdc9fe2e000035 D2 capture {"raw": "a5120200000040fc280224fdc9fe2e000035", "label": "D2 capture", "kind": "short", "opcode": "0x02", "frag_index": null, "checksum_ok": true, "declared_length": 18}
2026-09-27T21:09:05.567+00:00 RX a5120200000040fc280224fdc9fe2e000035 D2 capture {"raw": "a5120200000040fc280224fdc9fe2e000035", "label": "D2 capture", "kind": "short", "opcode": "0x02", "frag_index": null, "checksum_ok": true, "declared_length": 18}
2026-09-27T21:09:05.582+00:00 RX a5120200000040fc280224fdc9fe2e000035 D2 capture {"raw": "a5120200000040fc280224fdc9fe2e000035", "label": "D2 capture", "kind": "short", "opcode": "0x02", "frag_index": null, "checksum_ok": true, "declared_length": 18}
2026-09-27T21:09:05.597+00:00 RX a5120200000040fc280224fdc9fe2e000035 D2 capture {"raw": "a5120200000040fc280224fdc9fe2e000035", "label": "D2 capture", "kind": "short", "opcode": "0x02", "frag_index": null, "checksum_ok": true, "declared_length": 18}
2026-09-27T21:09:05.611+00:00 RX a5120200000040fc280224fdc9fe2e000035 D2 capture {"raw": "a5120200000040fc280224fdc9fe2e000035", "label": "D2 capture", "kind": "short", "opcode": "0x02", "frag_index": null, "checksum_ok": true, "declared_length": 18}
2026-09-27T21:09:05.627+00:00 RX a5120200000040fc280224fdc9fe2e000035 D2 capture {"raw": "a5120200000040fc280224fdc9fe2e000035", "label": "D2 capture", "kind": "short", "opcode": "0x02", "frag_index": null, "checksum_ok": true, "declared_length": 18}
2026-09-27T21:09:05.648+00:00 RX a5120200000040fc280224fdc9fe2e000035 D2 capture {"raw": "a5120200000040fc280224fdc9fe2e000035", "label": "D2 capture", "kind": "short", "opcode": "0x02", "frag_index": null, "checksum_ok": true, "declared_length": 18}
2026-09-27T21:09:05.663+00:00 RX a5120200000000fc280224fdc9fe2e0000f5 D2 capture {"raw": "a5120200000000fc280224fdc9fe2e0000f5", "label": "D2 capture", "kind": "short", "opcode": "0x02", "frag_index": null, "checksum_ok": true, "declared_length": 18}
2026-09-27T21:09:05.678+00:00 RX a5120200000000fc280224fdc9fe2e0000f5 D2 capture {"raw": "a5120200000000fc280224fdc9fe2e0000f5", "label": "D2 capture", "kind": "short", "opcode": "0x02", "frag_index": null, "checksum_ok": true, "declared_length": 18}
2026-09-27T21:09:05.693+00:00 RX a5120200000000fc280224fdc9fe2e0000f5 D2 capture {"raw": "a5120200000000fc280224fdc9fe2e0000f5", "label": "D2 capture", "kind": "short", "opcode": "0x02", "frag_index": null, "checksum_ok": true, "declared_length": 18}
2026-09-27T21:09:05.707+00:00 RX a5120200000000fc280224fdc9fe2e0000f5 D2 capture {"raw": "a5120200000000fc280224fdc9fe2e0000f5", "label": "D2 capture", "kind": "short", "opcode": "0x02", "frag_index": null, "checksum_ok": true, "declared_length": 18}
2026-09-27T21:09:05.722+00:00 RX a5120200000000fc280224fdc9fe2e0000f5 D2 capture {"raw": "a5120200000000fc280224fdc9fe2e0000f5", "label": "D2 capture", "kind": "short", "opcode": "0x02", "frag_index": null, "checksum_ok": true, "declared_length": 18}
2026-09-27T21:09:05.739+00:00 RX a5120200000000fc280224fdc9fe2e0000f5 D2 capture {"raw": "a5120200000000fc280224fdc9fe2e0000f5", "label": "D2 capture", "kind": "short", "opcode": "0x02", "frag_index": null, "checksum_ok": true, "declared_length": 18}
2026-09-27T21:09:05.760+00:00 RX a5120200000000fc280224fdc9fe2e0000f5 D2 capture {"raw": "a5120200000000fc280224fdc9fe2e0000f5", "label": "D2 capture", "kind": "short", "opcode": "0x02", "frag_index": null, "checksum_ok": true, "declared_length": 18}
2026-09-27T21:09:05.774+00:00 RX a5120200000000fc280224fdc9fe2e0000f5 D2 capture {"raw": "a5120200000000fc280224fdc9fe2e0000f5", "label": "D2 capture", "kind": "short", "opcode": "0x02", "frag_index": null, "checksum_ok": true, "declared_length": 18}
2026-09-27T21:09:05.791+00:00 RX a5120200000000fc280224fdc9fe2e0000f5 D2 capture {"raw": "a5120200000000fc280224fdc9fe2e0000f5", "label": "D2 capture", "kind": "short", "opcode": "0x02", "frag_index": null, "checksum_ok": true, "declared_length": 18}
2026-09-27T21:09:05.805+00:00 RX a5120200000000fc280224fdc9fe2e0000f5 D2 capture {"raw": "a5120200000000fc280224fdc9fe2e0000f5", "label": "D2 capture", "kind": "short", "opcode": "0x02", "frag_index": null, "checksum_ok": true, "declared_length": 18}
2026-09-27T21:09:05.820+00:00 RX a5120200000000fc280224fdc9fe2e0000f5 D2 capture {"raw": "a5120200000000fc280224fdc9fe2e0000f5", "label": "D2 capture", "kind": "short", "opcode": "0x02", "frag_index": null, "checksum_ok": true, "declared_length": 18}
2026-09-27T21:09:05.835+00:00 RX a5120200000000fc280224fdc9fe2e0000f5 D2 capture {"raw": "a5120200000000fc280224fdc9fe2e0000f5", "label": "D2 capture", "kind": "short", "opcode": "0x02", "frag_index": null, "checksum_ok": true, "declared_length": 18}
2026-09-27T21:09:05.849+00:00 RX a5120200000000fc280224fdc9fe2e0000f5 D2 capture {"raw": "a5120200000000fc280224fdc9fe2e0000f5", "label": "D2 capture", "kind": "short", "opcode": "0x02", "frag_index": null, "checksum_ok": true, "declared_length": 18}
2026-09-27T21:09:05.873+00:00 RX a5120200000000fc280224fdc9fe2e0000f5 D2 capture {"raw": "a5120200000000fc280224fdc9fe2e0000f5", "label": "D2 capture", "kind": "short", "opcode": "0x02", "frag_index": null, "checksum_ok": true, "declared_length": 18}
2026-09-27T21:09:05.889+00:00 RX a5120200000000fc280224fdc9fe2e0000f5 D2 capture {"raw": "a5120200000000fc280224fdc9fe2e0000f5", "label": "D2 capture", "kind": "short", "opcode": "0x02", "frag_index": null, "checksum_ok": true, "declared_length": 18}
2026-09-27T21:09:05.903+00:00 RX a5120200000000fc280224fdc9fe2e0000f5 D2 capture {"raw": "a5120200000000fc280224fdc9fe2e0000f5", "label": "D2 capture", "kind": "short", "opcode": "0x02", "frag_index": null, "checksum_ok": true, "declared_length": 18}
2026-09-27T21:09:05.917+00:00 RX a5120200000000fc280224fdc9fe2e0000f5 D2 capture {"raw": "a5120200000000fc280224fdc9fe2e0000f5", "label": "D2 capture", "kind": "short", "opcode": "0x02", "frag_index": null, "checksum_ok": true, "declared_length": 18}
2026-09-27T21:09:05.942+00:00 RX a5120200000000fc280224fdc9fe2e0000f5 D2 capture {"raw": "a5120200000000fc280224fdc9fe2e0000f5", "label": "D2 capture", "kind": "short", "opcode": "0x02", "frag_index": null, "checksum_ok": true, "declared_length": 18}
2026-09-27T21:09:05.942+00:00 RX a5120200000000fc280224fdc9fe2e0000f5 D2 capture {"raw": "a5120200000000fc280224fdc9fe2e0000f5", "label": "D2 capture", "kind": "short", "opcode": "0x02", "frag_index": null, "checksum_ok": true, "declared_length": 18}
2026-09-27T21:09:05.962+00:00 RX a5120200000000fc280224fdc9fe2e0000f5 D2 capture {"raw": "a5120200000000fc280224fdc9fe2e0000f5", "label": "D2 capture", "kind": "short", "opcode": "0x02", "frag_index": null, "checksum_ok": true, "declared_length": 18}
2026-09-27T21:09:05.977+00:00 RX a5120200000000fc280224fdc9fe2e0000f5 D2 capture {"raw": "a5120200000000fc280224fdc9fe2e0000f5", "label": "D2 capture", "kind": "short", "opcode": "0x02", "frag_index": null, "checksum_ok": true, "declared_length": 18}
2026-09-27T21:09:05.992+00:00 RX a5120200000000fc280224fdc9fe2e0000f5 D2 capture {"raw": "a5120200000000fc280224fdc9fe2e0000f5", "label": "D2 capture", "kind": "short", "opcode": "0x02", "frag_index": null, "checksum_ok": true, "declared_length": 18}
2026-09-27T21:09:06.007+00:00 RX a5120200000000fc280224fdc9fe2e0000f5 D2 capture {"raw": "a5120200000000fc280224fdc9fe2e0000f5", "label": "D2 capture", "kind": "short", "opcode": "0x02", "frag_index": null, "checksum_ok": true, "declared_length": 18}
2026-09-27T21:09:06.029+00:00 RX a5120200000000fc280224fdc9fe2e0000f5 D2 capture {"raw": "a5120200000000fc280224fdc9fe2e0000f5", "label": "D2 capture", "kind": "short", "opcode": "0x02", "frag_index": null, "checksum_ok": true, "declared_length": 18}
2026-09-27T21:09:06.044+00:00 RX a5120200000000fc280224fdc9fe2e0000f5 D2 capture {"raw": "a5120200000000fc280224fdc9fe2e0000f5", "label": "D2 capture", "kind": "short", "opcode": "0x02", "frag_index": null, "checksum_ok": true, "declared_length": 18}
2026-09-27T21:09:06.059+00:00 RX a5120200000000fc280224fdc9fe2e0000f5 D2 capture {"raw": "a5120200000000fc280224fdc9fe2e0000f5", "label": "D2 capture", "kind": "short", "opcode": "0x02", "frag_index": null, "checksum_ok": true, "declared_length": 18}
2026-09-27T21:09:06.075+00:00 RX a5120200000000fc280224fdc9fe2e0000f5 D2 capture {"raw": "a5120200000000fc280224fdc9fe2e0000f5", "label": "D2 capture", "kind": "short", "opcode": "0x02", "frag_index": null, "checksum_ok": true, "declared_length": 18}
2026-09-27T21:09:06.090+00:00 RX a5120200000000fc280224fdc9fe2e0000f5 D2 capture {"raw": "a5120200000000fc280224fdc9fe2e0000f5", "label": "D2 capture", "kind": "short", "opcode": "0x02", "frag_index": null, "checksum_ok": true, "declared_length": 18}
2026-09-27T21:09:06.113+00:00 RX a5120200000000fc280224fdc9fe2e0000f5 D2 capture {"raw": "a5120200000000fc280224fdc9fe2e0000f5", "label": "D2 capture", "kind": "short", "opcode": "0x02", "frag_index": null, "checksum_ok": true, "declared_length": 18}
2026-09-27T21:09:06.113+00:00 RX a5120200000000fc280224fdc9fe2e0000f5 D2 capture {"raw": "a5120200000000fc280224fdc9fe2e0000f5", "label": "D2 capture", "kind": "short", "opcode": "0x02", "frag_index": null, "checksum_ok": true, "declared_length": 18}
2026-09-27T21:09:06.151+00:00 RX a5120200000000fc280224fdc9fe2e0000f5 D2 capture {"raw": "a5120200000000fc280224fdc9fe2e0000f5", "label": "D2 capture", "kind": "short", "opcode": "0x02", "frag_index": null, "checksum_ok": true, "declared_length": 18}
2026-09-27T21:09:06.152+00:00 RX a5120200000000fc280224fdc9fe2e0000f5 D2 capture {"raw": "a5120200000000fc280224fdc9fe2e0000f5", "label": "D2 capture", "kind": "short", "opcode": "0x02", "frag_index": null, "checksum_ok": true, "declared_length": 18}
2026-09-27T21:09:06.173+00:00 RX a5120200000000fc280224fdc9fe2e0000f5 D2 capture {"raw": "a5120200000000fc280224fdc9fe2e0000f5", "label": "D2 capture", "kind": "short", "opcode": "0x02", "frag_index": null, "checksum_ok": true, "declared_length": 18}
2026-09-27T21:09:06.188+00:00 RX a5120200000000fc280224fdc9fe2e0000f5 D2 capture {"raw": "a5120200000000fc280224fdc9fe2e0000f5", "label": "D2 capture", "kind": "short", "opcode": "0x02", "frag_index": null, "checksum_ok": true, "declared_length": 18}
2026-09-27T21:09:06.204+00:00 RX a5120200000000fc280224fdc9fe2e0000f5 D2 capture {"raw": "a5120200000000fc280224fdc9fe2e0000f5", "label": "D2 capture", "kind": "short", "opcode": "0x02", "frag_index": null, "checksum_ok": true, "declared_length": 18}
2026-09-27T21:09:06.219+00:00 RX a5120200000000fc280224fdc9fe2e0000f5 D2 capture {"raw": "a5120200000000fc280224fdc9fe2e0000f5", "label": "D2 capture", "kind": "short", "opcode": "0x02", "frag_index": null, "checksum_ok": true, "declared_length": 18}
2026-09-27T21:09:06.241+00:00 RX a5120200000000fc280224fdc9fe2e0000f5 D2 capture {"raw": "a5120200000000fc280224fdc9fe2e0000f5", "label": "D2 capture", "kind": "short", "opcode": "0x02", "frag_index": null, "checksum_ok": true, "declared_length": 18}
2026-09-27T21:09:06.256+00:00 RX a5120200000000fc280224fdc9fe2e0000f5 D2 capture {"raw": "a5120200000000fc280224fdc9fe2e0000f5", "label": "D2 capture", "kind": "short", "opcode": "0x02", "frag_index": null, "checksum_ok": true, "declared_length": 18}
2026-09-27T21:09:06.270+00:00 RX a5120200000000fc280224fdc9fe2e0000f5 D2 capture {"raw": "a5120200000000fc280224fdc9fe2e0000f5", "label": "D2 capture", "kind": "short", "opcode": "0x02", "frag_index": null, "checksum_ok": true, "declared_length": 18}
2026-09-27T21:09:06.285+00:00 RX a5120200000000fc280224fdc9fe2e0000f5 D2 capture {"raw": "a5120200000000fc280224fdc9fe2e0000f5", "label": "D2 capture", "kind": "short", "opcode": "0x02", "frag_index": null, "checksum_ok": true, "declared_length": 18}
2026-09-27T21:09:06.301+00:00 RX a5120200000000fc280224fdc9fe2e0000f5 D2 capture {"raw": "a5120200000000fc280224fdc9fe2e0000f5", "label": "D2 capture", "kind": "short", "opcode": "0x02", "frag_index": null, "checksum_ok": true, "declared_length": 18}
2026-09-27T21:09:06.314+00:00 RX a5120200000000fc280224fdc9fe2e0000f5 D2 capture {"raw": "a5120200000000fc280224fdc9fe2e0000f5", "label": "D2 capture", "kind": "short", "opcode": "0x02", "frag_index": null, "checksum_ok": true, "declared_length": 18}
2026-09-27T21:09:06.329+00:00 RX a5120200000000fc280224fdc9fe2e0000f5 D2 capture {"raw": "a5120200000000fc280224fdc9fe2e0000f5", "label": "D2 capture", "kind": "short", "opcode": "0x02", "frag_index": null, "checksum_ok": true, "declared_length": 18}
2026-09-27T21:09:06.344+00:00 RX a5120200000000fc280224fdc9fe2e0000f5 D2 capture {"raw": "a5120200000000fc280224fdc9fe2e0000f5", "label": "D2 capture", "kind": "short", "opcode": "0x02", "frag_index": null, "checksum_ok": true, "declared_length": 18}
2026-09-27T21:09:06.370+00:00 RX a5120200000000fc280224fdc9fe2e0000f5 D2 capture {"raw": "a5120200000000fc280224fdc9fe2e0000f5", "label": "D2 capture", "kind": "short", "opcode": "0x02", "frag_index": null, "checksum_ok": true, "declared_length": 18}
2026-09-27T21:09:06.383+00:00 RX a5120200000000fc280224fdc9fe2e0000f5 D2 capture {"raw": "a5120200000000fc280224fdc9fe2e0000f5", "label": "D2 capture", "kind": "short", "opcode": "0x02", "frag_index": null, "checksum_ok": true, "declared_length": 18}
2026-09-27T21:09:06.398+00:00 RX a5120200000000fc280224fdc9fe2e0000f5 D2 capture {"raw": "a5120200000000fc280224fdc9fe2e0000f5", "label": "D2 capture", "kind": "short", "opcode": "0x02", "frag_index": null, "checksum_ok": true, "declared_length": 18}
2026-09-27T21:09:06.414+00:00 RX a5120200000000fc280224fdc9fe2e0000f5 D2 capture {"raw": "a5120200000000fc280224fdc9fe2e0000f5", "label": "D2 capture", "kind": "short", "opcode": "0x02", "frag_index": null, "checksum_ok": true, "declared_length": 18}
2026-09-27T21:09:06.428+00:00 RX a5120200000000fc280224fdc9fe2e0000f5 D2 capture {"raw": "a5120200000000fc280224fdc9fe2e0000f5", "label": "D2 capture", "kind": "short", "opcode": "0x02", "frag_index": null, "checksum_ok": true, "declared_length": 18}
2026-09-27T21:09:06.443+00:00 RX a5120200000000fc280224fdc9fe2e0000f5 D2 capture {"raw": "a5120200000000fc280224fdc9fe2e0000f5", "label": "D2 capture", "kind": "short", "opcode": "0x02", "frag_index": null, "checksum_ok": true, "declared_length": 18}
2026-09-27T21:09:06.459+00:00 RX a5120200000000fc280224fdc9fe2e0000f5 D2 capture {"raw": "a5120200000000fc280224fdc9fe2e0000f5", "label": "D2 capture", "kind": "short", "opcode": "0x02", "frag_index": null, "checksum_ok": true, "declared_length": 18}
2026-09-27T21:09:06.481+00:00 RX a5120200000000fc280224fdc9fe2e0000f5 D2 capture {"raw": "a5120200000000fc280224fdc9fe2e0000f5", "label": "D2 capture", "kind": "short", "opcode": "0x02", "frag_index": null, "checksum_ok": true, "declared_length": 18}
2026-09-27T21:09:06.494+00:00 RX a5120200000000fc280224fdc9fe2e0000f5 D2 capture {"raw": "a5120200000000fc280224fdc9fe2e0000f5", "label": "D2 capture", "kind": "short", "opcode": "0x02", "frag_index": null, "checksum_ok": true, "declared_length": 18}
2026-09-27T21:09:06.512+00:00 RX a5120200000000fc280224fdc9fe2e0000f5 D2 capture {"raw": "a5120200000000fc280224fdc9fe2e0000f5", "label": "D2 capture", "kind": "short", "opcode": "0x02", "frag_index": null, "checksum_ok": true, "declared_length": 18}
2026-09-27T21:09:06.526+00:00 RX a5120200000000fc280224fdc9fe2e0000f5 D2 capture {"raw": "a5120200000000fc280224fdc9fe2e0000f5", "label": "D2 capture", "kind": "short", "opcode": "0x02", "frag_index": null, "checksum_ok": true, "declared_length": 18}
2026-09-27T21:09:06.540+00:00 RX a5120200000000fc280224fdc9fe2e0000f5 D2 capture {"raw": "a5120200000000fc280224fdc9fe2e0000f5", "label": "D2 capture", "kind": "short", "opcode": "0x02", "frag_index": null, "checksum_ok": true, "declared_length": 18}
2026-09-27T21:09:06.554+00:00 RX a5120200000000fc280224fdc9fe2e0000f5 D2 capture {"raw": "a5120200000000fc280224fdc9fe2e0000f5", "label": "D2 capture", "kind": "short", "opcode": "0x02", "frag_index": null, "checksum_ok": true, "declared_length": 18}
2026-09-27T21:09:06.569+00:00 RX a5120200000000fc280224fdc9fe2e0000f5 D2 capture {"raw": "a5120200000000fc280224fdc9fe2e0000f5", "label": "D2 capture", "kind": "short", "opcode": "0x02", "frag_index": null, "checksum_ok": true, "declared_length": 18}
2026-09-27T21:09:06.593+00:00 RX a5120200000000fc280224fdc9fe2e0000f5 D2 capture {"raw": "a5120200000000fc280224fdc9fe2e0000f5", "label": "D2 capture", "kind": "short", "opcode": "0x02", "frag_index": null, "checksum_ok": true, "declared_length": 18}
2026-09-27T21:09:06.607+00:00 RX a5120200000000fc280224fdc9fe2e0000f5 D2 capture {"raw": "a5120200000000fc280224fdc9fe2e0000f5", "label": "D2 capture", "kind": "short", "opcode": "0x02", "frag_index": null, "checksum_ok": true, "declared_length": 18}
2026-09-27T21:09:06.622+00:00 RX a5120200000000fc280224fdc9fe2e0000f5 D2 capture {"raw": "a5120200000000fc280224fdc9fe2e0000f5", "label": "D2 capture", "kind": "short", "opcode": "0x02", "frag_index": null, "checksum_ok": true, "declared_length": 18}
2026-09-27T21:09:06.638+00:00 RX a5120200000000fc280224fdc9fe2e0000f5 D2 capture {"raw": "a5120200000000fc280224fdc9fe2e0000f5", "label": "D2 capture", "kind": "short", "opcode": "0x02", "frag_index": null, "checksum_ok": true, "declared_length": 18}
2026-09-27T21:09:06.656+00:00 RX a5120200000000fc280224fdc9fe2e0000f5 D2 capture {"raw": "a5120200000000fc280224fdc9fe2e0000f5", "label": "D2 capture", "kind": "short", "opcode": "0x02", "frag_index": null, "checksum_ok": true, "declared_length": 18}
2026-09-27T21:09:06.669+00:00 RX a5120200000000fc280224fdc9fe2e0000f5 D2 capture {"raw": "a5120200000000fc280224fdc9fe2e0000f5", "label": "D2 capture", "kind": "short", "opcode": "0x02", "frag_index": null, "checksum_ok": true, "declared_length": 18}
2026-09-27T21:09:06.684+00:00 RX a5120200000000fc280224fdc9fe2e0000f5 D2 capture {"raw": "a5120200000000fc280224fdc9fe2e0000f5", "label": "D2 capture", "kind": "short", "opcode": "0x02", "frag_index": null, "checksum_ok": true, "declared_length": 18}
2026-09-27T21:09:06.699+00:00 RX a5120200000000fc280224fdc9fe2e0000f5 D2 capture {"raw": "a5120200000000fc280224fdc9fe2e0000f5", "label": "D2 capture", "kind": "short", "opcode": "0x02", "frag_index": null, "checksum_ok": true, "declared_length": 18}
2026-09-27T21:09:06.721+00:00 RX a5120200000000fc280224fdc9fe2e0000f5 D2 capture {"raw": "a5120200000000fc280224fdc9fe2e0000f5", "label": "D2 capture", "kind": "short", "opcode": "0x02", "frag_index": null, "checksum_ok": true, "declared_length": 18}
2026-09-27T21:09:06.736+00:00 RX a5120200000000fc280224fdc9fe2e0000f5 D2 capture {"raw": "a5120200000000fc280224fdc9fe2e0000f5", "label": "D2 capture", "kind": "short", "opcode": "0x02", "frag_index": null, "checksum_ok": true, "declared_length": 18}
2026-09-27T21:09:06.751+00:00 RX a5120200000000fc280224fdc9fe2e0000f5 D2 capture {"raw": "a5120200000000fc280224fdc9fe2e0000f5", "label": "D2 capture", "kind": "short", "opcode": "0x02", "frag_index": null, "checksum_ok": true, "declared_length": 18}
2026-09-27T21:09:06.765+00:00 RX a5120200000000fc280224fdc9fe2e0000f5 D2 capture {"raw": "a5120200000000fc280224fdc9fe2e0000f5", "label": "D2 capture", "kind": "short", "opcode": "0x02", "frag_index": null, "checksum_ok": true, "declared_length": 18}
2026-09-27T21:09:06.780+00:00 RX a5120200000000fc280224fdc9fe2e0000f5 D2 capture {"raw": "a5120200000000fc280224fdc9fe2e0000f5", "label": "D2 capture", "kind": "short", "opcode": "0x02", "frag_index": null, "checksum_ok": true, "declared_length": 18}
2026-09-27T21:09:06.797+00:00 RX a5120200000000fc280224fdc9fe2e0000f5 D2 capture {"raw": "a5120200000000fc280224fdc9fe2e0000f5", "label": "D2 capture", "kind": "short", "opcode": "0x02", "frag_index": null, "checksum_ok": true, "declared_length": 18}
2026-09-27T21:09:06.810+00:00 RX a5120200000000fc280224fdc9fe2e0000f5 D2 capture {"raw": "a5120200000000fc280224fdc9fe2e0000f5", "label": "D2 capture", "kind": "short", "opcode": "0x02", "frag_index": null, "checksum_ok": true, "declared_length": 18}
2026-09-27T21:09:06.833+00:00 RX a5120200000000fc280224fdc9fe2e0000f5 D2 capture {"raw": "a5120200000000fc280224fdc9fe2e0000f5", "label": "D2 capture", "kind": "short", "opcode": "0x02", "frag_index": null, "checksum_ok": true, "declared_length": 18}
2026-09-27T21:09:06.847+00:00 RX a5120200000000fc280224fdc9fe2e0000f5 D2 capture {"raw": "a5120200000000fc280224fdc9fe2e0000f5", "label": "D2 capture", "kind": "short", "opcode": "0x02", "frag_index": null, "checksum_ok": true, "declared_length": 18}
2026-09-27T21:09:09.909+00:00 RX a5120200040000fc280224fdc9fe2e0000f9 D2 capture {"raw": "a5120200040000fc280224fdc9fe2e0000f9", "label": "D2 capture", "kind": "short", "opcode": "0x02", "frag_index": null, "checksum_ok": true, "declared_length": 18}
2026-09-27T21:09:09.930+00:00 RX a5120200040000fc280224fdc9fe2e0000f9 D2 capture {"raw": "a5120200040000fc280224fdc9fe2e0000f9", "label": "D2 capture", "kind": "short", "opcode": "0x02", "frag_index": null, "checksum_ok": true, "declared_length": 18}
2026-09-27T21:09:09.930+00:00 RX a5120200040000fc280224fdc9fe2e0000f9 D2 capture {"raw": "a5120200040000fc280224fdc9fe2e0000f9", "label": "D2 capture", "kind": "short", "opcode": "0x02", "frag_index": null, "checksum_ok": true, "declared_length": 18}
2026-09-27T21:09:09.952+00:00 RX a5120200040000fc280224fdc9fe2e0000f9 D2 capture {"raw": "a5120200040000fc280224fdc9fe2e0000f9", "label": "D2 capture", "kind": "short", "opcode": "0x02", "frag_index": null, "checksum_ok": true, "declared_length": 18}
2026-09-27T21:09:09.974+00:00 RX a5120200040000fc280224fdc9fe2e0000f9 D2 capture {"raw": "a5120200040000fc280224fdc9fe2e0000f9", "label": "D2 capture", "kind": "short", "opcode": "0x02", "frag_index": null, "checksum_ok": true, "declared_length": 18}
2026-09-27T21:09:09.990+00:00 RX a5120200040000fc280224fdc9fe2e0000f9 D2 capture {"raw": "a5120200040000fc280224fdc9fe2e0000f9", "label": "D2 capture", "kind": "short", "opcode": "0x02", "frag_index": null, "checksum_ok": true, "declared_length": 18}
2026-09-27T21:09:10.005+00:00 RX a5120200040000fc280224fdc9fe2e0000f9 D2 capture {"raw": "a5120200040000fc280224fdc9fe2e0000f9", "label": "D2 capture", "kind": "short", "opcode": "0x02", "frag_index": null, "checksum_ok": true, "declared_length": 18}
2026-09-27T21:09:10.022+00:00 RX a5120200040000fc280224fdc9fe2e0000f9 D2 capture {"raw": "a5120200040000fc280224fdc9fe2e0000f9", "label": "D2 capture", "kind": "short", "opcode": "0x02", "frag_index": null, "checksum_ok": true, "declared_length": 18}
2026-09-27T21:09:10.043+00:00 RX a5120200040000fc280224fdc9fe2e0000f9 D2 capture {"raw": "a5120200040000fc280224fdc9fe2e0000f9", "label": "D2 capture", "kind": "short", "opcode": "0x02", "frag_index": null, "checksum_ok": true, "declared_length": 18}
2026-09-27T21:09:10.044+00:00 RX a5120200040000fc280224fdc9fe2e0000f9 D2 capture {"raw": "a5120200040000fc280224fdc9fe2e0000f9", "label": "D2 capture", "kind": "short", "opcode": "0x02", "frag_index": null, "checksum_ok": true, "declared_length": 18}
2026-09-27T21:09:10.064+00:00 RX a5120200040000fc280224fdc9fe2e0000f9 D2 capture {"raw": "a5120200040000fc280224fdc9fe2e0000f9", "label": "D2 capture", "kind": "short", "opcode": "0x02", "frag_index": null, "checksum_ok": true, "declared_length": 18}
2026-09-27T21:09:10.081+00:00 RX a5120200040000fc280224fdc9fe2e0000f9 D2 capture {"raw": "a5120200040000fc280224fdc9fe2e0000f9", "label": "D2 capture", "kind": "short", "opcode": "0x02", "frag_index": null, "checksum_ok": true, "declared_length": 18}
2026-09-27T21:09:10.104+00:00 RX a5120200040000fc280224fdc9fe2e0000f9 D2 capture {"raw": "a5120200040000fc280224fdc9fe2e0000f9", "label": "D2 capture", "kind": "short", "opcode": "0x02", "frag_index": null, "checksum_ok": true, "declared_length": 18}
2026-09-27T21:09:10.117+00:00 RX a5120200040000fc280224fdc9fe2e0000f9 D2 capture {"raw": "a5120200040000fc280224fdc9fe2e0000f9", "label": "D2 capture", "kind": "short", "opcode": "0x02", "frag_index": null, "checksum_ok": true, "declared_length": 18}
2026-09-27T21:09:10.132+00:00 RX a5120200040000fc280224fdc9fe2e0000f9 D2 capture {"raw": "a5120200040000fc280224fdc9fe2e0000f9", "label": "D2 capture", "kind": "short", "opcode": "0x02", "frag_index": null, "checksum_ok": true, "declared_length": 18}
2026-09-27T21:09:10.148+00:00 RX a5120200040000fc280224fdc9fe2e0000f9 D2 capture {"raw": "a5120200040000fc280224fdc9fe2e0000f9", "label": "D2 capture", "kind": "short", "opcode": "0x02", "frag_index": null, "checksum_ok": true, "declared_length": 18}
2026-09-27T21:09:10.170+00:00 RX a5120200040000fc280224fdc9fe2e0000f9 D2 capture {"raw": "a5120200040000fc280224fdc9fe2e0000f9", "label": "D2 capture", "kind": "short", "opcode": "0x02", "frag_index": null, "checksum_ok": true, "declared_length": 18}
2026-09-27T21:09:10.170+00:00 RX a5120200040000fc280224fdc9fe2e0000f9 D2 capture {"raw": "a5120200040000fc280224fdc9fe2e0000f9", "label": "D2 capture", "kind": "short", "opcode": "0x02", "frag_index": null, "checksum_ok": true, "declared_length": 18}
2026-09-27T21:09:10.193+00:00 RX a5120200040000fc280224fdc9fe2e0000f9 D2 capture {"raw": "a5120200040000fc280224fdc9fe2e0000f9", "label": "D2 capture", "kind": "short", "opcode": "0x02", "frag_index": null, "checksum_ok": true, "declared_length": 18}
2026-09-27T21:09:10.209+00:00 RX a5120200040000fc280224fdc9fe2e0000f9 D2 capture {"raw": "a5120200040000fc280224fdc9fe2e0000f9", "label": "D2 capture", "kind": "short", "opcode": "0x02", "frag_index": null, "checksum_ok": true, "declared_length": 18}
2026-09-27T21:09:10.222+00:00 RX a5120200040000fc280224fdc9fe2e0000f9 D2 capture {"raw": "a5120200040000fc280224fdc9fe2e0000f9", "label": "D2 capture", "kind": "short", "opcode": "0x02", "frag_index": null, "checksum_ok": true, "declared_length": 18}
2026-09-27T21:09:10.237+00:00 RX a5120200040000fc280224fdc9fe2e0000f9 D2 capture {"raw": "a5120200040000fc280224fdc9fe2e0000f9", "label": "D2 capture", "kind": "short", "opcode": "0x02", "frag_index": null, "checksum_ok": true, "declared_length": 18}
2026-09-27T21:09:10.252+00:00 RX a5120200040000fc280224fdc9fe2e0000f9 D2 capture {"raw": "a5120200040000fc280224fdc9fe2e0000f9", "label": "D2 capture", "kind": "short", "opcode": "0x02", "frag_index": null, "checksum_ok": true, "declared_length": 18}
2026-09-27T21:09:10.269+00:00 RX a5120200040000fc280224fdc9fe2e0000f9 D2 capture {"raw": "a5120200040000fc280224fdc9fe2e0000f9", "label": "D2 capture", "kind": "short", "opcode": "0x02", "frag_index": null, "checksum_ok": true, "declared_length": 18}
2026-09-27T21:09:10.282+00:00 RX a5120200040000fc280224fdc9fe2e0000f9 D2 capture {"raw": "a5120200040000fc280224fdc9fe2e0000f9", "label": "D2 capture", "kind": "short", "opcode": "0x02", "frag_index": null, "checksum_ok": true, "declared_length": 18}
2026-09-27T21:09:10.298+00:00 RX a5120200040000fc280224fdc9fe2e0000f9 D2 capture {"raw": "a5120200040000fc280224fdc9fe2e0000f9", "label": "D2 capture", "kind": "short", "opcode": "0x02", "frag_index": null, "checksum_ok": true, "declared_length": 18}
2026-09-27T21:09:10.313+00:00 RX a5120200040000fc280224fdc9fe2e0000f9 D2 capture {"raw": "a5120200040000fc280224fdc9fe2e0000f9", "label": "D2 capture", "kind": "short", "opcode": "0x02", "frag_index": null, "checksum_ok": true, "declared_length": 18}
2026-09-27T21:09:10.332+00:00 RX a5120200040000fc280224fdc9fe2e0000f9 D2 capture {"raw": "a5120200040000fc280224fdc9fe2e0000f9", "label": "D2 capture", "kind": "short", "opcode": "0x02", "frag_index": null, "checksum_ok": true, "declared_length": 18}
2026-09-27T21:09:10.344+00:00 RX a5120200040000fc280224fdc9fe2e0000f9 D2 capture {"raw": "a5120200040000fc280224fdc9fe2e0000f9", "label": "D2 capture", "kind": "short", "opcode": "0x02", "frag_index": null, "checksum_ok": true, "declared_length": 18}
2026-09-27T21:09:10.359+00:00 RX a5120200040000fc280224fdc9fe2e0000f9 D2 capture {"raw": "a5120200040000fc280224fdc9fe2e0000f9", "label": "D2 capture", "kind": "short", "opcode": "0x02", "frag_index": null, "checksum_ok": true, "declared_length": 18}
2026-09-27T21:09:10.373+00:00 RX a5120200040000fc280224fdc9fe2e0000f9 D2 capture {"raw": "a5120200040000fc280224fdc9fe2e0000f9", "label": "D2 capture", "kind": "short", "opcode": "0x02", "frag_index": null, "checksum_ok": true, "declared_length": 18}
2026-09-27T21:09:10.388+00:00 RX a5120200040000fc280224fdc9fe2e0000f9 D2 capture {"raw": "a5120200040000fc280224fdc9fe2e0000f9", "label": "D2 capture", "kind": "short", "opcode": "0x02", "frag_index": null, "checksum_ok": true, "declared_length": 18}
2026-09-27T21:09:10.402+00:00 RX a5120200040000fc280224fdc9fe2e0000f9 D2 capture {"raw": "a5120200040000fc280224fdc9fe2e0000f9", "label": "D2 capture", "kind": "short", "opcode": "0x02", "frag_index": null, "checksum_ok": true, "declared_length": 18}
2026-09-27T21:09:10.423+00:00 RX a5120200040000fc280224fdc9fe2e0000f9 D2 capture {"raw": "a5120200040000fc280224fdc9fe2e0000f9", "label": "D2 capture", "kind": "short", "opcode": "0x02", "frag_index": null, "checksum_ok": true, "declared_length": 18}
2026-09-27T21:09:10.433+00:00 RX a5120200040000fc280224fdc9fe2e0000f9 D2 capture {"raw": "a5120200040000fc280224fdc9fe2e0000f9", "label": "D2 capture", "kind": "short", "opcode": "0x02", "frag_index": null, "checksum_ok": true, "declared_length": 18}
2026-09-27T21:09:10.449+00:00 RX a5120200040000fc280224fdc9fe2e0000f9 D2 capture {"raw": "a5120200040000fc280224fdc9fe2e0000f9", "label": "D2 capture", "kind": "short", "opcode": "0x02", "frag_index": null, "checksum_ok": true, "declared_length": 18}
2026-09-27T21:09:10.462+00:00 RX a5120200040000fc280224fdc9fe2e0000f9 D2 capture {"raw": "a5120200040000fc280224fdc9fe2e0000f9", "label": "D2 capture", "kind": "short", "opcode": "0x02", "frag_index": null, "checksum_ok": true, "declared_length": 18}
2026-09-27T21:09:10.477+00:00 RX a5120200040000fc280224fdc9fe2e0000f9 D2 capture {"raw": "a5120200040000fc280224fdc9fe2e0000f9", "label": "D2 capture", "kind": "short", "opcode": "0x02", "frag_index": null, "checksum_ok": true, "declared_length": 18}
2026-09-27T21:09:10.492+00:00 RX a5120200040000fc280224fdc9fe2e0000f9 D2 capture {"raw": "a5120200040000fc280224fdc9fe2e0000f9", "label": "D2 capture", "kind": "short", "opcode": "0x02", "frag_index": null, "checksum_ok": true, "declared_length": 18}
2026-09-27T21:09:10.507+00:00 RX a5120200040000fc280224fdc9fe2e0000f9 D2 capture {"raw": "a5120200040000fc280224fdc9fe2e0000f9", "label": "D2 capture", "kind": "short", "opcode": "0x02", "frag_index": null, "checksum_ok": true, "declared_length": 18}
2026-09-27T21:09:10.522+00:00 RX a5120200040000fc280224fdc9fe2e0000f9 D2 capture {"raw": "a5120200040000fc280224fdc9fe2e0000f9", "label": "D2 capture", "kind": "short", "opcode": "0x02", "frag_index": null, "checksum_ok": true, "declared_length": 18}
2026-09-27T21:09:10.538+00:00 RX a5120200040000fc280224fdc9fe2e0000f9 D2 capture {"raw": "a5120200040000fc280224fdc9fe2e0000f9", "label": "D2 capture", "kind": "short", "opcode": "0x02", "frag_index": null, "checksum_ok": true, "declared_length": 18}
2026-09-27T21:09:10.562+00:00 RX a5120200040000fc280224fdc9fe2e0000f9 D2 capture {"raw": "a5120200040000fc280224fdc9fe2e0000f9", "label": "D2 capture", "kind": "short", "opcode": "0x02", "frag_index": null, "checksum_ok": true, "declared_length": 18}
2026-09-27T21:09:10.576+00:00 RX a5120200040000fc280224fdc9fe2e0000f9 D2 capture {"raw": "a5120200040000fc280224fdc9fe2e0000f9", "label": "D2 capture", "kind": "short", "opcode": "0x02", "frag_index": null, "checksum_ok": true, "declared_length": 18}
2026-09-27T21:09:10.592+00:00 RX a5120200040000fc280224fdc9fe2e0000f9 D2 capture {"raw": "a5120200040000fc280224fdc9fe2e0000f9", "label": "D2 capture", "kind": "short", "opcode": "0x02", "frag_index": null, "checksum_ok": true, "declared_length": 18}
2026-09-27T21:09:10.607+00:00 RX a5120200040000fc280224fdc9fe2e0000f9 D2 capture {"raw": "a5120200040000fc280224fdc9fe2e0000f9", "label": "D2 capture", "kind": "short", "opcode": "0x02", "frag_index": null, "checksum_ok": true, "declared_length": 18}
2026-09-27T21:09:10.622+00:00 RX a5120200040000fc280224fdc9fe2e0000f9 D2 capture {"raw": "a5120200040000fc280224fdc9fe2e0000f9", "label": "D2 capture", "kind": "short", "opcode": "0x02", "frag_index": null, "checksum_ok": true, "declared_length": 18}
2026-09-27T21:09:10.637+00:00 RX a5120200040000fc280224fdc9fe2e0000f9 D2 capture {"raw": "a5120200040000fc280224fdc9fe2e0000f9", "label": "D2 capture", "kind": "short", "opcode": "0x02", "frag_index": null, "checksum_ok": true, "declared_length": 18}
2026-09-27T21:09:10.651+00:00 RX a5120200040000fc280224fdc9fe2e0000f9 D2 capture {"raw": "a5120200040000fc280224fdc9fe2e0000f9", "label": "D2 capture", "kind": "short", "opcode": "0x02", "frag_index": null, "checksum_ok": true, "declared_length": 18}
2026-09-27T21:09:10.666+00:00 RX a5120200040000fc280224fdc9fe2e0000f9 D2 capture {"raw": "a5120200040000fc280224fdc9fe2e0000f9", "label": "D2 capture", "kind": "short", "opcode": "0x02", "frag_index": null, "checksum_ok": true, "declared_length": 18}
2026-09-27T21:09:10.679+00:00 RX a5120200040000fc280224fdc9fe2e0000f9 D2 capture {"raw": "a5120200040000fc280224fdc9fe2e0000f9", "label": "D2 capture", "kind": "short", "opcode": "0x02", "frag_index": null, "checksum_ok": true, "declared_length": 18}
2026-09-27T21:09:10.704+00:00 RX a5120200040000fc280224fdc9fe2e0000f9 D2 capture {"raw": "a5120200040000fc280224fdc9fe2e0000f9", "label": "D2 capture", "kind": "short", "opcode": "0x02", "frag_index": null, "checksum_ok": true, "declared_length": 18}
2026-09-27T21:09:10.719+00:00 RX a5120200040000fc280224fdc9fe2e0000f9 D2 capture {"raw": "a5120200040000fc280224fdc9fe2e0000f9", "label": "D2 capture", "kind": "short", "opcode": "0x02", "frag_index": null, "checksum_ok": true, "declared_length": 18}
2026-09-27T21:09:10.733+00:00 RX a5120200000000fc280224fdc9fe2e0000f5 D2 capture {"raw": "a5120200000000fc280224fdc9fe2e0000f5", "label": "D2 capture", "kind": "short", "opcode": "0x02", "frag_index": null, "checksum_ok": true, "declared_length": 18}
2026-09-27T21:09:10.754+00:00 RX a5120200000000fc280224fdc9fe2e0000f5 D2 capture {"raw": "a5120200000000fc280224fdc9fe2e0000f5", "label": "D2 capture", "kind": "short", "opcode": "0x02", "frag_index": null, "checksum_ok": true, "declared_length": 18}
2026-09-27T21:09:10.755+00:00 RX a5120200000000fc280224fdc9fe2e0000f5 D2 capture {"raw": "a5120200000000fc280224fdc9fe2e0000f5", "label": "D2 capture", "kind": "short", "opcode": "0x02", "frag_index": null, "checksum_ok": true, "declared_length": 18}
2026-09-27T21:09:10.779+00:00 RX a5120200000000fc280224fdc9fe2e0000f5 D2 capture {"raw": "a5120200000000fc280224fdc9fe2e0000f5", "label": "D2 capture", "kind": "short", "opcode": "0x02", "frag_index": null, "checksum_ok": true, "declared_length": 18}
2026-09-27T21:09:10.792+00:00 RX a5120200000000fc280224fdc9fe2e0000f5 D2 capture {"raw": "a5120200000000fc280224fdc9fe2e0000f5", "label": "D2 capture", "kind": "short", "opcode": "0x02", "frag_index": null, "checksum_ok": true, "declared_length": 18}
2026-09-27T21:09:10.807+00:00 RX a5120200000000fc280224fdc9fe2e0000f5 D2 capture {"raw": "a5120200000000fc280224fdc9fe2e0000f5", "label": "D2 capture", "kind": "short", "opcode": "0x02", "frag_index": null, "checksum_ok": true, "declared_length": 18}
2026-09-27T21:09:10.824+00:00 RX a5120200000000fc280224fdc9fe2e0000f5 D2 capture {"raw": "a5120200000000fc280224fdc9fe2e0000f5", "label": "D2 capture", "kind": "short", "opcode": "0x02", "frag_index": null, "checksum_ok": true, "declared_length": 18}
2026-09-27T21:09:10.838+00:00 RX a5120200000000fc280224fdc9fe2e0000f5 D2 capture {"raw": "a5120200000000fc280224fdc9fe2e0000f5", "label": "D2 capture", "kind": "short", "opcode": "0x02", "frag_index": null, "checksum_ok": true, "declared_length": 18}
2026-09-27T21:09:10.853+00:00 RX a5120200000000fc280224fdc9fe2e0000f5 D2 capture {"raw": "a5120200000000fc280224fdc9fe2e0000f5", "label": "D2 capture", "kind": "short", "opcode": "0x02", "frag_index": null, "checksum_ok": true, "declared_length": 18}
2026-09-27T21:09:10.868+00:00 RX a5120200000000fc280224fdc9fe2e0000f5 D2 capture {"raw": "a5120200000000fc280224fdc9fe2e0000f5", "label": "D2 capture", "kind": "short", "opcode": "0x02", "frag_index": null, "checksum_ok": true, "declared_length": 18}
2026-09-27T21:09:10.886+00:00 RX a5120200000000fc280224fdc9fe2e0000f5 D2 capture {"raw": "a5120200000000fc280224fdc9fe2e0000f5", "label": "D2 capture", "kind": "short", "opcode": "0x02", "frag_index": null, "checksum_ok": true, "declared_length": 18}
2026-09-27T21:09:10.898+00:00 RX a5120200000000fc280224fdc9fe2e0000f5 D2 capture {"raw": "a5120200000000fc280224fdc9fe2e0000f5", "label": "D2 capture", "kind": "short", "opcode": "0x02", "frag_index": null, "checksum_ok": true, "declared_length": 18}
2026-09-27T21:09:10.913+00:00 RX a5120200000000fc280224fdc9fe2e0000f5 D2 capture {"raw": "a5120200000000fc280224fdc9fe2e0000f5", "label": "D2 capture", "kind": "short", "opcode": "0x02", "frag_index": null, "checksum_ok": true, "declared_length": 18}
2026-09-27T21:09:10.929+00:00 RX a5120200000000fc280224fdc9fe2e0000f5 D2 capture {"raw": "a5120200000000fc280224fdc9fe2e0000f5", "label": "D2 capture", "kind": "short", "opcode": "0x02", "frag_index": null, "checksum_ok": true, "declared_length": 18}
2026-09-27T21:09:10.944+00:00 RX a5120200000000fc280224fdc9fe2e0000f5 D2 capture {"raw": "a5120200000000fc280224fdc9fe2e0000f5", "label": "D2 capture", "kind": "short", "opcode": "0x02", "frag_index": null, "checksum_ok": true, "declared_length": 18}
2026-09-27T21:09:10.958+00:00 RX a5120200000000fc280224fdc9fe2e0000f5 D2 capture {"raw": "a5120200000000fc280224fdc9fe2e0000f5", "label": "D2 capture", "kind": "short", "opcode": "0x02", "frag_index": null, "checksum_ok": true, "declared_length": 18}
2026-09-27T21:09:10.973+00:00 RX a5120200000000fc280224fdc9fe2e0000f5 D2 capture {"raw": "a5120200000000fc280224fdc9fe2e0000f5", "label": "D2 capture", "kind": "short", "opcode": "0x02", "frag_index": null, "checksum_ok": true, "declared_length": 18}
2026-09-27T21:09:10.995+00:00 RX a5120200000000fc280224fdc9fe2e0000f5 D2 capture {"raw": "a5120200000000fc280224fdc9fe2e0000f5", "label": "D2 capture", "kind": "short", "opcode": "0x02", "frag_index": null, "checksum_ok": true, "declared_length": 18}
2026-09-27T21:09:10.996+00:00 RX a5120200000000fc280224fdc9fe2e0000f5 D2 capture {"raw": "a5120200000000fc280224fdc9fe2e0000f5", "label": "D2 capture", "kind": "short", "opcode": "0x02", "frag_index": null, "checksum_ok": true, "declared_length": 18}
2026-09-27T21:09:11.017+00:00 RX a5120200000000fc280224fdc9fe2e0000f5 D2 capture {"raw": "a5120200000000fc280224fdc9fe2e0000f5", "label": "D2 capture", "kind": "short", "opcode": "0x02", "frag_index": null, "checksum_ok": true, "declared_length": 18}
2026-09-27T21:09:11.032+00:00 RX a5120200000000fc280224fdc9fe2e0000f5 D2 capture {"raw": "a5120200000000fc280224fdc9fe2e0000f5", "label": "D2 capture", "kind": "short", "opcode": "0x02", "frag_index": null, "checksum_ok": true, "declared_length": 18}
2026-09-27T21:09:11.056+00:00 RX a5120200000000fc280224fdc9fe2e0000f5 D2 capture {"raw": "a5120200000000fc280224fdc9fe2e0000f5", "label": "D2 capture", "kind": "short", "opcode": "0x02", "frag_index": null, "checksum_ok": true, "declared_length": 18}
2026-09-27T21:09:11.056+00:00 RX a5120200000000fc280224fdc9fe2e0000f5 D2 capture {"raw": "a5120200000000fc280224fdc9fe2e0000f5", "label": "D2 capture", "kind": "short", "opcode": "0x02", "frag_index": null, "checksum_ok": true, "declared_length": 18}
2026-09-27T21:09:11.077+00:00 RX a5120200000000fc280224fdc9fe2e0000f5 D2 capture {"raw": "a5120200000000fc280224fdc9fe2e0000f5", "label": "D2 capture", "kind": "short", "opcode": "0x02", "frag_index": null, "checksum_ok": true, "declared_length": 18}
2026-09-27T21:09:11.092+00:00 RX a5120200000000fc280224fdc9fe2e0000f5 D2 capture {"raw": "a5120200000000fc280224fdc9fe2e0000f5", "label": "D2 capture", "kind": "short", "opcode": "0x02", "frag_index": null, "checksum_ok": true, "declared_length": 18}
2026-09-27T21:09:11.108+00:00 RX a5120200000000fc280224fdc9fe2e0000f5 D2 capture {"raw": "a5120200000000fc280224fdc9fe2e0000f5", "label": "D2 capture", "kind": "short", "opcode": "0x02", "frag_index": null, "checksum_ok": true, "declared_length": 18}
2026-09-27T21:09:11.123+00:00 RX a5120200000000fc280224fdc9fe2e0000f5 D2 capture {"raw": "a5120200000000fc280224fdc9fe2e0000f5", "label": "D2 capture", "kind": "short", "opcode": "0x02", "frag_index": null, "checksum_ok": true, "declared_length": 18}
2026-09-27T21:09:11.138+00:00 RX a5120200000000fc280224fdc9fe2e0000f5 D2 capture {"raw": "a5120200000000fc280224fdc9fe2e0000f5", "label": "D2 capture", "kind": "short", "opcode": "0x02", "frag_index": null, "checksum_ok": true, "declared_length": 18}
2026-09-27T21:09:11.155+00:00 RX a5120200000000fc280224fdc9fe2e0000f5 D2 capture {"raw": "a5120200000000fc280224fdc9fe2e0000f5", "label": "D2 capture", "kind": "short", "opcode": "0x02", "frag_index": null, "checksum_ok": true, "declared_length": 18}
2026-09-27T21:09:11.169+00:00 RX a5120200000000fc280224fdc9fe2e0000f5 D2 capture {"raw": "a5120200000000fc280224fdc9fe2e0000f5", "label": "D2 capture", "kind": "short", "opcode": "0x02", "frag_index": null, "checksum_ok": true, "declared_length": 18}
2026-09-27T21:09:11.184+00:00 RX a5120200000000fc280224fdc9fe2e0000f5 D2 capture {"raw": "a5120200000000fc280224fdc9fe2e0000f5", "label": "D2 capture", "kind": "short", "opcode": "0x02", "frag_index": null, "checksum_ok": true, "declared_length": 18}
2026-09-27T21:09:11.206+00:00 RX a5120200000000fc280224fdc9fe2e0000f5 D2 capture {"raw": "a5120200000000fc280224fdc9fe2e0000f5", "label": "D2 capture", "kind": "short", "opcode": "0x02", "frag_index": null, "checksum_ok": true, "declared_length": 18}
2026-09-27T21:09:11.206+00:00 RX a5120200000000fc280224fdc9fe2e0000f5 D2 capture {"raw": "a5120200000000fc280224fdc9fe2e0000f5", "label": "D2 capture", "kind": "short", "opcode": "0x02", "frag_index": null, "checksum_ok": true, "declared_length": 18}
2026-09-27T21:09:11.229+00:00 RX a5120200000000fc280224fdc9fe2e0000f5 D2 capture {"raw": "a5120200000000fc280224fdc9fe2e0000f5", "label": "D2 capture", "kind": "short", "opcode": "0x02", "frag_index": null, "checksum_ok": true, "declared_length": 18}
2026-09-27T21:09:11.250+00:00 RX a5120200000000fc280224fdc9fe2e0000f5 D2 capture {"raw": "a5120200000000fc280224fdc9fe2e0000f5", "label": "D2 capture", "kind": "short", "opcode": "0x02", "frag_index": null, "checksum_ok": true, "declared_length": 18}
2026-09-27T21:09:11.265+00:00 RX a5120200000000fc280224fdc9fe2e0000f5 D2 capture {"raw": "a5120200000000fc280224fdc9fe2e0000f5", "label": "D2 capture", "kind": "short", "opcode": "0x02", "frag_index": null, "checksum_ok": true, "declared_length": 18}
2026-09-27T21:09:11.281+00:00 RX a5120200000000fc280224fdc9fe2e0000f5 D2 capture {"raw": "a5120200000000fc280224fdc9fe2e0000f5", "label": "D2 capture", "kind": "short", "opcode": "0x02", "frag_index": null, "checksum_ok": true, "declared_length": 18}
2026-09-27T21:09:11.294+00:00 RX a5120200000000fc280224fdc9fe2e0000f5 D2 capture {"raw": "a5120200000000fc280224fdc9fe2e0000f5", "label": "D2 capture", "kind": "short", "opcode": "0x02", "frag_index": null, "checksum_ok": true, "declared_length": 18}
2026-09-27T21:09:11.309+00:00 RX a5120200000000fc280224fdc9fe2e0000f5 D2 capture {"raw": "a5120200000000fc280224fdc9fe2e0000f5", "label": "D2 capture", "kind": "short", "opcode": "0x02", "frag_index": null, "checksum_ok": true, "declared_length": 18}
2026-09-27T21:09:11.324+00:00 RX a5120200000000fc280224fdc9fe2e0000f5 D2 capture {"raw": "a5120200000000fc280224fdc9fe2e0000f5", "label": "D2 capture", "kind": "short", "opcode": "0x02", "frag_index": null, "checksum_ok": true, "declared_length": 18}
2026-09-27T21:09:11.341+00:00 RX a5120200000000fc280224fdc9fe2e0000f5 D2 capture {"raw": "a5120200000000fc280224fdc9fe2e0000f5", "label": "D2 capture", "kind": "short", "opcode": "0x02", "frag_index": null, "checksum_ok": true, "declared_length": 18}
2026-09-27T21:09:11.354+00:00 RX a5120200000000fc280224fdc9fe2e0000f5 D2 capture {"raw": "a5120200000000fc280224fdc9fe2e0000f5", "label": "D2 capture", "kind": "short", "opcode": "0x02", "frag_index": null, "checksum_ok": true, "declared_length": 18}
2026-09-27T21:09:11.377+00:00 RX a5120200000000fc280224fdc9fe2e0000f5 D2 capture {"raw": "a5120200000000fc280224fdc9fe2e0000f5", "label": "D2 capture", "kind": "short", "opcode": "0x02", "frag_index": null, "checksum_ok": true, "declared_length": 18}
2026-09-27T21:09:11.394+00:00 RX a5120200000000fc280224fdc9fe2e0000f5 D2 capture {"raw": "a5120200000000fc280224fdc9fe2e0000f5", "label": "D2 capture", "kind": "short", "opcode": "0x02", "frag_index": null, "checksum_ok": true, "declared_length": 18}
2026-09-27T21:09:11.411+00:00 RX a5120200000000fc280224fdc9fe2e0000f5 D2 capture {"raw": "a5120200000000fc280224fdc9fe2e0000f5", "label": "D2 capture", "kind": "short", "opcode": "0x02", "frag_index": null, "checksum_ok": true, "declared_length": 18}
2026-09-27T21:09:11.425+00:00 RX a5120200000000fc280224fdc9fe2e0000f5 D2 capture {"raw": "a5120200000000fc280224fdc9fe2e0000f5", "label": "D2 capture", "kind": "short", "opcode": "0x02", "frag_index": null, "checksum_ok": true, "declared_length": 18}
2026-09-27T21:09:11.440+00:00 RX a5120200000000fc280224fdc9fe2e0000f5 D2 capture {"raw": "a5120200000000fc280224fdc9fe2e0000f5", "label": "D2 capture", "kind": "short", "opcode": "0x02", "frag_index": null, "checksum_ok": true, "declared_length": 18}
2026-09-27T21:09:11.454+00:00 RX a5120200000000fc280224fdc9fe2e0000f5 D2 capture {"raw": "a5120200000000fc280224fdc9fe2e0000f5", "label": "D2 capture", "kind": "short", "opcode": "0x02", "frag_index": null, "checksum_ok": true, "declared_length": 18}
2026-09-27T21:09:11.477+00:00 RX a5120200000000fc280224fdc9fe2e0000f5 D2 capture {"raw": "a5120200000000fc280224fdc9fe2e0000f5", "label": "D2 capture", "kind": "short", "opcode": "0x02", "frag_index": null, "checksum_ok": true, "declared_length": 18}
2026-09-27T21:09:11.477+00:00 RX a5120200000000fc280224fdc9fe2e0000f5 D2 capture {"raw": "a5120200000000fc280224fdc9fe2e0000f5", "label": "D2 capture", "kind": "short", "opcode": "0x02", "frag_index": null, "checksum_ok": true, "declared_length": 18}
2026-09-27T21:09:11.499+00:00 RX a5120200000000fc280224fdc9fe2e0000f5 D2 capture {"raw": "a5120200000000fc280224fdc9fe2e0000f5", "label": "D2 capture", "kind": "short", "opcode": "0x02", "frag_index": null, "checksum_ok": true, "declared_length": 18}
2026-09-27T21:09:11.514+00:00 RX a5120200000000fc280224fdc9fe2e0000f5 D2 capture {"raw": "a5120200000000fc280224fdc9fe2e0000f5", "label": "D2 capture", "kind": "short", "opcode": "0x02", "frag_index": null, "checksum_ok": true, "declared_length": 18}
2026-09-27T21:09:11.534+00:00 RX a5120200000000fc280224fdc9fe2e0000f5 D2 capture {"raw": "a5120200000000fc280224fdc9fe2e0000f5", "label": "D2 capture", "kind": "short", "opcode": "0x02", "frag_index": null, "checksum_ok": true, "declared_length": 18}
2026-09-27T21:09:11.551+00:00 RX a5120200000000fc280224fdc9fe2e0000f5 D2 capture {"raw": "a5120200000000fc280224fdc9fe2e0000f5", "label": "D2 capture", "kind": "short", "opcode": "0x02", "frag_index": null, "checksum_ok": true, "declared_length": 18}
2026-09-27T21:09:11.565+00:00 RX a5120200000000fc280224fdc9fe2e0000f5 D2 capture {"raw": "a5120200000000fc280224fdc9fe2e0000f5", "label": "D2 capture", "kind": "short", "opcode": "0x02", "frag_index": null, "checksum_ok": true, "declared_length": 18}
2026-09-27T21:09:11.580+00:00 RX a5120200000000fc280224fdc9fe2e0000f5 D2 capture {"raw": "a5120200000000fc280224fdc9fe2e0000f5", "label": "D2 capture", "kind": "short", "opcode": "0x02", "frag_index": null, "checksum_ok": true, "declared_length": 18}
2026-09-27T21:09:11.594+00:00 RX a5120200000000fc280224fdc9fe2e0000f5 D2 capture {"raw": "a5120200000000fc280224fdc9fe2e0000f5", "label": "D2 capture", "kind": "short", "opcode": "0x02", "frag_index": null, "checksum_ok": true, "declared_length": 18}
2026-09-27T21:09:11.610+00:00 RX a5120200000000fc280224fdc9fe2e0000f5 D2 capture {"raw": "a5120200000000fc280224fdc9fe2e0000f5", "label": "D2 capture", "kind": "short", "opcode": "0x02", "frag_index": null, "checksum_ok": true, "declared_length": 18}
2026-09-27T21:09:11.626+00:00 RX a5120200000000fc280224fdc9fe2e0000f5 D2 capture {"raw": "a5120200000000fc280224fdc9fe2e0000f5", "label": "D2 capture", "kind": "short", "opcode": "0x02", "frag_index": null, "checksum_ok": true, "declared_length": 18}
2026-09-27T21:09:11.639+00:00 RX a5120200000000fc280224fdc9fe2e0000f5 D2 capture {"raw": "a5120200000000fc280224fdc9fe2e0000f5", "label": "D2 capture", "kind": "short", "opcode": "0x02", "frag_index": null, "checksum_ok": true, "declared_length": 18}
2026-09-27T21:09:11.662+00:00 RX a5120200000000fc280224fdc9fe2e0000f5 D2 capture {"raw": "a5120200000000fc280224fdc9fe2e0000f5", "label": "D2 capture", "kind": "short", "opcode": "0x02", "frag_index": null, "checksum_ok": true, "declared_length": 18}
2026-09-27T21:09:11.677+00:00 RX a5120200000000fc280224fdc9fe2e0000f5 D2 capture {"raw": "a5120200000000fc280224fdc9fe2e0000f5", "label": "D2 capture", "kind": "short", "opcode": "0x02", "frag_index": null, "checksum_ok": true, "declared_length": 18}
2026-09-27T21:09:11.695+00:00 RX a5120200000000fc280224fdc9fe2e0000f5 D2 capture {"raw": "a5120200000000fc280224fdc9fe2e0000f5", "label": "D2 capture", "kind": "short", "opcode": "0x02", "frag_index": null, "checksum_ok": true, "declared_length": 18}
2026-09-27T21:09:11.708+00:00 RX a5120200000000fc280224fdc9fe2e0000f5 D2 capture {"raw": "a5120200000000fc280224fdc9fe2e0000f5", "label": "D2 capture", "kind": "short", "opcode": "0x02", "frag_index": null, "checksum_ok": true, "declared_length": 18}
2026-09-27T21:09:11.723+00:00 RX a5120200000000fc280224fdc9fe2e0000f5 D2 capture {"raw": "a5120200000000fc280224fdc9fe2e0000f5", "label": "D2 capture", "kind": "short", "opcode": "0x02", "frag_index": null, "checksum_ok": true, "declared_length": 18}
2026-09-27T21:09:11.739+00:00 RX a5120200000000fc280224fdc9fe2e0000f5 D2 capture {"raw": "a5120200000000fc280224fdc9fe2e0000f5", "label": "D2 capture", "kind": "short", "opcode": "0x02", "frag_index": null, "checksum_ok": true, "declared_length": 18}
2026-09-27T21:09:11.752+00:00 RX a5120200000000fc280224fdc9fe2e0000f5 D2 capture {"raw": "a5120200000000fc280224fdc9fe2e0000f5", "label": "D2 capture", "kind": "short", "opcode": "0x02", "frag_index": null, "checksum_ok": true, "declared_length": 18}
2026-09-27T21:09:11.769+00:00 RX a5120200000000fc280224fdc9fe2e0000f5 D2 capture {"raw": "a5120200000000fc280224fdc9fe2e0000f5", "label": "D2 capture", "kind": "short", "opcode": "0x02", "frag_index": null, "checksum_ok": true, "declared_length": 18}
2026-09-27T21:09:11.782+00:00 RX a5120200000000fc280224fdc9fe2e0000f5 D2 capture {"raw": "a5120200000000fc280224fdc9fe2e0000f5", "label": "D2 capture", "kind": "short", "opcode": "0x02", "frag_index": null, "checksum_ok": true, "declared_length": 18}
2026-09-27T21:09:11.805+00:00 RX a5120200000000fc280224fdc9fe2e0000f5 D2 capture {"raw": "a5120200000000fc280224fdc9fe2e0000f5", "label": "D2 capture", "kind": "short", "opcode": "0x02", "frag_index": null, "checksum_ok": true, "declared_length": 18}
2026-09-27T21:09:11.805+00:00 RX a5120200000000fc280224fdc9fe2e0000f5 D2 capture {"raw": "a5120200000000fc280224fdc9fe2e0000f5", "label": "D2 capture", "kind": "short", "opcode": "0x02", "frag_index": null, "checksum_ok": true, "declared_length": 18}
2026-09-27T21:09:11.828+00:00 RX a5120200000000fc280224fdc9fe2e0000f5 D2 capture {"raw": "a5120200000000fc280224fdc9fe2e0000f5", "label": "D2 capture", "kind": "short", "opcode": "0x02", "frag_index": null, "checksum_ok": true, "declared_length": 18}
2026-09-27T21:09:11.843+00:00 RX a5120200000000fc280224fdc9fe2e0000f5 D2 capture {"raw": "a5120200000000fc280224fdc9fe2e0000f5", "label": "D2 capture", "kind": "short", "opcode": "0x02", "frag_index": null, "checksum_ok": true, "declared_length": 18}
2026-09-27T21:09:11.859+00:00 RX a5120200000000fc280224fdc9fe2e0000f5 D2 capture {"raw": "a5120200000000fc280224fdc9fe2e0000f5", "label": "D2 capture", "kind": "short", "opcode": "0x02", "frag_index": null, "checksum_ok": true, "declared_length": 18}
2026-09-27T21:09:11.872+00:00 RX a5120200000000fc280224fdc9fe2e0000f5 D2 capture {"raw": "a5120200000000fc280224fdc9fe2e0000f5", "label": "D2 capture", "kind": "short", "opcode": "0x02", "frag_index": null, "checksum_ok": true, "declared_length": 18}
2026-09-27T21:09:11.888+00:00 RX a5120200000000fc280224fdc9fe2e0000f5 D2 capture {"raw": "a5120200000000fc280224fdc9fe2e0000f5", "label": "D2 capture", "kind": "short", "opcode": "0x02", "frag_index": null, "checksum_ok": true, "declared_length": 18}
2026-09-27T21:09:11.903+00:00 RX a5120200000000fc280224fdc9fe2e0000f5 D2 capture {"raw": "a5120200000000fc280224fdc9fe2e0000f5", "label": "D2 capture", "kind": "short", "opcode": "0x02", "frag_index": null, "checksum_ok": true, "declared_length": 18}
2026-09-27T21:09:11.917+00:00 RX a5120200000000fc280224fdc9fe2e0000f5 D2 capture {"raw": "a5120200000000fc280224fdc9fe2e0000f5", "label": "D2 capture", "kind": "short", "opcode": "0x02", "frag_index": null, "checksum_ok": true, "declared_length": 18}
2026-09-27T21:09:12.158+00:00 RX a5120200020000fc280224fdc9fe2e0000f7 D2 capture {"raw": "a5120200020000fc280224fdc9fe2e0000f7", "label": "D2 capture", "kind": "short", "opcode": "0x02", "frag_index": null, "checksum_ok": true, "declared_length": 18}
2026-09-27T21:09:12.172+00:00 RX a5120200020000fc280224fdc9fe2e0000f7 D2 capture {"raw": "a5120200020000fc280224fdc9fe2e0000f7", "label": "D2 capture", "kind": "short", "opcode": "0x02", "frag_index": null, "checksum_ok": true, "declared_length": 18}
2026-09-27T21:09:12.194+00:00 RX a5120200020000fc280224fdc9fe2e0000f7 D2 capture {"raw": "a5120200020000fc280224fdc9fe2e0000f7", "label": "D2 capture", "kind": "short", "opcode": "0x02", "frag_index": null, "checksum_ok": true, "declared_length": 18}
2026-09-27T21:09:12.209+00:00 RX a5120200020000fc280224fdc9fe2e0000f7 D2 capture {"raw": "a5120200020000fc280224fdc9fe2e0000f7", "label": "D2 capture", "kind": "short", "opcode": "0x02", "frag_index": null, "checksum_ok": true, "declared_length": 18}
2026-09-27T21:09:12.224+00:00 RX a5120200020000fc280224fdc9fe2e0000f7 D2 capture {"raw": "a5120200020000fc280224fdc9fe2e0000f7", "label": "D2 capture", "kind": "short", "opcode": "0x02", "frag_index": null, "checksum_ok": true, "declared_length": 18}
2026-09-27T21:09:12.239+00:00 RX a5120200020000fc280224fdc9fe2e0000f7 D2 capture {"raw": "a5120200020000fc280224fdc9fe2e0000f7", "label": "D2 capture", "kind": "short", "opcode": "0x02", "frag_index": null, "checksum_ok": true, "declared_length": 18}
2026-09-27T21:09:12.254+00:00 RX a5120200020000fc280224fdc9fe2e0000f7 D2 capture {"raw": "a5120200020000fc280224fdc9fe2e0000f7", "label": "D2 capture", "kind": "short", "opcode": "0x02", "frag_index": null, "checksum_ok": true, "declared_length": 18}
2026-09-27T21:09:12.270+00:00 RX a5120200020000fc280224fdc9fe2e0000f7 D2 capture {"raw": "a5120200020000fc280224fdc9fe2e0000f7", "label": "D2 capture", "kind": "short", "opcode": "0x02", "frag_index": null, "checksum_ok": true, "declared_length": 18}
2026-09-27T21:09:12.293+00:00 RX a5120200020000fc280224fdc9fe2e0000f7 D2 capture {"raw": "a5120200020000fc280224fdc9fe2e0000f7", "label": "D2 capture", "kind": "short", "opcode": "0x02", "frag_index": null, "checksum_ok": true, "declared_length": 18}
2026-09-27T21:09:12.308+00:00 RX a5120200020000fc280224fdc9fe2e0000f7 D2 capture {"raw": "a5120200020000fc280224fdc9fe2e0000f7", "label": "D2 capture", "kind": "short", "opcode": "0x02", "frag_index": null, "checksum_ok": true, "declared_length": 18}
2026-09-27T21:09:12.324+00:00 RX a5120200020000fc280224fdc9fe2e0000f7 D2 capture {"raw": "a5120200020000fc280224fdc9fe2e0000f7", "label": "D2 capture", "kind": "short", "opcode": "0x02", "frag_index": null, "checksum_ok": true, "declared_length": 18}
2026-09-27T21:09:12.338+00:00 RX a5120200020000fc280224fdc9fe2e0000f7 D2 capture {"raw": "a5120200020000fc280224fdc9fe2e0000f7", "label": "D2 capture", "kind": "short", "opcode": "0x02", "frag_index": null, "checksum_ok": true, "declared_length": 18}
2026-09-27T21:09:12.353+00:00 RX a5120200020000fc280224fdc9fe2e0000f7 D2 capture {"raw": "a5120200020000fc280224fdc9fe2e0000f7", "label": "D2 capture", "kind": "short", "opcode": "0x02", "frag_index": null, "checksum_ok": true, "declared_length": 18}
2026-09-27T21:09:12.367+00:00 RX a5120200020000fc280224fdc9fe2e0000f7 D2 capture {"raw": "a5120200020000fc280224fdc9fe2e0000f7", "label": "D2 capture", "kind": "short", "opcode": "0x02", "frag_index": null, "checksum_ok": true, "declared_length": 18}
2026-09-27T21:09:12.384+00:00 RX a5120200020000fc280224fdc9fe2e0000f7 D2 capture {"raw": "a5120200020000fc280224fdc9fe2e0000f7", "label": "D2 capture", "kind": "short", "opcode": "0x02", "frag_index": null, "checksum_ok": true, "declared_length": 18}
2026-09-27T21:09:12.398+00:00 RX a5120200020000fc280224fdc9fe2e0000f7 D2 capture {"raw": "a5120200020000fc280224fdc9fe2e0000f7", "label": "D2 capture", "kind": "short", "opcode": "0x02", "frag_index": null, "checksum_ok": true, "declared_length": 18}
2026-09-27T21:09:12.421+00:00 RX a5120200020000fc280224fdc9fe2e0000f7 D2 capture {"raw": "a5120200020000fc280224fdc9fe2e0000f7", "label": "D2 capture", "kind": "short", "opcode": "0x02", "frag_index": null, "checksum_ok": true, "declared_length": 18}
2026-09-27T21:09:12.421+00:00 RX a5120200020000fc280224fdc9fe2e0000f7 D2 capture {"raw": "a5120200020000fc280224fdc9fe2e0000f7", "label": "D2 capture", "kind": "short", "opcode": "0x02", "frag_index": null, "checksum_ok": true, "declared_length": 18}
2026-09-27T21:09:12.442+00:00 RX a5120200020000fc280224fdc9fe2e0000f7 D2 capture {"raw": "a5120200020000fc280224fdc9fe2e0000f7", "label": "D2 capture", "kind": "short", "opcode": "0x02", "frag_index": null, "checksum_ok": true, "declared_length": 18}
2026-09-27T21:09:12.458+00:00 RX a5120200020000fc280224fdc9fe2e0000f7 D2 capture {"raw": "a5120200020000fc280224fdc9fe2e0000f7", "label": "D2 capture", "kind": "short", "opcode": "0x02", "frag_index": null, "checksum_ok": true, "declared_length": 18}
2026-09-27T21:09:12.479+00:00 RX a5120200020000fc280224fdc9fe2e0000f7 D2 capture {"raw": "a5120200020000fc280224fdc9fe2e0000f7", "label": "D2 capture", "kind": "short", "opcode": "0x02", "frag_index": null, "checksum_ok": true, "declared_length": 18}
2026-09-27T21:09:12.494+00:00 RX a5120200020000fc280224fdc9fe2e0000f7 D2 capture {"raw": "a5120200020000fc280224fdc9fe2e0000f7", "label": "D2 capture", "kind": "short", "opcode": "0x02", "frag_index": null, "checksum_ok": true, "declared_length": 18}
2026-09-27T21:09:12.509+00:00 RX a5120200020000fc280224fdc9fe2e0000f7 D2 capture {"raw": "a5120200020000fc280224fdc9fe2e0000f7", "label": "D2 capture", "kind": "short", "opcode": "0x02", "frag_index": null, "checksum_ok": true, "declared_length": 18}
2026-09-27T21:09:12.525+00:00 RX a5120200020000fc280224fdc9fe2e0000f7 D2 capture {"raw": "a5120200020000fc280224fdc9fe2e0000f7", "label": "D2 capture", "kind": "short", "opcode": "0x02", "frag_index": null, "checksum_ok": true, "declared_length": 18}
2026-09-27T21:09:12.548+00:00 RX a5120200020000fc280224fdc9fe2e0000f7 D2 capture {"raw": "a5120200020000fc280224fdc9fe2e0000f7", "label": "D2 capture", "kind": "short", "opcode": "0x02", "frag_index": null, "checksum_ok": true, "declared_length": 18}
2026-09-27T21:09:12.549+00:00 RX a5120200020000fc280224fdc9fe2e0000f7 D2 capture {"raw": "a5120200020000fc280224fdc9fe2e0000f7", "label": "D2 capture", "kind": "short", "opcode": "0x02", "frag_index": null, "checksum_ok": true, "declared_length": 18}
2026-09-27T21:09:12.569+00:00 RX a5120200020000fc280224fdc9fe2e0000f7 D2 capture {"raw": "a5120200020000fc280224fdc9fe2e0000f7", "label": "D2 capture", "kind": "short", "opcode": "0x02", "frag_index": null, "checksum_ok": true, "declared_length": 18}
2026-09-27T21:09:12.584+00:00 RX a5120200020000fc280224fdc9fe2e0000f7 D2 capture {"raw": "a5120200020000fc280224fdc9fe2e0000f7", "label": "D2 capture", "kind": "short", "opcode": "0x02", "frag_index": null, "checksum_ok": true, "declared_length": 18}
2026-09-27T21:09:12.600+00:00 RX a5120200020000fc280224fdc9fe2e0000f7 D2 capture {"raw": "a5120200020000fc280224fdc9fe2e0000f7", "label": "D2 capture", "kind": "short", "opcode": "0x02", "frag_index": null, "checksum_ok": true, "declared_length": 18}
2026-09-27T21:09:12.616+00:00 RX a5120200020000fc280224fdc9fe2e0000f7 D2 capture {"raw": "a5120200020000fc280224fdc9fe2e0000f7", "label": "D2 capture", "kind": "short", "opcode": "0x02", "frag_index": null, "checksum_ok": true, "declared_length": 18}
2026-09-27T21:09:12.639+00:00 RX a5120200020000fc280224fdc9fe2e0000f7 D2 capture {"raw": "a5120200020000fc280224fdc9fe2e0000f7", "label": "D2 capture", "kind": "short", "opcode": "0x02", "frag_index": null, "checksum_ok": true, "declared_length": 18}
2026-09-27T21:09:12.653+00:00 RX a5120200020000fc280224fdc9fe2e0000f7 D2 capture {"raw": "a5120200020000fc280224fdc9fe2e0000f7", "label": "D2 capture", "kind": "short", "opcode": "0x02", "frag_index": null, "checksum_ok": true, "declared_length": 18}
2026-09-27T21:09:12.669+00:00 RX a5120200020000fc280224fdc9fe2e0000f7 D2 capture {"raw": "a5120200020000fc280224fdc9fe2e0000f7", "label": "D2 capture", "kind": "short", "opcode": "0x02", "frag_index": null, "checksum_ok": true, "declared_length": 18}
2026-09-27T21:09:12.684+00:00 RX a5120200020000fc280224fdc9fe2e0000f7 D2 capture {"raw": "a5120200020000fc280224fdc9fe2e0000f7", "label": "D2 capture", "kind": "short", "opcode": "0x02", "frag_index": null, "checksum_ok": true, "declared_length": 18}
2026-09-27T21:09:12.704+00:00 RX a5120200020000fc280224fdc9fe2e0000f7 D2 capture {"raw": "a5120200020000fc280224fdc9fe2e0000f7", "label": "D2 capture", "kind": "short", "opcode": "0x02", "frag_index": null, "checksum_ok": true, "declared_length": 18}
2026-09-27T21:09:12.704+00:00 RX a5120200020000fc280224fdc9fe2e0000f7 D2 capture {"raw": "a5120200020000fc280224fdc9fe2e0000f7", "label": "D2 capture", "kind": "short", "opcode": "0x02", "frag_index": null, "checksum_ok": true, "declared_length": 18}
2026-09-27T21:09:12.728+00:00 RX a5120200020000fc280224fdc9fe2e0000f7 D2 capture {"raw": "a5120200020000fc280224fdc9fe2e0000f7", "label": "D2 capture", "kind": "short", "opcode": "0x02", "frag_index": null, "checksum_ok": true, "declared_length": 18}
2026-09-27T21:09:12.750+00:00 RX a5120200020000fc280224fdc9fe2e0000f7 D2 capture {"raw": "a5120200020000fc280224fdc9fe2e0000f7", "label": "D2 capture", "kind": "short", "opcode": "0x02", "frag_index": null, "checksum_ok": true, "declared_length": 18}
2026-09-27T21:09:12.764+00:00 RX a5120200020000fc280224fdc9fe2e0000f7 D2 capture {"raw": "a5120200020000fc280224fdc9fe2e0000f7", "label": "D2 capture", "kind": "short", "opcode": "0x02", "frag_index": null, "checksum_ok": true, "declared_length": 18}
2026-09-27T21:09:12.791+00:00 RX a5120200020000fc280224fdc9fe2e0000f7 D2 capture {"raw": "a5120200020000fc280224fdc9fe2e0000f7", "label": "D2 capture", "kind": "short", "opcode": "0x02", "frag_index": null, "checksum_ok": true, "declared_length": 18}
2026-09-27T21:09:12.791+00:00 RX a5120200020000fc280224fdc9fe2e0000f7 D2 capture {"raw": "a5120200020000fc280224fdc9fe2e0000f7", "label": "D2 capture", "kind": "short", "opcode": "0x02", "frag_index": null, "checksum_ok": true, "declared_length": 18}
2026-09-27T21:09:12.811+00:00 RX a5120200020000fc280224fdc9fe2e0000f7 D2 capture {"raw": "a5120200020000fc280224fdc9fe2e0000f7", "label": "D2 capture", "kind": "short", "opcode": "0x02", "frag_index": null, "checksum_ok": true, "declared_length": 18}
2026-09-27T21:09:12.826+00:00 RX a5120200020000fc280224fdc9fe2e0000f7 D2 capture {"raw": "a5120200020000fc280224fdc9fe2e0000f7", "label": "D2 capture", "kind": "short", "opcode": "0x02", "frag_index": null, "checksum_ok": true, "declared_length": 18}
2026-09-27T21:09:12.840+00:00 RX a5120200020000fc280224fdc9fe2e0000f7 D2 capture {"raw": "a5120200020000fc280224fdc9fe2e0000f7", "label": "D2 capture", "kind": "short", "opcode": "0x02", "frag_index": null, "checksum_ok": true, "declared_length": 18}
2026-09-27T21:09:12.855+00:00 RX a5120200000000fc280224fdc9fe2e0000f5 D2 capture {"raw": "a5120200000000fc280224fdc9fe2e0000f5", "label": "D2 capture", "kind": "short", "opcode": "0x02", "frag_index": null, "checksum_ok": true, "declared_length": 18}
2026-09-27T21:09:12.879+00:00 RX a5120200000000fc280224fdc9fe2e0000f5 D2 capture {"raw": "a5120200000000fc280224fdc9fe2e0000f5", "label": "D2 capture", "kind": "short", "opcode": "0x02", "frag_index": null, "checksum_ok": true, "declared_length": 18}
2026-09-27T21:09:12.894+00:00 RX a5120200000000fc280224fdc9fe2e0000f5 D2 capture {"raw": "a5120200000000fc280224fdc9fe2e0000f5", "label": "D2 capture", "kind": "short", "opcode": "0x02", "frag_index": null, "checksum_ok": true, "declared_length": 18}
2026-09-27T21:09:12.908+00:00 RX a5120200000000fc280224fdc9fe2e0000f5 D2 capture {"raw": "a5120200000000fc280224fdc9fe2e0000f5", "label": "D2 capture", "kind": "short", "opcode": "0x02", "frag_index": null, "checksum_ok": true, "declared_length": 18}
2026-09-27T21:09:12.922+00:00 RX a5120200000000fc280224fdc9fe2e0000f5 D2 capture {"raw": "a5120200000000fc280224fdc9fe2e0000f5", "label": "D2 capture", "kind": "short", "opcode": "0x02", "frag_index": null, "checksum_ok": true, "declared_length": 18}
2026-09-27T21:09:12.937+00:00 RX a5120200000000fc280224fdc9fe2e0000f5 D2 capture {"raw": "a5120200000000fc280224fdc9fe2e0000f5", "label": "D2 capture", "kind": "short", "opcode": "0x02", "frag_index": null, "checksum_ok": true, "declared_length": 18}
2026-09-27T21:09:12.953+00:00 RX a5120200000000fc280224fdc9fe2e0000f5 D2 capture {"raw": "a5120200000000fc280224fdc9fe2e0000f5", "label": "D2 capture", "kind": "short", "opcode": "0x02", "frag_index": null, "checksum_ok": true, "declared_length": 18}
2026-09-27T21:09:12.968+00:00 RX a5120200000000fc280224fdc9fe2e0000f5 D2 capture {"raw": "a5120200000000fc280224fdc9fe2e0000f5", "label": "D2 capture", "kind": "short", "opcode": "0x02", "frag_index": null, "checksum_ok": true, "declared_length": 18}
2026-09-27T21:09:12.983+00:00 RX a5120200000000fc280224fdc9fe2e0000f5 D2 capture {"raw": "a5120200000000fc280224fdc9fe2e0000f5", "label": "D2 capture", "kind": "short", "opcode": "0x02", "frag_index": null, "checksum_ok": true, "declared_length": 18}
2026-09-27T21:09:12.998+00:00 RX a5120200000000fc280224fdc9fe2e0000f5 D2 capture {"raw": "a5120200000000fc280224fdc9fe2e0000f5", "label": "D2 capture", "kind": "short", "opcode": "0x02", "frag_index": null, "checksum_ok": true, "declared_length": 18}
2026-09-27T21:09:13.015+00:00 RX a5120200000000fc280224fdc9fe2e0000f5 D2 capture {"raw": "a5120200000000fc280224fdc9fe2e0000f5", "label": "D2 capture", "kind": "short", "opcode": "0x02", "frag_index": null, "checksum_ok": true, "declared_length": 18}
2026-09-27T21:09:13.027+00:00 RX a5120200000000fc280224fdc9fe2e0000f5 D2 capture {"raw": "a5120200000000fc280224fdc9fe2e0000f5", "label": "D2 capture", "kind": "short", "opcode": "0x02", "frag_index": null, "checksum_ok": true, "declared_length": 18}
2026-09-27T21:09:13.042+00:00 RX a5120200000000fc280224fdc9fe2e0000f5 D2 capture {"raw": "a5120200000000fc280224fdc9fe2e0000f5", "label": "D2 capture", "kind": "short", "opcode": "0x02", "frag_index": null, "checksum_ok": true, "declared_length": 18}
2026-09-27T21:09:13.057+00:00 RX a5120200000000fc280224fdc9fe2e0000f5 D2 capture {"raw": "a5120200000000fc280224fdc9fe2e0000f5", "label": "D2 capture", "kind": "short", "opcode": "0x02", "frag_index": null, "checksum_ok": true, "declared_length": 18}
2026-09-27T21:09:13.073+00:00 RX a5120200000000fc280224fdc9fe2e0000f5 D2 capture {"raw": "a5120200000000fc280224fdc9fe2e0000f5", "label": "D2 capture", "kind": "short", "opcode": "0x02", "frag_index": null, "checksum_ok": true, "declared_length": 18}
2026-09-27T21:09:13.088+00:00 RX a5120200000000fc280224fdc9fe2e0000f5 D2 capture {"raw": "a5120200000000fc280224fdc9fe2e0000f5", "label": "D2 capture", "kind": "short", "opcode": "0x02", "frag_index": null, "checksum_ok": true, "declared_length": 18}
2026-09-27T21:09:13.103+00:00 RX a5120200000000fc280224fdc9fe2e0000f5 D2 capture {"raw": "a5120200000000fc280224fdc9fe2e0000f5", "label": "D2 capture", "kind": "short", "opcode": "0x02", "frag_index": null, "checksum_ok": true, "declared_length": 18}
2026-09-27T21:09:13.118+00:00 RX a5120200000000fc280224fdc9fe2e0000f5 D2 capture {"raw": "a5120200000000fc280224fdc9fe2e0000f5", "label": "D2 capture", "kind": "short", "opcode": "0x02", "frag_index": null, "checksum_ok": true, "declared_length": 18}
2026-09-27T21:09:13.140+00:00 RX a5120200000000fc280224fdc9fe2e0000f5 D2 capture {"raw": "a5120200000000fc280224fdc9fe2e0000f5", "label": "D2 capture", "kind": "short", "opcode": "0x02", "frag_index": null, "checksum_ok": true, "declared_length": 18}
2026-09-27T21:09:13.141+00:00 RX a5120200000000fc280224fdc9fe2e0000f5 D2 capture {"raw": "a5120200000000fc280224fdc9fe2e0000f5", "label": "D2 capture", "kind": "short", "opcode": "0x02", "frag_index": null, "checksum_ok": true, "declared_length": 18}
2026-09-27T21:09:13.165+00:00 RX a5120200000000fc280224fdc9fe2e0000f5 D2 capture {"raw": "a5120200000000fc280224fdc9fe2e0000f5", "label": "D2 capture", "kind": "short", "opcode": "0x02", "frag_index": null, "checksum_ok": true, "declared_length": 18}
2026-09-27T21:09:13.178+00:00 RX a5120200000000fc280224fdc9fe2e0000f5 D2 capture {"raw": "a5120200000000fc280224fdc9fe2e0000f5", "label": "D2 capture", "kind": "short", "opcode": "0x02", "frag_index": null, "checksum_ok": true, "declared_length": 18}
2026-09-27T21:09:13.200+00:00 RX a5120200000000fc280224fdc9fe2e0000f5 D2 capture {"raw": "a5120200000000fc280224fdc9fe2e0000f5", "label": "D2 capture", "kind": "short", "opcode": "0x02", "frag_index": null, "checksum_ok": true, "declared_length": 18}
2026-09-27T21:09:13.200+00:00 RX a5120200000000fc280224fdc9fe2e0000f5 D2 capture {"raw": "a5120200000000fc280224fdc9fe2e0000f5", "label": "D2 capture", "kind": "short", "opcode": "0x02", "frag_index": null, "checksum_ok": true, "declared_length": 18}
2026-09-27T21:09:13.223+00:00 RX a5120200000000fc280224fdc9fe2e0000f5 D2 capture {"raw": "a5120200000000fc280224fdc9fe2e0000f5", "label": "D2 capture", "kind": "short", "opcode": "0x02", "frag_index": null, "checksum_ok": true, "declared_length": 18}
2026-09-27T21:09:13.238+00:00 RX a5120200000000fc280224fdc9fe2e0000f5 D2 capture {"raw": "a5120200000000fc280224fdc9fe2e0000f5", "label": "D2 capture", "kind": "short", "opcode": "0x02", "frag_index": null, "checksum_ok": true, "declared_length": 18}
2026-09-27T21:09:13.253+00:00 RX a5120200000000fc280224fdc9fe2e0000f5 D2 capture {"raw": "a5120200000000fc280224fdc9fe2e0000f5", "label": "D2 capture", "kind": "short", "opcode": "0x02", "frag_index": null, "checksum_ok": true, "declared_length": 18}
2026-09-27T21:09:13.267+00:00 RX a5120200000000fc280224fdc9fe2e0000f5 D2 capture {"raw": "a5120200000000fc280224fdc9fe2e0000f5", "label": "D2 capture", "kind": "short", "opcode": "0x02", "frag_index": null, "checksum_ok": true, "declared_length": 18}
2026-09-27T21:09:13.283+00:00 RX a5120200000000fc280224fdc9fe2e0000f5 D2 capture {"raw": "a5120200000000fc280224fdc9fe2e0000f5", "label": "D2 capture", "kind": "short", "opcode": "0x02", "frag_index": null, "checksum_ok": true, "declared_length": 18}
2026-09-27T21:09:13.297+00:00 RX a5120200000000fc280224fdc9fe2e0000f5 D2 capture {"raw": "a5120200000000fc280224fdc9fe2e0000f5", "label": "D2 capture", "kind": "short", "opcode": "0x02", "frag_index": null, "checksum_ok": true, "declared_length": 18}
2026-09-27T21:09:13.319+00:00 RX a5120200000000fc280224fdc9fe2e0000f5 D2 capture {"raw": "a5120200000000fc280224fdc9fe2e0000f5", "label": "D2 capture", "kind": "short", "opcode": "0x02", "frag_index": null, "checksum_ok": true, "declared_length": 18}
2026-09-27T21:09:13.320+00:00 RX a5120200000000fc280224fdc9fe2e0000f5 D2 capture {"raw": "a5120200000000fc280224fdc9fe2e0000f5", "label": "D2 capture", "kind": "short", "opcode": "0x02", "frag_index": null, "checksum_ok": true, "declared_length": 18}
2026-09-27T21:09:13.344+00:00 RX a5120200000000fc280224fdc9fe2e0000f5 D2 capture {"raw": "a5120200000000fc280224fdc9fe2e0000f5", "label": "D2 capture", "kind": "short", "opcode": "0x02", "frag_index": null, "checksum_ok": true, "declared_length": 18}
2026-09-27T21:09:13.359+00:00 RX a5120200000000fc280224fdc9fe2e0000f5 D2 capture {"raw": "a5120200000000fc280224fdc9fe2e0000f5", "label": "D2 capture", "kind": "short", "opcode": "0x02", "frag_index": null, "checksum_ok": true, "declared_length": 18}
2026-09-27T21:09:13.380+00:00 RX a5120200000000fc280224fdc9fe2e0000f5 D2 capture {"raw": "a5120200000000fc280224fdc9fe2e0000f5", "label": "D2 capture", "kind": "short", "opcode": "0x02", "frag_index": null, "checksum_ok": true, "declared_length": 18}
2026-09-27T21:09:13.381+00:00 RX a5120200000000fc280224fdc9fe2e0000f5 D2 capture {"raw": "a5120200000000fc280224fdc9fe2e0000f5", "label": "D2 capture", "kind": "short", "opcode": "0x02", "frag_index": null, "checksum_ok": true, "declared_length": 18}
2026-09-27T21:09:13.411+00:00 RX a5120200000000fc280224fdc9fe2e0000f5 D2 capture {"raw": "a5120200000000fc280224fdc9fe2e0000f5", "label": "D2 capture", "kind": "short", "opcode": "0x02", "frag_index": null, "checksum_ok": true, "declared_length": 18}
2026-09-27T21:09:13.411+00:00 RX a5120200000000fc280224fdc9fe2e0000f5 D2 capture {"raw": "a5120200000000fc280224fdc9fe2e0000f5", "label": "D2 capture", "kind": "short", "opcode": "0x02", "frag_index": null, "checksum_ok": true, "declared_length": 18}
2026-09-27T21:09:13.433+00:00 RX a5120200000000fc280224fdc9fe2e0000f5 D2 capture {"raw": "a5120200000000fc280224fdc9fe2e0000f5", "label": "D2 capture", "kind": "short", "opcode": "0x02", "frag_index": null, "checksum_ok": true, "declared_length": 18}
2026-09-27T21:09:13.456+00:00 RX a5120200000000fc280224fdc9fe2e0000f5 D2 capture {"raw": "a5120200000000fc280224fdc9fe2e0000f5", "label": "D2 capture", "kind": "short", "opcode": "0x02", "frag_index": null, "checksum_ok": true, "declared_length": 18}
2026-09-27T21:09:13.471+00:00 RX a5120200000000fc280224fdc9fe2e0000f5 D2 capture {"raw": "a5120200000000fc280224fdc9fe2e0000f5", "label": "D2 capture", "kind": "short", "opcode": "0x02", "frag_index": null, "checksum_ok": true, "declared_length": 18}
2026-09-27T21:09:13.484+00:00 RX a5120200000000fc280224fdc9fe2e0000f5 D2 capture {"raw": "a5120200000000fc280224fdc9fe2e0000f5", "label": "D2 capture", "kind": "short", "opcode": "0x02", "frag_index": null, "checksum_ok": true, "declared_length": 18}
2026-09-27T21:09:13.502+00:00 RX a5120200000000fc280224fdc9fe2e0000f5 D2 capture {"raw": "a5120200000000fc280224fdc9fe2e0000f5", "label": "D2 capture", "kind": "short", "opcode": "0x02", "frag_index": null, "checksum_ok": true, "declared_length": 18}
2026-09-27T21:09:13.516+00:00 RX a5120200000000fc280224fdc9fe2e0000f5 D2 capture {"raw": "a5120200000000fc280224fdc9fe2e0000f5", "label": "D2 capture", "kind": "short", "opcode": "0x02", "frag_index": null, "checksum_ok": true, "declared_length": 18}
2026-09-27T21:09:13.529+00:00 RX a5120200000000fc280224fdc9fe2e0000f5 D2 capture {"raw": "a5120200000000fc280224fdc9fe2e0000f5", "label": "D2 capture", "kind": "short", "opcode": "0x02", "frag_index": null, "checksum_ok": true, "declared_length": 18}
2026-09-27T21:09:13.552+00:00 RX a5120200000000fc280224fdc9fe2e0000f5 D2 capture {"raw": "a5120200000000fc280224fdc9fe2e0000f5", "label": "D2 capture", "kind": "short", "opcode": "0x02", "frag_index": null, "checksum_ok": true, "declared_length": 18}
2026-09-27T21:09:13.568+00:00 RX a5120200000000fc280224fdc9fe2e0000f5 D2 capture {"raw": "a5120200000000fc280224fdc9fe2e0000f5", "label": "D2 capture", "kind": "short", "opcode": "0x02", "frag_index": null, "checksum_ok": true, "declared_length": 18}
2026-09-27T21:09:13.582+00:00 RX a5120200000000fc280224fdc9fe2e0000f5 D2 capture {"raw": "a5120200000000fc280224fdc9fe2e0000f5", "label": "D2 capture", "kind": "short", "opcode": "0x02", "frag_index": null, "checksum_ok": true, "declared_length": 18}
2026-09-27T21:09:13.597+00:00 RX a5120200000000fc280224fdc9fe2e0000f5 D2 capture {"raw": "a5120200000000fc280224fdc9fe2e0000f5", "label": "D2 capture", "kind": "short", "opcode": "0x02", "frag_index": null, "checksum_ok": true, "declared_length": 18}
2026-09-27T21:09:13.612+00:00 RX a5120200000000fc280224fdc9fe2e0000f5 D2 capture {"raw": "a5120200000000fc280224fdc9fe2e0000f5", "label": "D2 capture", "kind": "short", "opcode": "0x02", "frag_index": null, "checksum_ok": true, "declared_length": 18}
2026-09-27T21:09:13.627+00:00 RX a5120200000000fc280224fdc9fe2e0000f5 D2 capture {"raw": "a5120200000000fc280224fdc9fe2e0000f5", "label": "D2 capture", "kind": "short", "opcode": "0x02", "frag_index": null, "checksum_ok": true, "declared_length": 18}
2026-09-27T21:09:13.642+00:00 RX a5120200000000fc280224fdc9fe2e0000f5 D2 capture {"raw": "a5120200000000fc280224fdc9fe2e0000f5", "label": "D2 capture", "kind": "short", "opcode": "0x02", "frag_index": null, "checksum_ok": true, "declared_length": 18}
2026-09-27T21:09:13.659+00:00 RX a5120200000000fc280224fdc9fe2e0000f5 D2 capture {"raw": "a5120200000000fc280224fdc9fe2e0000f5", "label": "D2 capture", "kind": "short", "opcode": "0x02", "frag_index": null, "checksum_ok": true, "declared_length": 18}
2026-09-27T21:09:13.672+00:00 RX a5120200000000fc280224fdc9fe2e0000f5 D2 capture {"raw": "a5120200000000fc280224fdc9fe2e0000f5", "label": "D2 capture", "kind": "short", "opcode": "0x02", "frag_index": null, "checksum_ok": true, "declared_length": 18}
2026-09-27T21:09:13.688+00:00 RX a5120200000000fc280224fdc9fe2e0000f5 D2 capture {"raw": "a5120200000000fc280224fdc9fe2e0000f5", "label": "D2 capture", "kind": "short", "opcode": "0x02", "frag_index": null, "checksum_ok": true, "declared_length": 18}
2026-09-27T21:09:13.705+00:00 RX a5120200000000fc280224fdc9fe2e0000f5 D2 capture {"raw": "a5120200000000fc280224fdc9fe2e0000f5", "label": "D2 capture", "kind": "short", "opcode": "0x02", "frag_index": null, "checksum_ok": true, "declared_length": 18}
2026-09-27T21:09:13.718+00:00 RX a5120200000000fc280224fdc9fe2e0000f5 D2 capture {"raw": "a5120200000000fc280224fdc9fe2e0000f5", "label": "D2 capture", "kind": "short", "opcode": "0x02", "frag_index": null, "checksum_ok": true, "declared_length": 18}
2026-09-27T21:09:13.733+00:00 RX a5120200000000fc280224fdc9fe2e0000f5 D2 capture {"raw": "a5120200000000fc280224fdc9fe2e0000f5", "label": "D2 capture", "kind": "short", "opcode": "0x02", "frag_index": null, "checksum_ok": true, "declared_length": 18}
2026-09-27T21:09:13.748+00:00 RX a5120200000000fc280224fdc9fe2e0000f5 D2 capture {"raw": "a5120200000000fc280224fdc9fe2e0000f5", "label": "D2 capture", "kind": "short", "opcode": "0x02", "frag_index": null, "checksum_ok": true, "declared_length": 18}
2026-09-27T21:09:13.762+00:00 RX a5120200000000fc280224fdc9fe2e0000f5 D2 capture {"raw": "a5120200000000fc280224fdc9fe2e0000f5", "label": "D2 capture", "kind": "short", "opcode": "0x02", "frag_index": null, "checksum_ok": true, "declared_length": 18}
2026-09-27T21:09:13.778+00:00 RX a5120200000000fc280224fdc9fe2e0000f5 D2 capture {"raw": "a5120200000000fc280224fdc9fe2e0000f5", "label": "D2 capture", "kind": "short", "opcode": "0x02", "frag_index": null, "checksum_ok": true, "declared_length": 18}
2026-09-27T21:09:13.793+00:00 RX a5120200000000fc280224fdc9fe2e0000f5 D2 capture {"raw": "a5120200000000fc280224fdc9fe2e0000f5", "label": "D2 capture", "kind": "short", "opcode": "0x02", "frag_index": null, "checksum_ok": true, "declared_length": 18}
2026-09-27T21:09:13.809+00:00 RX a5120200000000fc280224fdc9fe2e0000f5 D2 capture {"raw": "a5120200000000fc280224fdc9fe2e0000f5", "label": "D2 capture", "kind": "short", "opcode": "0x02", "frag_index": null, "checksum_ok": true, "declared_length": 18}
2026-09-27T21:09:13.822+00:00 RX a5120200000000fc280224fdc9fe2e0000f5 D2 capture {"raw": "a5120200000000fc280224fdc9fe2e0000f5", "label": "D2 capture", "kind": "short", "opcode": "0x02", "frag_index": null, "checksum_ok": true, "declared_length": 18}
2026-09-27T21:09:13.838+00:00 RX a5120200000000fc280224fdc9fe2e0000f5 D2 capture {"raw": "a5120200000000fc280224fdc9fe2e0000f5", "label": "D2 capture", "kind": "short", "opcode": "0x02", "frag_index": null, "checksum_ok": true, "declared_length": 18}
2026-09-27T21:09:13.852+00:00 RX a5120200000000fc280224fdc9fe2e0000f5 D2 capture {"raw": "a5120200000000fc280224fdc9fe2e0000f5", "label": "D2 capture", "kind": "short", "opcode": "0x02", "frag_index": null, "checksum_ok": true, "declared_length": 18}
2026-09-27T21:09:13.867+00:00 RX a5120200000000fc280224fdc9fe2e0000f5 D2 capture {"raw": "a5120200000000fc280224fdc9fe2e0000f5", "label": "D2 capture", "kind": "short", "opcode": "0x02", "frag_index": null, "checksum_ok": true, "declared_length": 18}
2026-09-27T21:09:13.882+00:00 RX a5120200000000fc280224fdc9fe2e0000f5 D2 capture {"raw": "a5120200000000fc280224fdc9fe2e0000f5", "label": "D2 capture", "kind": "short", "opcode": "0x02", "frag_index": null, "checksum_ok": true, "declared_length": 18}
2026-09-27T21:09:13.897+00:00 RX a5120200000000fc280224fdc9fe2e0000f5 D2 capture {"raw": "a5120200000000fc280224fdc9fe2e0000f5", "label": "D2 capture", "kind": "short", "opcode": "0x02", "frag_index": null, "checksum_ok": true, "declared_length": 18}
2026-09-27T21:09:13.915+00:00 RX a5120200000000fc280224fdc9fe2e0000f5 D2 capture {"raw": "a5120200000000fc280224fdc9fe2e0000f5", "label": "D2 capture", "kind": "short", "opcode": "0x02", "frag_index": null, "checksum_ok": true, "declared_length": 18}
2026-09-27T21:09:13.929+00:00 RX a5120200000000fc280224fdc9fe2e0000f5 D2 capture {"raw": "a5120200000000fc280224fdc9fe2e0000f5", "label": "D2 capture", "kind": "short", "opcode": "0x02", "frag_index": null, "checksum_ok": true, "declared_length": 18}
2026-09-27T21:09:13.945+00:00 RX a5120200000000fc280224fdc9fe2e0000f5 D2 capture {"raw": "a5120200000000fc280224fdc9fe2e0000f5", "label": "D2 capture", "kind": "short", "opcode": "0x02", "frag_index": null, "checksum_ok": true, "declared_length": 18}
2026-09-27T21:09:13.959+00:00 RX a5120200000000fc280224fdc9fe2e0000f5 D2 capture {"raw": "a5120200000000fc280224fdc9fe2e0000f5", "label": "D2 capture", "kind": "short", "opcode": "0x02", "frag_index": null, "checksum_ok": true, "declared_length": 18}
2026-09-27T21:09:13.981+00:00 RX a5120200000000fc280224fdc9fe2e0000f5 D2 capture {"raw": "a5120200000000fc280224fdc9fe2e0000f5", "label": "D2 capture", "kind": "short", "opcode": "0x02", "frag_index": null, "checksum_ok": true, "declared_length": 18}
2026-09-27T21:09:13.981+00:00 RX a5120200000000fc280224fdc9fe2e0000f5 D2 capture {"raw": "a5120200000000fc280224fdc9fe2e0000f5", "label": "D2 capture", "kind": "short", "opcode": "0x02", "frag_index": null, "checksum_ok": true, "declared_length": 18}
2026-09-27T21:09:14.005+00:00 RX a5120200000000fc280224fdc9fe2e0000f5 D2 capture {"raw": "a5120200000000fc280224fdc9fe2e0000f5", "label": "D2 capture", "kind": "short", "opcode": "0x02", "frag_index": null, "checksum_ok": true, "declared_length": 18}
2026-09-27T21:09:14.019+00:00 RX a5120200000000fc280224fdc9fe2e0000f5 D2 capture {"raw": "a5120200000000fc280224fdc9fe2e0000f5", "label": "D2 capture", "kind": "short", "opcode": "0x02", "frag_index": null, "checksum_ok": true, "declared_length": 18}
2026-09-27T21:09:14.041+00:00 RX a5120200000000fc280224fdc9fe2e0000f5 D2 capture {"raw": "a5120200000000fc280224fdc9fe2e0000f5", "label": "D2 capture", "kind": "short", "opcode": "0x02", "frag_index": null, "checksum_ok": true, "declared_length": 18}
2026-09-27T21:09:14.041+00:00 RX a5120200000000fc280224fdc9fe2e0000f5 D2 capture {"raw": "a5120200000000fc280224fdc9fe2e0000f5", "label": "D2 capture", "kind": "short", "opcode": "0x02", "frag_index": null, "checksum_ok": true, "declared_length": 18}
2026-09-27T21:09:14.657+00:00 RX a5120200080000fc280224fdc9fe2e0000fd D2 capture {"raw": "a5120200080000fc280224fdc9fe2e0000fd", "label": "D2 capture", "kind": "short", "opcode": "0x02", "frag_index": null, "checksum_ok": true, "declared_length": 18}
2026-09-27T21:09:14.669+00:00 RX a5120200080000fc280224fdc9fe2e0000fd D2 capture {"raw": "a5120200080000fc280224fdc9fe2e0000fd", "label": "D2 capture", "kind": "short", "opcode": "0x02", "frag_index": null, "checksum_ok": true, "declared_length": 18}
2026-09-27T21:09:14.685+00:00 RX a5120200080000fc280224fdc9fe2e0000fd D2 capture {"raw": "a5120200080000fc280224fdc9fe2e0000fd", "label": "D2 capture", "kind": "short", "opcode": "0x02", "frag_index": null, "checksum_ok": true, "declared_length": 18}
2026-09-27T21:09:14.700+00:00 RX a5120200080000fc280224fdc9fe2e0000fd D2 capture {"raw": "a5120200080000fc280224fdc9fe2e0000fd", "label": "D2 capture", "kind": "short", "opcode": "0x02", "frag_index": null, "checksum_ok": true, "declared_length": 18}
2026-09-27T21:09:14.722+00:00 RX a5120200080000fc280224fdc9fe2e0000fd D2 capture {"raw": "a5120200080000fc280224fdc9fe2e0000fd", "label": "D2 capture", "kind": "short", "opcode": "0x02", "frag_index": null, "checksum_ok": true, "declared_length": 18}
2026-09-27T21:09:14.738+00:00 RX a5120200080000fc280224fdc9fe2e0000fd D2 capture {"raw": "a5120200080000fc280224fdc9fe2e0000fd", "label": "D2 capture", "kind": "short", "opcode": "0x02", "frag_index": null, "checksum_ok": true, "declared_length": 18}
2026-09-27T21:09:14.754+00:00 RX a5120200080000fc280224fdc9fe2e0000fd D2 capture {"raw": "a5120200080000fc280224fdc9fe2e0000fd", "label": "D2 capture", "kind": "short", "opcode": "0x02", "frag_index": null, "checksum_ok": true, "declared_length": 18}
2026-09-27T21:09:14.769+00:00 RX a5120200080000fc280224fdc9fe2e0000fd D2 capture {"raw": "a5120200080000fc280224fdc9fe2e0000fd", "label": "D2 capture", "kind": "short", "opcode": "0x02", "frag_index": null, "checksum_ok": true, "declared_length": 18}
2026-09-27T21:09:14.783+00:00 RX a5120200080000fc280224fdc9fe2e0000fd D2 capture {"raw": "a5120200080000fc280224fdc9fe2e0000fd", "label": "D2 capture", "kind": "short", "opcode": "0x02", "frag_index": null, "checksum_ok": true, "declared_length": 18}
2026-09-27T21:09:14.798+00:00 RX a5120200080000fc280224fdc9fe2e0000fd D2 capture {"raw": "a5120200080000fc280224fdc9fe2e0000fd", "label": "D2 capture", "kind": "short", "opcode": "0x02", "frag_index": null, "checksum_ok": true, "declared_length": 18}
2026-09-27T21:09:14.814+00:00 RX a5120200080000fc280224fdc9fe2e0000fd D2 capture {"raw": "a5120200080000fc280224fdc9fe2e0000fd", "label": "D2 capture", "kind": "short", "opcode": "0x02", "frag_index": null, "checksum_ok": true, "declared_length": 18}
2026-09-27T21:09:14.829+00:00 RX a5120200080000fc280224fdc9fe2e0000fd D2 capture {"raw": "a5120200080000fc280224fdc9fe2e0000fd", "label": "D2 capture", "kind": "short", "opcode": "0x02", "frag_index": null, "checksum_ok": true, "declared_length": 18}
2026-09-27T21:09:14.843+00:00 RX a5120200080000fc280224fdc9fe2e0000fd D2 capture {"raw": "a5120200080000fc280224fdc9fe2e0000fd", "label": "D2 capture", "kind": "short", "opcode": "0x02", "frag_index": null, "checksum_ok": true, "declared_length": 18}
2026-09-27T21:09:14.865+00:00 RX a5120200080000fc280224fdc9fe2e0000fd D2 capture {"raw": "a5120200080000fc280224fdc9fe2e0000fd", "label": "D2 capture", "kind": "short", "opcode": "0x02", "frag_index": null, "checksum_ok": true, "declared_length": 18}
2026-09-27T21:09:14.881+00:00 RX a5120200080000fc280224fdc9fe2e0000fd D2 capture {"raw": "a5120200080000fc280224fdc9fe2e0000fd", "label": "D2 capture", "kind": "short", "opcode": "0x02", "frag_index": null, "checksum_ok": true, "declared_length": 18}
2026-09-27T21:09:14.894+00:00 RX a5120200080000fc280224fdc9fe2e0000fd D2 capture {"raw": "a5120200080000fc280224fdc9fe2e0000fd", "label": "D2 capture", "kind": "short", "opcode": "0x02", "frag_index": null, "checksum_ok": true, "declared_length": 18}
2026-09-27T21:09:14.910+00:00 RX a5120200080000fc280224fdc9fe2e0000fd D2 capture {"raw": "a5120200080000fc280224fdc9fe2e0000fd", "label": "D2 capture", "kind": "short", "opcode": "0x02", "frag_index": null, "checksum_ok": true, "declared_length": 18}
2026-09-27T21:09:14.927+00:00 RX a5120200080000fc280224fdc9fe2e0000fd D2 capture {"raw": "a5120200080000fc280224fdc9fe2e0000fd", "label": "D2 capture", "kind": "short", "opcode": "0x02", "frag_index": null, "checksum_ok": true, "declared_length": 18}
2026-09-27T21:09:14.948+00:00 RX a5120200080000fc280224fdc9fe2e0000fd D2 capture {"raw": "a5120200080000fc280224fdc9fe2e0000fd", "label": "D2 capture", "kind": "short", "opcode": "0x02", "frag_index": null, "checksum_ok": true, "declared_length": 18}
2026-09-27T21:09:14.962+00:00 RX a5120200080000fc280224fdc9fe2e0000fd D2 capture {"raw": "a5120200080000fc280224fdc9fe2e0000fd", "label": "D2 capture", "kind": "short", "opcode": "0x02", "frag_index": null, "checksum_ok": true, "declared_length": 18}
2026-09-27T21:09:14.979+00:00 RX a5120200080000fc280224fdc9fe2e0000fd D2 capture {"raw": "a5120200080000fc280224fdc9fe2e0000fd", "label": "D2 capture", "kind": "short", "opcode": "0x02", "frag_index": null, "checksum_ok": true, "declared_length": 18}
2026-09-27T21:09:14.993+00:00 RX a5120200080000fc280224fdc9fe2e0000fd D2 capture {"raw": "a5120200080000fc280224fdc9fe2e0000fd", "label": "D2 capture", "kind": "short", "opcode": "0x02", "frag_index": null, "checksum_ok": true, "declared_length": 18}
2026-09-27T21:09:15.007+00:00 RX a5120200080000fc280224fdc9fe2e0000fd D2 capture {"raw": "a5120200080000fc280224fdc9fe2e0000fd", "label": "D2 capture", "kind": "short", "opcode": "0x02", "frag_index": null, "checksum_ok": true, "declared_length": 18}
2026-09-27T21:09:15.023+00:00 RX a5120200080000fc280224fdc9fe2e0000fd D2 capture {"raw": "a5120200080000fc280224fdc9fe2e0000fd", "label": "D2 capture", "kind": "short", "opcode": "0x02", "frag_index": null, "checksum_ok": true, "declared_length": 18}
2026-09-27T21:09:15.045+00:00 RX a5120200080000fc280224fdc9fe2e0000fd D2 capture {"raw": "a5120200080000fc280224fdc9fe2e0000fd", "label": "D2 capture", "kind": "short", "opcode": "0x02", "frag_index": null, "checksum_ok": true, "declared_length": 18}
2026-09-27T21:09:15.045+00:00 RX a5120200080000fc280224fdc9fe2e0000fd D2 capture {"raw": "a5120200080000fc280224fdc9fe2e0000fd", "label": "D2 capture", "kind": "short", "opcode": "0x02", "frag_index": null, "checksum_ok": true, "declared_length": 18}
2026-09-27T21:09:15.083+00:00 RX a5120200080000fc280224fdc9fe2e0000fd D2 capture {"raw": "a5120200080000fc280224fdc9fe2e0000fd", "label": "D2 capture", "kind": "short", "opcode": "0x02", "frag_index": null, "checksum_ok": true, "declared_length": 18}
2026-09-27T21:09:15.084+00:00 RX a5120200080000fc280224fdc9fe2e0000fd D2 capture {"raw": "a5120200080000fc280224fdc9fe2e0000fd", "label": "D2 capture", "kind": "short", "opcode": "0x02", "frag_index": null, "checksum_ok": true, "declared_length": 18}
2026-09-27T21:09:15.106+00:00 RX a5120200080000fc280224fdc9fe2e0000fd D2 capture {"raw": "a5120200080000fc280224fdc9fe2e0000fd", "label": "D2 capture", "kind": "short", "opcode": "0x02", "frag_index": null, "checksum_ok": true, "declared_length": 18}
2026-09-27T21:09:15.107+00:00 RX a5120200080000fc280224fdc9fe2e0000fd D2 capture {"raw": "a5120200080000fc280224fdc9fe2e0000fd", "label": "D2 capture", "kind": "short", "opcode": "0x02", "frag_index": null, "checksum_ok": true, "declared_length": 18}
2026-09-27T21:09:15.136+00:00 RX a5120200080000fc280224fdc9fe2e0000fd D2 capture {"raw": "a5120200080000fc280224fdc9fe2e0000fd", "label": "D2 capture", "kind": "short", "opcode": "0x02", "frag_index": null, "checksum_ok": true, "declared_length": 18}
2026-09-27T21:09:15.137+00:00 RX a5120200080000fc280224fdc9fe2e0000fd D2 capture {"raw": "a5120200080000fc280224fdc9fe2e0000fd", "label": "D2 capture", "kind": "short", "opcode": "0x02", "frag_index": null, "checksum_ok": true, "declared_length": 18}
2026-09-27T21:09:15.159+00:00 RX a5120200080000fc280224fdc9fe2e0000fd D2 capture {"raw": "a5120200080000fc280224fdc9fe2e0000fd", "label": "D2 capture", "kind": "short", "opcode": "0x02", "frag_index": null, "checksum_ok": true, "declared_length": 18}
2026-09-27T21:09:15.174+00:00 RX a5120200080000fc280224fdc9fe2e0000fd D2 capture {"raw": "a5120200080000fc280224fdc9fe2e0000fd", "label": "D2 capture", "kind": "short", "opcode": "0x02", "frag_index": null, "checksum_ok": true, "declared_length": 18}
2026-09-27T21:09:15.195+00:00 RX a5120200080000fc280224fdc9fe2e0000fd D2 capture {"raw": "a5120200080000fc280224fdc9fe2e0000fd", "label": "D2 capture", "kind": "short", "opcode": "0x02", "frag_index": null, "checksum_ok": true, "declared_length": 18}
2026-09-27T21:09:15.211+00:00 RX a5120200080000fc280224fdc9fe2e0000fd D2 capture {"raw": "a5120200080000fc280224fdc9fe2e0000fd", "label": "D2 capture", "kind": "short", "opcode": "0x02", "frag_index": null, "checksum_ok": true, "declared_length": 18}
2026-09-27T21:09:15.225+00:00 RX a5120200080000fc280224fdc9fe2e0000fd D2 capture {"raw": "a5120200080000fc280224fdc9fe2e0000fd", "label": "D2 capture", "kind": "short", "opcode": "0x02", "frag_index": null, "checksum_ok": true, "declared_length": 18}
2026-09-27T21:09:15.239+00:00 RX a5120200080000fc280224fdc9fe2e0000fd D2 capture {"raw": "a5120200080000fc280224fdc9fe2e0000fd", "label": "D2 capture", "kind": "short", "opcode": "0x02", "frag_index": null, "checksum_ok": true, "declared_length": 18}
2026-09-27T21:09:15.254+00:00 RX a5120200080000fc280224fdc9fe2e0000fd D2 capture {"raw": "a5120200080000fc280224fdc9fe2e0000fd", "label": "D2 capture", "kind": "short", "opcode": "0x02", "frag_index": null, "checksum_ok": true, "declared_length": 18}
2026-09-27T21:09:15.269+00:00 RX a5120200080000fc280224fdc9fe2e0000fd D2 capture {"raw": "a5120200080000fc280224fdc9fe2e0000fd", "label": "D2 capture", "kind": "short", "opcode": "0x02", "frag_index": null, "checksum_ok": true, "declared_length": 18}
2026-09-27T21:09:15.284+00:00 RX a5120200080000fc280224fdc9fe2e0000fd D2 capture {"raw": "a5120200080000fc280224fdc9fe2e0000fd", "label": "D2 capture", "kind": "short", "opcode": "0x02", "frag_index": null, "checksum_ok": true, "declared_length": 18}
2026-09-27T21:09:15.299+00:00 RX a5120200080000fc280224fdc9fe2e0000fd D2 capture {"raw": "a5120200080000fc280224fdc9fe2e0000fd", "label": "D2 capture", "kind": "short", "opcode": "0x02", "frag_index": null, "checksum_ok": true, "declared_length": 18}
2026-09-27T21:09:15.314+00:00 RX a5120200080000fc280224fdc9fe2e0000fd D2 capture {"raw": "a5120200080000fc280224fdc9fe2e0000fd", "label": "D2 capture", "kind": "short", "opcode": "0x02", "frag_index": null, "checksum_ok": true, "declared_length": 18}
2026-09-27T21:09:15.330+00:00 RX a5120200080000fc280224fdc9fe2e0000fd D2 capture {"raw": "a5120200080000fc280224fdc9fe2e0000fd", "label": "D2 capture", "kind": "short", "opcode": "0x02", "frag_index": null, "checksum_ok": true, "declared_length": 18}
2026-09-27T21:09:15.345+00:00 RX a5120200080000fc280224fdc9fe2e0000fd D2 capture {"raw": "a5120200080000fc280224fdc9fe2e0000fd", "label": "D2 capture", "kind": "short", "opcode": "0x02", "frag_index": null, "checksum_ok": true, "declared_length": 18}
2026-09-27T21:09:15.361+00:00 RX a5120200080000fc280224fdc9fe2e0000fd D2 capture {"raw": "a5120200080000fc280224fdc9fe2e0000fd", "label": "D2 capture", "kind": "short", "opcode": "0x02", "frag_index": null, "checksum_ok": true, "declared_length": 18}
2026-09-27T21:09:15.375+00:00 RX a5120200080000fc280224fdc9fe2e0000fd D2 capture {"raw": "a5120200080000fc280224fdc9fe2e0000fd", "label": "D2 capture", "kind": "short", "opcode": "0x02", "frag_index": null, "checksum_ok": true, "declared_length": 18}
2026-09-27T21:09:15.399+00:00 RX a5120200080000fc280224fdc9fe2e0000fd D2 capture {"raw": "a5120200080000fc280224fdc9fe2e0000fd", "label": "D2 capture", "kind": "short", "opcode": "0x02", "frag_index": null, "checksum_ok": true, "declared_length": 18}
2026-09-27T21:09:15.414+00:00 RX a5120200000000fc280224fdc9fe2e0000f5 D2 capture {"raw": "a5120200000000fc280224fdc9fe2e0000f5", "label": "D2 capture", "kind": "short", "opcode": "0x02", "frag_index": null, "checksum_ok": true, "declared_length": 18}
2026-09-27T21:09:15.429+00:00 RX a5120200000000fc280224fdc9fe2e0000f5 D2 capture {"raw": "a5120200000000fc280224fdc9fe2e0000f5", "label": "D2 capture", "kind": "short", "opcode": "0x02", "frag_index": null, "checksum_ok": true, "declared_length": 18}
2026-09-27T21:09:15.443+00:00 RX a5120200000000fc280224fdc9fe2e0000f5 D2 capture {"raw": "a5120200000000fc280224fdc9fe2e0000f5", "label": "D2 capture", "kind": "short", "opcode": "0x02", "frag_index": null, "checksum_ok": true, "declared_length": 18}
2026-09-27T21:09:15.459+00:00 RX a5120200000000fc280224fdc9fe2e0000f5 D2 capture {"raw": "a5120200000000fc280224fdc9fe2e0000f5", "label": "D2 capture", "kind": "short", "opcode": "0x02", "frag_index": null, "checksum_ok": true, "declared_length": 18}
2026-09-27T21:09:15.472+00:00 RX a5120200000000fc280224fdc9fe2e0000f5 D2 capture {"raw": "a5120200000000fc280224fdc9fe2e0000f5", "label": "D2 capture", "kind": "short", "opcode": "0x02", "frag_index": null, "checksum_ok": true, "declared_length": 18}
2026-09-27T21:09:15.488+00:00 RX a5120200000000fc280224fdc9fe2e0000f5 D2 capture {"raw": "a5120200000000fc280224fdc9fe2e0000f5", "label": "D2 capture", "kind": "short", "opcode": "0x02", "frag_index": null, "checksum_ok": true, "declared_length": 18}
2026-09-27T21:09:15.504+00:00 RX a5120200000000fc280224fdc9fe2e0000f5 D2 capture {"raw": "a5120200000000fc280224fdc9fe2e0000f5", "label": "D2 capture", "kind": "short", "opcode": "0x02", "frag_index": null, "checksum_ok": true, "declared_length": 18}
2026-09-27T21:09:15.519+00:00 RX a5120200000000fc280224fdc9fe2e0000f5 D2 capture {"raw": "a5120200000000fc280224fdc9fe2e0000f5", "label": "D2 capture", "kind": "short", "opcode": "0x02", "frag_index": null, "checksum_ok": true, "declared_length": 18}
2026-09-27T21:09:15.540+00:00 RX a5120200000000fc280224fdc9fe2e0000f5 D2 capture {"raw": "a5120200000000fc280224fdc9fe2e0000f5", "label": "D2 capture", "kind": "short", "opcode": "0x02", "frag_index": null, "checksum_ok": true, "declared_length": 18}
2026-09-27T21:09:15.555+00:00 RX a5120200000000fc280224fdc9fe2e0000f5 D2 capture {"raw": "a5120200000000fc280224fdc9fe2e0000f5", "label": "D2 capture", "kind": "short", "opcode": "0x02", "frag_index": null, "checksum_ok": true, "declared_length": 18}
2026-09-27T21:09:15.569+00:00 RX a5120200000000fc280224fdc9fe2e0000f5 D2 capture {"raw": "a5120200000000fc280224fdc9fe2e0000f5", "label": "D2 capture", "kind": "short", "opcode": "0x02", "frag_index": null, "checksum_ok": true, "declared_length": 18}
2026-09-27T21:09:15.584+00:00 RX a5120200000000fc280224fdc9fe2e0000f5 D2 capture {"raw": "a5120200000000fc280224fdc9fe2e0000f5", "label": "D2 capture", "kind": "short", "opcode": "0x02", "frag_index": null, "checksum_ok": true, "declared_length": 18}
2026-09-27T21:09:15.599+00:00 RX a5120200000000fc280224fdc9fe2e0000f5 D2 capture {"raw": "a5120200000000fc280224fdc9fe2e0000f5", "label": "D2 capture", "kind": "short", "opcode": "0x02", "frag_index": null, "checksum_ok": true, "declared_length": 18}
2026-09-27T21:09:15.616+00:00 RX a5120200000000fc280224fdc9fe2e0000f5 D2 capture {"raw": "a5120200000000fc280224fdc9fe2e0000f5", "label": "D2 capture", "kind": "short", "opcode": "0x02", "frag_index": null, "checksum_ok": true, "declared_length": 18}
2026-09-27T21:09:15.630+00:00 RX a5120200000000fc280224fdc9fe2e0000f5 D2 capture {"raw": "a5120200000000fc280224fdc9fe2e0000f5", "label": "D2 capture", "kind": "short", "opcode": "0x02", "frag_index": null, "checksum_ok": true, "declared_length": 18}
2026-09-27T21:09:15.646+00:00 RX a5120200000000fc280224fdc9fe2e0000f5 D2 capture {"raw": "a5120200000000fc280224fdc9fe2e0000f5", "label": "D2 capture", "kind": "short", "opcode": "0x02", "frag_index": null, "checksum_ok": true, "declared_length": 18}
2026-09-27T21:09:15.660+00:00 RX a5120200000000fc280224fdc9fe2e0000f5 D2 capture {"raw": "a5120200000000fc280224fdc9fe2e0000f5", "label": "D2 capture", "kind": "short", "opcode": "0x02", "frag_index": null, "checksum_ok": true, "declared_length": 18}
2026-09-27T21:09:15.676+00:00 RX a5120200000000fc280224fdc9fe2e0000f5 D2 capture {"raw": "a5120200000000fc280224fdc9fe2e0000f5", "label": "D2 capture", "kind": "short", "opcode": "0x02", "frag_index": null, "checksum_ok": true, "declared_length": 18}
2026-09-27T21:09:15.690+00:00 RX a5120200000000fc280224fdc9fe2e0000f5 D2 capture {"raw": "a5120200000000fc280224fdc9fe2e0000f5", "label": "D2 capture", "kind": "short", "opcode": "0x02", "frag_index": null, "checksum_ok": true, "declared_length": 18}
2026-09-27T21:09:15.706+00:00 RX a5120200000000fc280224fdc9fe2e0000f5 D2 capture {"raw": "a5120200000000fc280224fdc9fe2e0000f5", "label": "D2 capture", "kind": "short", "opcode": "0x02", "frag_index": null, "checksum_ok": true, "declared_length": 18}
2026-09-27T21:09:15.720+00:00 RX a5120200000000fc280224fdc9fe2e0000f5 D2 capture {"raw": "a5120200000000fc280224fdc9fe2e0000f5", "label": "D2 capture", "kind": "short", "opcode": "0x02", "frag_index": null, "checksum_ok": true, "declared_length": 18}
2026-09-27T21:09:15.735+00:00 RX a5120200000000fc280224fdc9fe2e0000f5 D2 capture {"raw": "a5120200000000fc280224fdc9fe2e0000f5", "label": "D2 capture", "kind": "short", "opcode": "0x02", "frag_index": null, "checksum_ok": true, "declared_length": 18}
2026-09-27T21:09:15.750+00:00 RX a5120200000000fc280224fdc9fe2e0000f5 D2 capture {"raw": "a5120200000000fc280224fdc9fe2e0000f5", "label": "D2 capture", "kind": "short", "opcode": "0x02", "frag_index": null, "checksum_ok": true, "declared_length": 18}
2026-09-27T21:09:15.766+00:00 RX a5120200000000fc280224fdc9fe2e0000f5 D2 capture {"raw": "a5120200000000fc280224fdc9fe2e0000f5", "label": "D2 capture", "kind": "short", "opcode": "0x02", "frag_index": null, "checksum_ok": true, "declared_length": 18}
2026-09-27T21:09:15.780+00:00 RX a5120200000000fc280224fdc9fe2e0000f5 D2 capture {"raw": "a5120200000000fc280224fdc9fe2e0000f5", "label": "D2 capture", "kind": "short", "opcode": "0x02", "frag_index": null, "checksum_ok": true, "declared_length": 18}
2026-09-27T21:09:15.794+00:00 RX a5120200000000fc280224fdc9fe2e0000f5 D2 capture {"raw": "a5120200000000fc280224fdc9fe2e0000f5", "label": "D2 capture", "kind": "short", "opcode": "0x02", "frag_index": null, "checksum_ok": true, "declared_length": 18}
2026-09-27T21:09:15.809+00:00 RX a5120200000000fc280224fdc9fe2e0000f5 D2 capture {"raw": "a5120200000000fc280224fdc9fe2e0000f5", "label": "D2 capture", "kind": "short", "opcode": "0x02", "frag_index": null, "checksum_ok": true, "declared_length": 18}
2026-09-27T21:09:15.825+00:00 RX a5120200000000fc280224fdc9fe2e0000f5 D2 capture {"raw": "a5120200000000fc280224fdc9fe2e0000f5", "label": "D2 capture", "kind": "short", "opcode": "0x02", "frag_index": null, "checksum_ok": true, "declared_length": 18}
2026-09-27T21:09:15.841+00:00 RX a5120200000000fc280224fdc9fe2e0000f5 D2 capture {"raw": "a5120200000000fc280224fdc9fe2e0000f5", "label": "D2 capture", "kind": "short", "opcode": "0x02", "frag_index": null, "checksum_ok": true, "declared_length": 18}
2026-09-27T21:09:15.854+00:00 RX a5120200000000fc280224fdc9fe2e0000f5 D2 capture {"raw": "a5120200000000fc280224fdc9fe2e0000f5", "label": "D2 capture", "kind": "short", "opcode": "0x02", "frag_index": null, "checksum_ok": true, "declared_length": 18}
2026-09-27T21:09:15.869+00:00 RX a5120200000000fc280224fdc9fe2e0000f5 D2 capture {"raw": "a5120200000000fc280224fdc9fe2e0000f5", "label": "D2 capture", "kind": "short", "opcode": "0x02", "frag_index": null, "checksum_ok": true, "declared_length": 18}
2026-09-27T21:09:15.887+00:00 RX a5120200000000fc280224fdc9fe2e0000f5 D2 capture {"raw": "a5120200000000fc280224fdc9fe2e0000f5", "label": "D2 capture", "kind": "short", "opcode": "0x02", "frag_index": null, "checksum_ok": true, "declared_length": 18}
2026-09-27T21:09:15.902+00:00 RX a5120200000000fc280224fdc9fe2e0000f5 D2 capture {"raw": "a5120200000000fc280224fdc9fe2e0000f5", "label": "D2 capture", "kind": "short", "opcode": "0x02", "frag_index": null, "checksum_ok": true, "declared_length": 18}
2026-09-27T21:09:15.916+00:00 RX a5120200000000fc280224fdc9fe2e0000f5 D2 capture {"raw": "a5120200000000fc280224fdc9fe2e0000f5", "label": "D2 capture", "kind": "short", "opcode": "0x02", "frag_index": null, "checksum_ok": true, "declared_length": 18}
2026-09-27T21:09:15.932+00:00 RX a5120200000000fc280224fdc9fe2e0000f5 D2 capture {"raw": "a5120200000000fc280224fdc9fe2e0000f5", "label": "D2 capture", "kind": "short", "opcode": "0x02", "frag_index": null, "checksum_ok": true, "declared_length": 18}
2026-09-27T21:09:15.947+00:00 RX a5120200000000fc280224fdc9fe2e0000f5 D2 capture {"raw": "a5120200000000fc280224fdc9fe2e0000f5", "label": "D2 capture", "kind": "short", "opcode": "0x02", "frag_index": null, "checksum_ok": true, "declared_length": 18}
2026-09-27T21:09:15.961+00:00 RX a5120200000000fc280224fdc9fe2e0000f5 D2 capture {"raw": "a5120200000000fc280224fdc9fe2e0000f5", "label": "D2 capture", "kind": "short", "opcode": "0x02", "frag_index": null, "checksum_ok": true, "declared_length": 18}
2026-09-27T21:09:15.986+00:00 RX a5120200000000fc280224fdc9fe2e0000f5 D2 capture {"raw": "a5120200000000fc280224fdc9fe2e0000f5", "label": "D2 capture", "kind": "short", "opcode": "0x02", "frag_index": null, "checksum_ok": true, "declared_length": 18}
2026-09-27T21:09:15.986+00:00 RX a5120200000000fc280224fdc9fe2e0000f5 D2 capture {"raw": "a5120200000000fc280224fdc9fe2e0000f5", "label": "D2 capture", "kind": "short", "opcode": "0x02", "frag_index": null, "checksum_ok": true, "declared_length": 18}
2026-09-27T21:09:16.006+00:00 RX a5120200000000fc280224fdc9fe2e0000f5 D2 capture {"raw": "a5120200000000fc280224fdc9fe2e0000f5", "label": "D2 capture", "kind": "short", "opcode": "0x02", "frag_index": null, "checksum_ok": true, "declared_length": 18}
2026-09-27T21:09:16.021+00:00 RX a5120200000000fc280224fdc9fe2e0000f5 D2 capture {"raw": "a5120200000000fc280224fdc9fe2e0000f5", "label": "D2 capture", "kind": "short", "opcode": "0x02", "frag_index": null, "checksum_ok": true, "declared_length": 18}
2026-09-27T21:09:16.036+00:00 RX a5120200000000fc280224fdc9fe2e0000f5 D2 capture {"raw": "a5120200000000fc280224fdc9fe2e0000f5", "label": "D2 capture", "kind": "short", "opcode": "0x02", "frag_index": null, "checksum_ok": true, "declared_length": 18}
2026-09-27T21:09:16.049+00:00 RX a5120200000000fc280224fdc9fe2e0000f5 D2 capture {"raw": "a5120200000000fc280224fdc9fe2e0000f5", "label": "D2 capture", "kind": "short", "opcode": "0x02", "frag_index": null, "checksum_ok": true, "declared_length": 18}
2026-09-27T21:09:16.066+00:00 RX a5120200000000fc280224fdc9fe2e0000f5 D2 capture {"raw": "a5120200000000fc280224fdc9fe2e0000f5", "label": "D2 capture", "kind": "short", "opcode": "0x02", "frag_index": null, "checksum_ok": true, "declared_length": 18}
2026-09-27T21:09:16.081+00:00 RX a5120200000000fc280224fdc9fe2e0000f5 D2 capture {"raw": "a5120200000000fc280224fdc9fe2e0000f5", "label": "D2 capture", "kind": "short", "opcode": "0x02", "frag_index": null, "checksum_ok": true, "declared_length": 18}
2026-09-27T21:09:16.095+00:00 RX a5120200000000fc280224fdc9fe2e0000f5 D2 capture {"raw": "a5120200000000fc280224fdc9fe2e0000f5", "label": "D2 capture", "kind": "short", "opcode": "0x02", "frag_index": null, "checksum_ok": true, "declared_length": 18}
2026-09-27T21:09:16.125+00:00 RX a5120200000000fc280224fdc9fe2e0000f5 D2 capture {"raw": "a5120200000000fc280224fdc9fe2e0000f5", "label": "D2 capture", "kind": "short", "opcode": "0x02", "frag_index": null, "checksum_ok": true, "declared_length": 18}
2026-09-27T21:09:16.126+00:00 RX a5120200000000fc280224fdc9fe2e0000f5 D2 capture {"raw": "a5120200000000fc280224fdc9fe2e0000f5", "label": "D2 capture", "kind": "short", "opcode": "0x02", "frag_index": null, "checksum_ok": true, "declared_length": 18}
2026-09-27T21:09:16.148+00:00 RX a5120200000000fc280224fdc9fe2e0000f5 D2 capture {"raw": "a5120200000000fc280224fdc9fe2e0000f5", "label": "D2 capture", "kind": "short", "opcode": "0x02", "frag_index": null, "checksum_ok": true, "declared_length": 18}
2026-09-27T21:09:16.162+00:00 RX a5120200000000fc280224fdc9fe2e0000f5 D2 capture {"raw": "a5120200000000fc280224fdc9fe2e0000f5", "label": "D2 capture", "kind": "short", "opcode": "0x02", "frag_index": null, "checksum_ok": true, "declared_length": 18}
2026-09-27T21:09:16.177+00:00 RX a5120200000000fc280224fdc9fe2e0000f5 D2 capture {"raw": "a5120200000000fc280224fdc9fe2e0000f5", "label": "D2 capture", "kind": "short", "opcode": "0x02", "frag_index": null, "checksum_ok": true, "declared_length": 18}
2026-09-27T21:09:16.192+00:00 RX a5120200000000fc280224fdc9fe2e0000f5 D2 capture {"raw": "a5120200000000fc280224fdc9fe2e0000f5", "label": "D2 capture", "kind": "short", "opcode": "0x02", "frag_index": null, "checksum_ok": true, "declared_length": 18}
2026-09-27T21:09:16.209+00:00 RX a5120200000000fc280224fdc9fe2e0000f5 D2 capture {"raw": "a5120200000000fc280224fdc9fe2e0000f5", "label": "D2 capture", "kind": "short", "opcode": "0x02", "frag_index": null, "checksum_ok": true, "declared_length": 18}
2026-09-27T21:09:16.224+00:00 RX a5120200000000fc280224fdc9fe2e0000f5 D2 capture {"raw": "a5120200000000fc280224fdc9fe2e0000f5", "label": "D2 capture", "kind": "short", "opcode": "0x02", "frag_index": null, "checksum_ok": true, "declared_length": 18}
2026-09-27T21:09:16.238+00:00 RX a5120200000000fc280224fdc9fe2e0000f5 D2 capture {"raw": "a5120200000000fc280224fdc9fe2e0000f5", "label": "D2 capture", "kind": "short", "opcode": "0x02", "frag_index": null, "checksum_ok": true, "declared_length": 18}
2026-09-27T21:09:16.253+00:00 RX a5120200000000fc280224fdc9fe2e0000f5 D2 capture {"raw": "a5120200000000fc280224fdc9fe2e0000f5", "label": "D2 capture", "kind": "short", "opcode": "0x02", "frag_index": null, "checksum_ok": true, "declared_length": 18}
2026-09-27T21:09:16.269+00:00 RX a5120200000000fc280224fdc9fe2e0000f5 D2 capture {"raw": "a5120200000000fc280224fdc9fe2e0000f5", "label": "D2 capture", "kind": "short", "opcode": "0x02", "frag_index": null, "checksum_ok": true, "declared_length": 18}
2026-09-27T21:09:16.283+00:00 RX a5120200000000fc280224fdc9fe2e0000f5 D2 capture {"raw": "a5120200000000fc280224fdc9fe2e0000f5", "label": "D2 capture", "kind": "short", "opcode": "0x02", "frag_index": null, "checksum_ok": true, "declared_length": 18}
2026-09-27T21:09:16.299+00:00 RX a5120200000000fc280224fdc9fe2e0000f5 D2 capture {"raw": "a5120200000000fc280224fdc9fe2e0000f5", "label": "D2 capture", "kind": "short", "opcode": "0x02", "frag_index": null, "checksum_ok": true, "declared_length": 18}
2026-09-27T21:09:16.320+00:00 RX a5120200000000fc280224fdc9fe2e0000f5 D2 capture {"raw": "a5120200000000fc280224fdc9fe2e0000f5", "label": "D2 capture", "kind": "short", "opcode": "0x02", "frag_index": null, "checksum_ok": true, "declared_length": 18}
2026-09-27T21:09:16.336+00:00 RX a5120200000000fc280224fdc9fe2e0000f5 D2 capture {"raw": "a5120200000000fc280224fdc9fe2e0000f5", "label": "D2 capture", "kind": "short", "opcode": "0x02", "frag_index": null, "checksum_ok": true, "declared_length": 18}
2026-09-27T21:09:16.350+00:00 RX a5120200000000fc280224fdc9fe2e0000f5 D2 capture {"raw": "a5120200000000fc280224fdc9fe2e0000f5", "label": "D2 capture", "kind": "short", "opcode": "0x02", "frag_index": null, "checksum_ok": true, "declared_length": 18}
2026-09-27T21:09:16.366+00:00 RX a5120200000000fc280224fdc9fe2e0000f5 D2 capture {"raw": "a5120200000000fc280224fdc9fe2e0000f5", "label": "D2 capture", "kind": "short", "opcode": "0x02", "frag_index": null, "checksum_ok": true, "declared_length": 18}
2026-09-27T21:09:16.380+00:00 RX a5120200000000fc280224fdc9fe2e0000f5 D2 capture {"raw": "a5120200000000fc280224fdc9fe2e0000f5", "label": "D2 capture", "kind": "short", "opcode": "0x02", "frag_index": null, "checksum_ok": true, "declared_length": 18}
2026-09-27T21:09:16.394+00:00 RX a5120200000000fc280224fdc9fe2e0000f5 D2 capture {"raw": "a5120200000000fc280224fdc9fe2e0000f5", "label": "D2 capture", "kind": "short", "opcode": "0x02", "frag_index": null, "checksum_ok": true, "declared_length": 18}
2026-09-27T21:09:16.418+00:00 RX a5120200000000fc280224fdc9fe2e0000f5 D2 capture {"raw": "a5120200000000fc280224fdc9fe2e0000f5", "label": "D2 capture", "kind": "short", "opcode": "0x02", "frag_index": null, "checksum_ok": true, "declared_length": 18}
2026-09-27T21:09:16.418+00:00 RX a5120200000000fc280224fdc9fe2e0000f5 D2 capture {"raw": "a5120200000000fc280224fdc9fe2e0000f5", "label": "D2 capture", "kind": "short", "opcode": "0x02", "frag_index": null, "checksum_ok": true, "declared_length": 18}
2026-09-27T21:09:16.440+00:00 RX a5120200000000fc280224fdc9fe2e0000f5 D2 capture {"raw": "a5120200000000fc280224fdc9fe2e0000f5", "label": "D2 capture", "kind": "short", "opcode": "0x02", "frag_index": null, "checksum_ok": true, "declared_length": 18}
2026-09-27T21:09:16.455+00:00 RX a5120200000000fc280224fdc9fe2e0000f5 D2 capture {"raw": "a5120200000000fc280224fdc9fe2e0000f5", "label": "D2 capture", "kind": "short", "opcode": "0x02", "frag_index": null, "checksum_ok": true, "declared_length": 18}
2026-09-27T21:09:16.469+00:00 RX a5120200000000fc280224fdc9fe2e0000f5 D2 capture {"raw": "a5120200000000fc280224fdc9fe2e0000f5", "label": "D2 capture", "kind": "short", "opcode": "0x02", "frag_index": null, "checksum_ok": true, "declared_length": 18}
2026-09-27T21:09:16.486+00:00 RX a5120200000000fc280224fdc9fe2e0000f5 D2 capture {"raw": "a5120200000000fc280224fdc9fe2e0000f5", "label": "D2 capture", "kind": "short", "opcode": "0x02", "frag_index": null, "checksum_ok": true, "declared_length": 18}
2026-09-27T21:09:16.501+00:00 RX a5120200000000fc280224fdc9fe2e0000f5 D2 capture {"raw": "a5120200000000fc280224fdc9fe2e0000f5", "label": "D2 capture", "kind": "short", "opcode": "0x02", "frag_index": null, "checksum_ok": true, "declared_length": 18}
2026-09-27T21:09:16.524+00:00 RX a5120200000000fc280224fdc9fe2e0000f5 D2 capture {"raw": "a5120200000000fc280224fdc9fe2e0000f5", "label": "D2 capture", "kind": "short", "opcode": "0x02", "frag_index": null, "checksum_ok": true, "declared_length": 18}
2026-09-27T21:09:16.539+00:00 RX a5120200000000fc280224fdc9fe2e0000f5 D2 capture {"raw": "a5120200000000fc280224fdc9fe2e0000f5", "label": "D2 capture", "kind": "short", "opcode": "0x02", "frag_index": null, "checksum_ok": true, "declared_length": 18}
2026-09-27T21:09:16.554+00:00 RX a5120200000000fc280224fdc9fe2e0000f5 D2 capture {"raw": "a5120200000000fc280224fdc9fe2e0000f5", "label": "D2 capture", "kind": "short", "opcode": "0x02", "frag_index": null, "checksum_ok": true, "declared_length": 18}
2026-09-27T21:09:16.569+00:00 RX a5120200000000fc280224fdc9fe2e0000f5 D2 capture {"raw": "a5120200000000fc280224fdc9fe2e0000f5", "label": "D2 capture", "kind": "short", "opcode": "0x02", "frag_index": null, "checksum_ok": true, "declared_length": 18}
2026-09-27T21:09:16.584+00:00 RX a5120200000000fc280224fdc9fe2e0000f5 D2 capture {"raw": "a5120200000000fc280224fdc9fe2e0000f5", "label": "D2 capture", "kind": "short", "opcode": "0x02", "frag_index": null, "checksum_ok": true, "declared_length": 18}
2026-09-27T21:09:16.599+00:00 RX a5120200000000fc280224fdc9fe2e0000f5 D2 capture {"raw": "a5120200000000fc280224fdc9fe2e0000f5", "label": "D2 capture", "kind": "short", "opcode": "0x02", "frag_index": null, "checksum_ok": true, "declared_length": 18}
2026-09-27T21:09:16.885+00:00 RX a5120200010000fc280224fdc9fe2e0000f6 D2 capture {"raw": "a5120200010000fc280224fdc9fe2e0000f6", "label": "D2 capture", "kind": "short", "opcode": "0x02", "frag_index": null, "checksum_ok": true, "declared_length": 18}
2026-09-27T21:09:16.899+00:00 RX a5120200010000fc280224fdc9fe2e0000f6 D2 capture {"raw": "a5120200010000fc280224fdc9fe2e0000f6", "label": "D2 capture", "kind": "short", "opcode": "0x02", "frag_index": null, "checksum_ok": true, "declared_length": 18}
2026-09-27T21:09:16.920+00:00 RX a5120200010000fc280224fdc9fe2e0000f6 D2 capture {"raw": "a5120200010000fc280224fdc9fe2e0000f6", "label": "D2 capture", "kind": "short", "opcode": "0x02", "frag_index": null, "checksum_ok": true, "declared_length": 18}
2026-09-27T21:09:16.935+00:00 RX a5120200010000fc280224fdc9fe2e0000f6 D2 capture {"raw": "a5120200010000fc280224fdc9fe2e0000f6", "label": "D2 capture", "kind": "short", "opcode": "0x02", "frag_index": null, "checksum_ok": true, "declared_length": 18}
2026-09-27T21:09:16.952+00:00 RX a5120200010000fc280224fdc9fe2e0000f6 D2 capture {"raw": "a5120200010000fc280224fdc9fe2e0000f6", "label": "D2 capture", "kind": "short", "opcode": "0x02", "frag_index": null, "checksum_ok": true, "declared_length": 18}
2026-09-27T21:09:16.966+00:00 RX a5120200010000fc280224fdc9fe2e0000f6 D2 capture {"raw": "a5120200010000fc280224fdc9fe2e0000f6", "label": "D2 capture", "kind": "short", "opcode": "0x02", "frag_index": null, "checksum_ok": true, "declared_length": 18}
2026-09-27T21:09:16.980+00:00 RX a5120200010000fc280224fdc9fe2e0000f6 D2 capture {"raw": "a5120200010000fc280224fdc9fe2e0000f6", "label": "D2 capture", "kind": "short", "opcode": "0x02", "frag_index": null, "checksum_ok": true, "declared_length": 18}
2026-09-27T21:09:16.995+00:00 RX a5120200010000fc280224fdc9fe2e0000f6 D2 capture {"raw": "a5120200010000fc280224fdc9fe2e0000f6", "label": "D2 capture", "kind": "short", "opcode": "0x02", "frag_index": null, "checksum_ok": true, "declared_length": 18}
2026-09-27T21:09:17.019+00:00 RX a5120200010000fc280224fdc9fe2e0000f6 D2 capture {"raw": "a5120200010000fc280224fdc9fe2e0000f6", "label": "D2 capture", "kind": "short", "opcode": "0x02", "frag_index": null, "checksum_ok": true, "declared_length": 18}
2026-09-27T21:09:17.019+00:00 RX a5120200010000fc280224fdc9fe2e0000f6 D2 capture {"raw": "a5120200010000fc280224fdc9fe2e0000f6", "label": "D2 capture", "kind": "short", "opcode": "0x02", "frag_index": null, "checksum_ok": true, "declared_length": 18}
2026-09-27T21:09:17.039+00:00 RX a5120200010000fc280224fdc9fe2e0000f6 D2 capture {"raw": "a5120200010000fc280224fdc9fe2e0000f6", "label": "D2 capture", "kind": "short", "opcode": "0x02", "frag_index": null, "checksum_ok": true, "declared_length": 18}
2026-09-27T21:09:17.054+00:00 RX a5120200010000fc280224fdc9fe2e0000f6 D2 capture {"raw": "a5120200010000fc280224fdc9fe2e0000f6", "label": "D2 capture", "kind": "short", "opcode": "0x02", "frag_index": null, "checksum_ok": true, "declared_length": 18}
2026-09-27T21:09:17.069+00:00 RX a5120200010000fc280224fdc9fe2e0000f6 D2 capture {"raw": "a5120200010000fc280224fdc9fe2e0000f6", "label": "D2 capture", "kind": "short", "opcode": "0x02", "frag_index": null, "checksum_ok": true, "declared_length": 18}
2026-09-27T21:09:17.087+00:00 RX a5120200010000fc280224fdc9fe2e0000f6 D2 capture {"raw": "a5120200010000fc280224fdc9fe2e0000f6", "label": "D2 capture", "kind": "short", "opcode": "0x02", "frag_index": null, "checksum_ok": true, "declared_length": 18}
2026-09-27T21:09:17.101+00:00 RX a5120200010000fc280224fdc9fe2e0000f6 D2 capture {"raw": "a5120200010000fc280224fdc9fe2e0000f6", "label": "D2 capture", "kind": "short", "opcode": "0x02", "frag_index": null, "checksum_ok": true, "declared_length": 18}
2026-09-27T21:09:17.115+00:00 RX a5120200010000fc280224fdc9fe2e0000f6 D2 capture {"raw": "a5120200010000fc280224fdc9fe2e0000f6", "label": "D2 capture", "kind": "short", "opcode": "0x02", "frag_index": null, "checksum_ok": true, "declared_length": 18}
2026-09-27T21:09:17.140+00:00 RX a5120200010000fc280224fdc9fe2e0000f6 D2 capture {"raw": "a5120200010000fc280224fdc9fe2e0000f6", "label": "D2 capture", "kind": "short", "opcode": "0x02", "frag_index": null, "checksum_ok": true, "declared_length": 18}
2026-09-27T21:09:17.140+00:00 RX a5120200010000fc280224fdc9fe2e0000f6 D2 capture {"raw": "a5120200010000fc280224fdc9fe2e0000f6", "label": "D2 capture", "kind": "short", "opcode": "0x02", "frag_index": null, "checksum_ok": true, "declared_length": 18}
2026-09-27T21:09:17.161+00:00 RX a5120200010000fc280224fdc9fe2e0000f6 D2 capture {"raw": "a5120200010000fc280224fdc9fe2e0000f6", "label": "D2 capture", "kind": "short", "opcode": "0x02", "frag_index": null, "checksum_ok": true, "declared_length": 18}
2026-09-27T21:09:17.175+00:00 RX a5120200010000fc280224fdc9fe2e0000f6 D2 capture {"raw": "a5120200010000fc280224fdc9fe2e0000f6", "label": "D2 capture", "kind": "short", "opcode": "0x02", "frag_index": null, "checksum_ok": true, "declared_length": 18}
2026-09-27T21:09:17.189+00:00 RX a5120200010000fc280224fdc9fe2e0000f6 D2 capture {"raw": "a5120200010000fc280224fdc9fe2e0000f6", "label": "D2 capture", "kind": "short", "opcode": "0x02", "frag_index": null, "checksum_ok": true, "declared_length": 18}
2026-09-27T21:09:17.206+00:00 RX a5120200010000fc280224fdc9fe2e0000f6 D2 capture {"raw": "a5120200010000fc280224fdc9fe2e0000f6", "label": "D2 capture", "kind": "short", "opcode": "0x02", "frag_index": null, "checksum_ok": true, "declared_length": 18}
2026-09-27T21:09:17.221+00:00 RX a5120200010000fc280224fdc9fe2e0000f6 D2 capture {"raw": "a5120200010000fc280224fdc9fe2e0000f6", "label": "D2 capture", "kind": "short", "opcode": "0x02", "frag_index": null, "checksum_ok": true, "declared_length": 18}
2026-09-27T21:09:17.234+00:00 RX a5120200010000fc280224fdc9fe2e0000f6 D2 capture {"raw": "a5120200010000fc280224fdc9fe2e0000f6", "label": "D2 capture", "kind": "short", "opcode": "0x02", "frag_index": null, "checksum_ok": true, "declared_length": 18}
2026-09-27T21:09:17.250+00:00 RX a5120200010000fc280224fdc9fe2e0000f6 D2 capture {"raw": "a5120200010000fc280224fdc9fe2e0000f6", "label": "D2 capture", "kind": "short", "opcode": "0x02", "frag_index": null, "checksum_ok": true, "declared_length": 18}
2026-09-27T21:09:17.266+00:00 RX a5120200010000fc280224fdc9fe2e0000f6 D2 capture {"raw": "a5120200010000fc280224fdc9fe2e0000f6", "label": "D2 capture", "kind": "short", "opcode": "0x02", "frag_index": null, "checksum_ok": true, "declared_length": 18}
2026-09-27T21:09:17.279+00:00 RX a5120200010000fc280224fdc9fe2e0000f6 D2 capture {"raw": "a5120200010000fc280224fdc9fe2e0000f6", "label": "D2 capture", "kind": "short", "opcode": "0x02", "frag_index": null, "checksum_ok": true, "declared_length": 18}
2026-09-27T21:09:17.294+00:00 RX a5120200010000fc280224fdc9fe2e0000f6 D2 capture {"raw": "a5120200010000fc280224fdc9fe2e0000f6", "label": "D2 capture", "kind": "short", "opcode": "0x02", "frag_index": null, "checksum_ok": true, "declared_length": 18}
2026-09-27T21:09:17.313+00:00 RX a5120200010000fc280224fdc9fe2e0000f6 D2 capture {"raw": "a5120200010000fc280224fdc9fe2e0000f6", "label": "D2 capture", "kind": "short", "opcode": "0x02", "frag_index": null, "checksum_ok": true, "declared_length": 18}
2026-09-27T21:09:17.325+00:00 RX a5120200010000fc280224fdc9fe2e0000f6 D2 capture {"raw": "a5120200010000fc280224fdc9fe2e0000f6", "label": "D2 capture", "kind": "short", "opcode": "0x02", "frag_index": null, "checksum_ok": true, "declared_length": 18}
2026-09-27T21:09:17.339+00:00 RX a5120200010000fc280224fdc9fe2e0000f6 D2 capture {"raw": "a5120200010000fc280224fdc9fe2e0000f6", "label": "D2 capture", "kind": "short", "opcode": "0x02", "frag_index": null, "checksum_ok": true, "declared_length": 18}
2026-09-27T21:09:17.355+00:00 RX a5120200010000fc280224fdc9fe2e0000f6 D2 capture {"raw": "a5120200010000fc280224fdc9fe2e0000f6", "label": "D2 capture", "kind": "short", "opcode": "0x02", "frag_index": null, "checksum_ok": true, "declared_length": 18}
2026-09-27T21:09:17.377+00:00 RX a5120200010000fc280224fdc9fe2e0000f6 D2 capture {"raw": "a5120200010000fc280224fdc9fe2e0000f6", "label": "D2 capture", "kind": "short", "opcode": "0x02", "frag_index": null, "checksum_ok": true, "declared_length": 18}
2026-09-27T21:09:17.396+00:00 RX a5120200010000fc280224fdc9fe2e0000f6 D2 capture {"raw": "a5120200010000fc280224fdc9fe2e0000f6", "label": "D2 capture", "kind": "short", "opcode": "0x02", "frag_index": null, "checksum_ok": true, "declared_length": 18}
2026-09-27T21:09:17.409+00:00 RX a5120200010000fc280224fdc9fe2e0000f6 D2 capture {"raw": "a5120200010000fc280224fdc9fe2e0000f6", "label": "D2 capture", "kind": "short", "opcode": "0x02", "frag_index": null, "checksum_ok": true, "declared_length": 18}
2026-09-27T21:09:17.430+00:00 RX a5120200010000fc280224fdc9fe2e0000f6 D2 capture {"raw": "a5120200010000fc280224fdc9fe2e0000f6", "label": "D2 capture", "kind": "short", "opcode": "0x02", "frag_index": null, "checksum_ok": true, "declared_length": 18}
2026-09-27T21:09:17.430+00:00 RX a5120200010000fc280224fdc9fe2e0000f6 D2 capture {"raw": "a5120200010000fc280224fdc9fe2e0000f6", "label": "D2 capture", "kind": "short", "opcode": "0x02", "frag_index": null, "checksum_ok": true, "declared_length": 18}
2026-09-27T21:09:17.454+00:00 RX a5120200010000fc280224fdc9fe2e0000f6 D2 capture {"raw": "a5120200010000fc280224fdc9fe2e0000f6", "label": "D2 capture", "kind": "short", "opcode": "0x02", "frag_index": null, "checksum_ok": true, "declared_length": 18}
2026-09-27T21:09:17.469+00:00 RX a5120200010000fc280224fdc9fe2e0000f6 D2 capture {"raw": "a5120200010000fc280224fdc9fe2e0000f6", "label": "D2 capture", "kind": "short", "opcode": "0x02", "frag_index": null, "checksum_ok": true, "declared_length": 18}
2026-09-27T21:09:17.489+00:00 RX a5120200010000fc280224fdc9fe2e0000f6 D2 capture {"raw": "a5120200010000fc280224fdc9fe2e0000f6", "label": "D2 capture", "kind": "short", "opcode": "0x02", "frag_index": null, "checksum_ok": true, "declared_length": 18}
2026-09-27T21:09:17.505+00:00 RX a5120200010000fc280224fdc9fe2e0000f6 D2 capture {"raw": "a5120200010000fc280224fdc9fe2e0000f6", "label": "D2 capture", "kind": "short", "opcode": "0x02", "frag_index": null, "checksum_ok": true, "declared_length": 18}
2026-09-27T21:09:17.519+00:00 RX a5120200010000fc280224fdc9fe2e0000f6 D2 capture {"raw": "a5120200010000fc280224fdc9fe2e0000f6", "label": "D2 capture", "kind": "short", "opcode": "0x02", "frag_index": null, "checksum_ok": true, "declared_length": 18}
2026-09-27T21:09:17.534+00:00 RX a5120200000000fc280224fdc9fe2e0000f5 D2 capture {"raw": "a5120200000000fc280224fdc9fe2e0000f5", "label": "D2 capture", "kind": "short", "opcode": "0x02", "frag_index": null, "checksum_ok": true, "declared_length": 18}
2026-09-27T21:09:17.555+00:00 RX a5120200000000fc280224fdc9fe2e0000f5 D2 capture {"raw": "a5120200000000fc280224fdc9fe2e0000f5", "label": "D2 capture", "kind": "short", "opcode": "0x02", "frag_index": null, "checksum_ok": true, "declared_length": 18}
2026-09-27T21:09:17.566+00:00 RX a5120200000000fc280224fdc9fe2e0000f5 D2 capture {"raw": "a5120200000000fc280224fdc9fe2e0000f5", "label": "D2 capture", "kind": "short", "opcode": "0x02", "frag_index": null, "checksum_ok": true, "declared_length": 18}
2026-09-27T21:09:17.579+00:00 RX a5120200000000fc280224fdc9fe2e0000f5 D2 capture {"raw": "a5120200000000fc280224fdc9fe2e0000f5", "label": "D2 capture", "kind": "short", "opcode": "0x02", "frag_index": null, "checksum_ok": true, "declared_length": 18}
2026-09-27T21:09:17.594+00:00 RX a5120200000000fc280224fdc9fe2e0000f5 D2 capture {"raw": "a5120200000000fc280224fdc9fe2e0000f5", "label": "D2 capture", "kind": "short", "opcode": "0x02", "frag_index": null, "checksum_ok": true, "declared_length": 18}
2026-09-27T21:09:17.611+00:00 RX a5120200000000fc280224fdc9fe2e0000f5 D2 capture {"raw": "a5120200000000fc280224fdc9fe2e0000f5", "label": "D2 capture", "kind": "short", "opcode": "0x02", "frag_index": null, "checksum_ok": true, "declared_length": 18}
2026-09-27T21:09:17.626+00:00 RX a5120200000000fc280224fdc9fe2e0000f5 D2 capture {"raw": "a5120200000000fc280224fdc9fe2e0000f5", "label": "D2 capture", "kind": "short", "opcode": "0x02", "frag_index": null, "checksum_ok": true, "declared_length": 18}
2026-09-27T21:09:17.639+00:00 RX a5120200000000fc280224fdc9fe2e0000f5 D2 capture {"raw": "a5120200000000fc280224fdc9fe2e0000f5", "label": "D2 capture", "kind": "short", "opcode": "0x02", "frag_index": null, "checksum_ok": true, "declared_length": 18}
2026-09-27T21:09:17.654+00:00 RX a5120200000000fc280224fdc9fe2e0000f5 D2 capture {"raw": "a5120200000000fc280224fdc9fe2e0000f5", "label": "D2 capture", "kind": "short", "opcode": "0x02", "frag_index": null, "checksum_ok": true, "declared_length": 18}
2026-09-27T21:09:17.670+00:00 RX a5120200000000fc280224fdc9fe2e0000f5 D2 capture {"raw": "a5120200000000fc280224fdc9fe2e0000f5", "label": "D2 capture", "kind": "short", "opcode": "0x02", "frag_index": null, "checksum_ok": true, "declared_length": 18}
2026-09-27T21:09:17.685+00:00 RX a5120200000000fc280224fdc9fe2e0000f5 D2 capture {"raw": "a5120200000000fc280224fdc9fe2e0000f5", "label": "D2 capture", "kind": "short", "opcode": "0x02", "frag_index": null, "checksum_ok": true, "declared_length": 18}
2026-09-27T21:09:17.700+00:00 RX a5120200000000fc280224fdc9fe2e0000f5 D2 capture {"raw": "a5120200000000fc280224fdc9fe2e0000f5", "label": "D2 capture", "kind": "short", "opcode": "0x02", "frag_index": null, "checksum_ok": true, "declared_length": 18}
2026-09-27T21:09:17.715+00:00 RX a5120200000000fc280224fdc9fe2e0000f5 D2 capture {"raw": "a5120200000000fc280224fdc9fe2e0000f5", "label": "D2 capture", "kind": "short", "opcode": "0x02", "frag_index": null, "checksum_ok": true, "declared_length": 18}
2026-09-27T21:09:17.730+00:00 RX a5120200000000fc280224fdc9fe2e0000f5 D2 capture {"raw": "a5120200000000fc280224fdc9fe2e0000f5", "label": "D2 capture", "kind": "short", "opcode": "0x02", "frag_index": null, "checksum_ok": true, "declared_length": 18}
2026-09-27T21:09:17.745+00:00 RX a5120200000000fc280224fdc9fe2e0000f5 D2 capture {"raw": "a5120200000000fc280224fdc9fe2e0000f5", "label": "D2 capture", "kind": "short", "opcode": "0x02", "frag_index": null, "checksum_ok": true, "declared_length": 18}
2026-09-27T21:09:17.760+00:00 RX a5120200000000fc280224fdc9fe2e0000f5 D2 capture {"raw": "a5120200000000fc280224fdc9fe2e0000f5", "label": "D2 capture", "kind": "short", "opcode": "0x02", "frag_index": null, "checksum_ok": true, "declared_length": 18}
2026-09-27T21:09:17.775+00:00 RX a5120200000000fc280224fdc9fe2e0000f5 D2 capture {"raw": "a5120200000000fc280224fdc9fe2e0000f5", "label": "D2 capture", "kind": "short", "opcode": "0x02", "frag_index": null, "checksum_ok": true, "declared_length": 18}
2026-09-27T21:09:17.790+00:00 RX a5120200000000fc280224fdc9fe2e0000f5 D2 capture {"raw": "a5120200000000fc280224fdc9fe2e0000f5", "label": "D2 capture", "kind": "short", "opcode": "0x02", "frag_index": null, "checksum_ok": true, "declared_length": 18}
2026-09-27T21:09:17.804+00:00 RX a5120200000000fc280224fdc9fe2e0000f5 D2 capture {"raw": "a5120200000000fc280224fdc9fe2e0000f5", "label": "D2 capture", "kind": "short", "opcode": "0x02", "frag_index": null, "checksum_ok": true, "declared_length": 18}
2026-09-27T21:09:17.821+00:00 RX a5120200000000fc280224fdc9fe2e0000f5 D2 capture {"raw": "a5120200000000fc280224fdc9fe2e0000f5", "label": "D2 capture", "kind": "short", "opcode": "0x02", "frag_index": null, "checksum_ok": true, "declared_length": 18}
2026-09-27T21:09:17.836+00:00 RX a5120200000000fc280224fdc9fe2e0000f5 D2 capture {"raw": "a5120200000000fc280224fdc9fe2e0000f5", "label": "D2 capture", "kind": "short", "opcode": "0x02", "frag_index": null, "checksum_ok": true, "declared_length": 18}
2026-09-27T21:09:17.851+00:00 RX a5120200000000fc280224fdc9fe2e0000f5 D2 capture {"raw": "a5120200000000fc280224fdc9fe2e0000f5", "label": "D2 capture", "kind": "short", "opcode": "0x02", "frag_index": null, "checksum_ok": true, "declared_length": 18}
2026-09-27T21:09:17.864+00:00 RX a5120200000000fc280224fdc9fe2e0000f5 D2 capture {"raw": "a5120200000000fc280224fdc9fe2e0000f5", "label": "D2 capture", "kind": "short", "opcode": "0x02", "frag_index": null, "checksum_ok": true, "declared_length": 18}
2026-09-27T21:09:17.879+00:00 RX a5120200000000fc280224fdc9fe2e0000f5 D2 capture {"raw": "a5120200000000fc280224fdc9fe2e0000f5", "label": "D2 capture", "kind": "short", "opcode": "0x02", "frag_index": null, "checksum_ok": true, "declared_length": 18}
2026-09-27T21:09:17.902+00:00 RX a5120200000000fc280224fdc9fe2e0000f5 D2 capture {"raw": "a5120200000000fc280224fdc9fe2e0000f5", "label": "D2 capture", "kind": "short", "opcode": "0x02", "frag_index": null, "checksum_ok": true, "declared_length": 18}
2026-09-27T21:09:17.932+00:00 RX a5120200000000fc280224fdc9fe2e0000f5 D2 capture {"raw": "a5120200000000fc280224fdc9fe2e0000f5", "label": "D2 capture", "kind": "short", "opcode": "0x02", "frag_index": null, "checksum_ok": true, "declared_length": 18}
2026-09-27T21:09:17.932+00:00 RX a5120200000000fc280224fdc9fe2e0000f5 D2 capture {"raw": "a5120200000000fc280224fdc9fe2e0000f5", "label": "D2 capture", "kind": "short", "opcode": "0x02", "frag_index": null, "checksum_ok": true, "declared_length": 18}
2026-09-27T21:09:17.932+00:00 RX a5120200000000fc280224fdc9fe2e0000f5 D2 capture {"raw": "a5120200000000fc280224fdc9fe2e0000f5", "label": "D2 capture", "kind": "short", "opcode": "0x02", "frag_index": null, "checksum_ok": true, "declared_length": 18}
2026-09-27T21:09:17.955+00:00 RX a5120200000000fc280224fdc9fe2e0000f5 D2 capture {"raw": "a5120200000000fc280224fdc9fe2e0000f5", "label": "D2 capture", "kind": "short", "opcode": "0x02", "frag_index": null, "checksum_ok": true, "declared_length": 18}
2026-09-27T21:09:17.972+00:00 RX a5120200000000fc280224fdc9fe2e0000f5 D2 capture {"raw": "a5120200000000fc280224fdc9fe2e0000f5", "label": "D2 capture", "kind": "short", "opcode": "0x02", "frag_index": null, "checksum_ok": true, "declared_length": 18}
2026-09-27T21:09:17.985+00:00 RX a5120200000000fc280224fdc9fe2e0000f5 D2 capture {"raw": "a5120200000000fc280224fdc9fe2e0000f5", "label": "D2 capture", "kind": "short", "opcode": "0x02", "frag_index": null, "checksum_ok": true, "declared_length": 18}
2026-09-27T21:09:18.000+00:00 RX a5120200000000fc280224fdc9fe2e0000f5 D2 capture {"raw": "a5120200000000fc280224fdc9fe2e0000f5", "label": "D2 capture", "kind": "short", "opcode": "0x02", "frag_index": null, "checksum_ok": true, "declared_length": 18}
2026-09-27T21:09:18.025+00:00 RX a5120200000000fc280224fdc9fe2e0000f5 D2 capture {"raw": "a5120200000000fc280224fdc9fe2e0000f5", "label": "D2 capture", "kind": "short", "opcode": "0x02", "frag_index": null, "checksum_ok": true, "declared_length": 18}
2026-09-27T21:09:18.025+00:00 RX a5120200000000fc280224fdc9fe2e0000f5 D2 capture {"raw": "a5120200000000fc280224fdc9fe2e0000f5", "label": "D2 capture", "kind": "short", "opcode": "0x02", "frag_index": null, "checksum_ok": true, "declared_length": 18}
2026-09-27T21:09:18.047+00:00 RX a5120200000000fc280224fdc9fe2e0000f5 D2 capture {"raw": "a5120200000000fc280224fdc9fe2e0000f5", "label": "D2 capture", "kind": "short", "opcode": "0x02", "frag_index": null, "checksum_ok": true, "declared_length": 18}
2026-09-27T21:09:18.061+00:00 RX a5120200000000fc280224fdc9fe2e0000f5 D2 capture {"raw": "a5120200000000fc280224fdc9fe2e0000f5", "label": "D2 capture", "kind": "short", "opcode": "0x02", "frag_index": null, "checksum_ok": true, "declared_length": 18}
2026-09-27T21:09:18.075+00:00 RX a5120200000000fc280224fdc9fe2e0000f5 D2 capture {"raw": "a5120200000000fc280224fdc9fe2e0000f5", "label": "D2 capture", "kind": "short", "opcode": "0x02", "frag_index": null, "checksum_ok": true, "declared_length": 18}
2026-09-27T21:09:18.090+00:00 RX a5120200000000fc280224fdc9fe2e0000f5 D2 capture {"raw": "a5120200000000fc280224fdc9fe2e0000f5", "label": "D2 capture", "kind": "short", "opcode": "0x02", "frag_index": null, "checksum_ok": true, "declared_length": 18}
2026-09-27T21:09:18.105+00:00 RX a5120200000000fc280224fdc9fe2e0000f5 D2 capture {"raw": "a5120200000000fc280224fdc9fe2e0000f5", "label": "D2 capture", "kind": "short", "opcode": "0x02", "frag_index": null, "checksum_ok": true, "declared_length": 18}
2026-09-27T21:09:18.119+00:00 RX a5120200000000fc280224fdc9fe2e0000f5 D2 capture {"raw": "a5120200000000fc280224fdc9fe2e0000f5", "label": "D2 capture", "kind": "short", "opcode": "0x02", "frag_index": null, "checksum_ok": true, "declared_length": 18}
2026-09-27T21:09:18.138+00:00 RX a5120200000000fc280224fdc9fe2e0000f5 D2 capture {"raw": "a5120200000000fc280224fdc9fe2e0000f5", "label": "D2 capture", "kind": "short", "opcode": "0x02", "frag_index": null, "checksum_ok": true, "declared_length": 18}
2026-09-27T21:09:18.151+00:00 RX a5120200000000fc280224fdc9fe2e0000f5 D2 capture {"raw": "a5120200000000fc280224fdc9fe2e0000f5", "label": "D2 capture", "kind": "short", "opcode": "0x02", "frag_index": null, "checksum_ok": true, "declared_length": 18}
2026-09-27T21:09:18.165+00:00 RX a5120200000000fc280224fdc9fe2e0000f5 D2 capture {"raw": "a5120200000000fc280224fdc9fe2e0000f5", "label": "D2 capture", "kind": "short", "opcode": "0x02", "frag_index": null, "checksum_ok": true, "declared_length": 18}
2026-09-27T21:09:18.179+00:00 RX a5120200000000fc280224fdc9fe2e0000f5 D2 capture {"raw": "a5120200000000fc280224fdc9fe2e0000f5", "label": "D2 capture", "kind": "short", "opcode": "0x02", "frag_index": null, "checksum_ok": true, "declared_length": 18}
2026-09-27T21:09:18.195+00:00 RX a5120200000000fc280224fdc9fe2e0000f5 D2 capture {"raw": "a5120200000000fc280224fdc9fe2e0000f5", "label": "D2 capture", "kind": "short", "opcode": "0x02", "frag_index": null, "checksum_ok": true, "declared_length": 18}
2026-09-27T21:09:18.211+00:00 RX a5120200000000fc280224fdc9fe2e0000f5 D2 capture {"raw": "a5120200000000fc280224fdc9fe2e0000f5", "label": "D2 capture", "kind": "short", "opcode": "0x02", "frag_index": null, "checksum_ok": true, "declared_length": 18}
2026-09-27T21:09:18.224+00:00 RX a5120200000000fc280224fdc9fe2e0000f5 D2 capture {"raw": "a5120200000000fc280224fdc9fe2e0000f5", "label": "D2 capture", "kind": "short", "opcode": "0x02", "frag_index": null, "checksum_ok": true, "declared_length": 18}
2026-09-27T21:09:18.239+00:00 RX a5120200000000fc280224fdc9fe2e0000f5 D2 capture {"raw": "a5120200000000fc280224fdc9fe2e0000f5", "label": "D2 capture", "kind": "short", "opcode": "0x02", "frag_index": null, "checksum_ok": true, "declared_length": 18}
2026-09-27T21:09:18.263+00:00 RX a5120200000000fc280224fdc9fe2e0000f5 D2 capture {"raw": "a5120200000000fc280224fdc9fe2e0000f5", "label": "D2 capture", "kind": "short", "opcode": "0x02", "frag_index": null, "checksum_ok": true, "declared_length": 18}
2026-09-27T21:09:18.263+00:00 RX a5120200000000fc280224fdc9fe2e0000f5 D2 capture {"raw": "a5120200000000fc280224fdc9fe2e0000f5", "label": "D2 capture", "kind": "short", "opcode": "0x02", "frag_index": null, "checksum_ok": true, "declared_length": 18}
2026-09-27T21:09:18.286+00:00 RX a5120200000000fc280224fdc9fe2e0000f5 D2 capture {"raw": "a5120200000000fc280224fdc9fe2e0000f5", "label": "D2 capture", "kind": "short", "opcode": "0x02", "frag_index": null, "checksum_ok": true, "declared_length": 18}
2026-09-27T21:09:18.310+00:00 RX a5120200000000fc280224fdc9fe2e0000f5 D2 capture {"raw": "a5120200000000fc280224fdc9fe2e0000f5", "label": "D2 capture", "kind": "short", "opcode": "0x02", "frag_index": null, "checksum_ok": true, "declared_length": 18}
2026-09-27T21:09:18.324+00:00 RX a5120200000000fc280224fdc9fe2e0000f5 D2 capture {"raw": "a5120200000000fc280224fdc9fe2e0000f5", "label": "D2 capture", "kind": "short", "opcode": "0x02", "frag_index": null, "checksum_ok": true, "declared_length": 18}
2026-09-27T21:09:18.339+00:00 RX a5120200000000fc280224fdc9fe2e0000f5 D2 capture {"raw": "a5120200000000fc280224fdc9fe2e0000f5", "label": "D2 capture", "kind": "short", "opcode": "0x02", "frag_index": null, "checksum_ok": true, "declared_length": 18}
2026-09-27T21:09:18.353+00:00 RX a5120200000000fc280224fdc9fe2e0000f5 D2 capture {"raw": "a5120200000000fc280224fdc9fe2e0000f5", "label": "D2 capture", "kind": "short", "opcode": "0x02", "frag_index": null, "checksum_ok": true, "declared_length": 18}
2026-09-27T21:09:18.369+00:00 RX a5120200000000fc280224fdc9fe2e0000f5 D2 capture {"raw": "a5120200000000fc280224fdc9fe2e0000f5", "label": "D2 capture", "kind": "short", "opcode": "0x02", "frag_index": null, "checksum_ok": true, "declared_length": 18}
2026-09-27T21:09:18.383+00:00 RX a5120200000000fc280224fdc9fe2e0000f5 D2 capture {"raw": "a5120200000000fc280224fdc9fe2e0000f5", "label": "D2 capture", "kind": "short", "opcode": "0x02", "frag_index": null, "checksum_ok": true, "declared_length": 18}
2026-09-27T21:09:18.405+00:00 RX a5120200000000fc280224fdc9fe2e0000f5 D2 capture {"raw": "a5120200000000fc280224fdc9fe2e0000f5", "label": "D2 capture", "kind": "short", "opcode": "0x02", "frag_index": null, "checksum_ok": true, "declared_length": 18}
2026-09-27T21:09:18.419+00:00 RX a5120200000000fc280224fdc9fe2e0000f5 D2 capture {"raw": "a5120200000000fc280224fdc9fe2e0000f5", "label": "D2 capture", "kind": "short", "opcode": "0x02", "frag_index": null, "checksum_ok": true, "declared_length": 18}
2026-09-27T21:09:18.434+00:00 RX a5120200000000fc280224fdc9fe2e0000f5 D2 capture {"raw": "a5120200000000fc280224fdc9fe2e0000f5", "label": "D2 capture", "kind": "short", "opcode": "0x02", "frag_index": null, "checksum_ok": true, "declared_length": 18}
2026-09-27T21:09:18.451+00:00 RX a5120200000000fc280224fdc9fe2e0000f5 D2 capture {"raw": "a5120200000000fc280224fdc9fe2e0000f5", "label": "D2 capture", "kind": "short", "opcode": "0x02", "frag_index": null, "checksum_ok": true, "declared_length": 18}
2026-09-27T21:09:18.467+00:00 RX a5120200000000fc280224fdc9fe2e0000f5 D2 capture {"raw": "a5120200000000fc280224fdc9fe2e0000f5", "label": "D2 capture", "kind": "short", "opcode": "0x02", "frag_index": null, "checksum_ok": true, "declared_length": 18}
2026-09-27T21:09:18.481+00:00 RX a5120200000000fc280224fdc9fe2e0000f5 D2 capture {"raw": "a5120200000000fc280224fdc9fe2e0000f5", "label": "D2 capture", "kind": "short", "opcode": "0x02", "frag_index": null, "checksum_ok": true, "declared_length": 18}
2026-09-27T21:09:18.495+00:00 RX a5120200000000fc280224fdc9fe2e0000f5 D2 capture {"raw": "a5120200000000fc280224fdc9fe2e0000f5", "label": "D2 capture", "kind": "short", "opcode": "0x02", "frag_index": null, "checksum_ok": true, "declared_length": 18}
2026-09-27T21:09:18.510+00:00 RX a5120200000000fc280224fdc9fe2e0000f5 D2 capture {"raw": "a5120200000000fc280224fdc9fe2e0000f5", "label": "D2 capture", "kind": "short", "opcode": "0x02", "frag_index": null, "checksum_ok": true, "declared_length": 18}
2026-09-27T21:09:18.525+00:00 RX a5120200000000fc280224fdc9fe2e0000f5 D2 capture {"raw": "a5120200000000fc280224fdc9fe2e0000f5", "label": "D2 capture", "kind": "short", "opcode": "0x02", "frag_index": null, "checksum_ok": true, "declared_length": 18}
2026-09-27T21:09:18.539+00:00 RX a5120200000000fc280224fdc9fe2e0000f5 D2 capture {"raw": "a5120200000000fc280224fdc9fe2e0000f5", "label": "D2 capture", "kind": "short", "opcode": "0x02", "frag_index": null, "checksum_ok": true, "declared_length": 18}
2026-09-27T21:09:18.562+00:00 RX a5120200000000fc280224fdc9fe2e0000f5 D2 capture {"raw": "a5120200000000fc280224fdc9fe2e0000f5", "label": "D2 capture", "kind": "short", "opcode": "0x02", "frag_index": null, "checksum_ok": true, "declared_length": 18}
2026-09-27T21:09:18.580+00:00 RX a5120200000000fc280224fdc9fe2e0000f5 D2 capture {"raw": "a5120200000000fc280224fdc9fe2e0000f5", "label": "D2 capture", "kind": "short", "opcode": "0x02", "frag_index": null, "checksum_ok": true, "declared_length": 18}
2026-09-27T21:09:18.594+00:00 RX a5120200000000fc280224fdc9fe2e0000f5 D2 capture {"raw": "a5120200000000fc280224fdc9fe2e0000f5", "label": "D2 capture", "kind": "short", "opcode": "0x02", "frag_index": null, "checksum_ok": true, "declared_length": 18}
2026-09-27T21:09:18.608+00:00 RX a5120200000000fc280224fdc9fe2e0000f5 D2 capture {"raw": "a5120200000000fc280224fdc9fe2e0000f5", "label": "D2 capture", "kind": "short", "opcode": "0x02", "frag_index": null, "checksum_ok": true, "declared_length": 18}
2026-09-27T21:09:18.623+00:00 RX a5120200000000fc280224fdc9fe2e0000f5 D2 capture {"raw": "a5120200000000fc280224fdc9fe2e0000f5", "label": "D2 capture", "kind": "short", "opcode": "0x02", "frag_index": null, "checksum_ok": true, "declared_length": 18}
2026-09-27T21:09:18.645+00:00 RX a5120200000000fc280224fdc9fe2e0000f5 D2 capture {"raw": "a5120200000000fc280224fdc9fe2e0000f5", "label": "D2 capture", "kind": "short", "opcode": "0x02", "frag_index": null, "checksum_ok": true, "declared_length": 18}
2026-09-27T21:09:18.646+00:00 RX a5120200000000fc280224fdc9fe2e0000f5 D2 capture {"raw": "a5120200000000fc280224fdc9fe2e0000f5", "label": "D2 capture", "kind": "short", "opcode": "0x02", "frag_index": null, "checksum_ok": true, "declared_length": 18}
2026-09-27T21:09:18.675+00:00 RX a5120200000000fc280224fdc9fe2e0000f5 D2 capture {"raw": "a5120200000000fc280224fdc9fe2e0000f5", "label": "D2 capture", "kind": "short", "opcode": "0x02", "frag_index": null, "checksum_ok": true, "declared_length": 18}
2026-09-27T21:09:18.690+00:00 RX a5120200000000fc280224fdc9fe2e0000f5 D2 capture {"raw": "a5120200000000fc280224fdc9fe2e0000f5", "label": "D2 capture", "kind": "short", "opcode": "0x02", "frag_index": null, "checksum_ok": true, "declared_length": 18}
2026-09-27T21:09:18.705+00:00 RX a5120200000000fc280224fdc9fe2e0000f5 D2 capture {"raw": "a5120200000000fc280224fdc9fe2e0000f5", "label": "D2 capture", "kind": "short", "opcode": "0x02", "frag_index": null, "checksum_ok": true, "declared_length": 18}
2026-09-27T21:09:18.719+00:00 RX a5120200000000fc280224fdc9fe2e0000f5 D2 capture {"raw": "a5120200000000fc280224fdc9fe2e0000f5", "label": "D2 capture", "kind": "short", "opcode": "0x02", "frag_index": null, "checksum_ok": true, "declared_length": 18}
2026-09-27T21:09:19.524+00:00 RX a5120200000800fc280224fdc9fe2e0000fd D2 capture {"raw": "a5120200000800fc280224fdc9fe2e0000fd", "label": "D2 capture", "kind": "short", "opcode": "0x02", "frag_index": null, "checksum_ok": true, "declared_length": 18}
2026-09-27T21:09:19.538+00:00 RX a5120200000800fc280224fdc9fe2e0000fd D2 capture {"raw": "a5120200000800fc280224fdc9fe2e0000fd", "label": "D2 capture", "kind": "short", "opcode": "0x02", "frag_index": null, "checksum_ok": true, "declared_length": 18}
2026-09-27T21:09:19.553+00:00 RX a5120200000800fc280224fdc9fe2e0000fd D2 capture {"raw": "a5120200000800fc280224fdc9fe2e0000fd", "label": "D2 capture", "kind": "short", "opcode": "0x02", "frag_index": null, "checksum_ok": true, "declared_length": 18}
2026-09-27T21:09:19.577+00:00 RX a5120200000800fc280224fdc9fe2e0000fd D2 capture {"raw": "a5120200000800fc280224fdc9fe2e0000fd", "label": "D2 capture", "kind": "short", "opcode": "0x02", "frag_index": null, "checksum_ok": true, "declared_length": 18}
2026-09-27T21:09:19.577+00:00 RX a5120200000800fc280224fdc9fe2e0000fd D2 capture {"raw": "a5120200000800fc280224fdc9fe2e0000fd", "label": "D2 capture", "kind": "short", "opcode": "0x02", "frag_index": null, "checksum_ok": true, "declared_length": 18}
2026-09-27T21:09:19.597+00:00 RX a5120200000800fc280224fdc9fe2e0000fd D2 capture {"raw": "a5120200000800fc280224fdc9fe2e0000fd", "label": "D2 capture", "kind": "short", "opcode": "0x02", "frag_index": null, "checksum_ok": true, "declared_length": 18}
2026-09-27T21:09:19.613+00:00 RX a5120200000800fc280224fdc9fe2e0000fd D2 capture {"raw": "a5120200000800fc280224fdc9fe2e0000fd", "label": "D2 capture", "kind": "short", "opcode": "0x02", "frag_index": null, "checksum_ok": true, "declared_length": 18}
2026-09-27T21:09:19.627+00:00 RX a5120200000800fc280224fdc9fe2e0000fd D2 capture {"raw": "a5120200000800fc280224fdc9fe2e0000fd", "label": "D2 capture", "kind": "short", "opcode": "0x02", "frag_index": null, "checksum_ok": true, "declared_length": 18}
2026-09-27T21:09:19.643+00:00 RX a5120200000800fc280224fdc9fe2e0000fd D2 capture {"raw": "a5120200000800fc280224fdc9fe2e0000fd", "label": "D2 capture", "kind": "short", "opcode": "0x02", "frag_index": null, "checksum_ok": true, "declared_length": 18}
2026-09-27T21:09:19.658+00:00 RX a5120200000800fc280224fdc9fe2e0000fd D2 capture {"raw": "a5120200000800fc280224fdc9fe2e0000fd", "label": "D2 capture", "kind": "short", "opcode": "0x02", "frag_index": null, "checksum_ok": true, "declared_length": 18}
2026-09-27T21:09:19.680+00:00 RX a5120200000800fc280224fdc9fe2e0000fd D2 capture {"raw": "a5120200000800fc280224fdc9fe2e0000fd", "label": "D2 capture", "kind": "short", "opcode": "0x02", "frag_index": null, "checksum_ok": true, "declared_length": 18}
2026-09-27T21:09:19.695+00:00 RX a5120200000800fc280224fdc9fe2e0000fd D2 capture {"raw": "a5120200000800fc280224fdc9fe2e0000fd", "label": "D2 capture", "kind": "short", "opcode": "0x02", "frag_index": null, "checksum_ok": true, "declared_length": 18}
2026-09-27T21:09:19.711+00:00 RX a5120200000800fc280224fdc9fe2e0000fd D2 capture {"raw": "a5120200000800fc280224fdc9fe2e0000fd", "label": "D2 capture", "kind": "short", "opcode": "0x02", "frag_index": null, "checksum_ok": true, "declared_length": 18}
2026-09-27T21:09:19.725+00:00 RX a5120200000800fc280224fdc9fe2e0000fd D2 capture {"raw": "a5120200000800fc280224fdc9fe2e0000fd", "label": "D2 capture", "kind": "short", "opcode": "0x02", "frag_index": null, "checksum_ok": true, "declared_length": 18}
2026-09-27T21:09:19.749+00:00 RX a5120200000800fc280224fdc9fe2e0000fd D2 capture {"raw": "a5120200000800fc280224fdc9fe2e0000fd", "label": "D2 capture", "kind": "short", "opcode": "0x02", "frag_index": null, "checksum_ok": true, "declared_length": 18}
2026-09-27T21:09:19.749+00:00 RX a5120200000800fc280224fdc9fe2e0000fd D2 capture {"raw": "a5120200000800fc280224fdc9fe2e0000fd", "label": "D2 capture", "kind": "short", "opcode": "0x02", "frag_index": null, "checksum_ok": true, "declared_length": 18}
2026-09-27T21:09:19.770+00:00 RX a5120200000800fc280224fdc9fe2e0000fd D2 capture {"raw": "a5120200000800fc280224fdc9fe2e0000fd", "label": "D2 capture", "kind": "short", "opcode": "0x02", "frag_index": null, "checksum_ok": true, "declared_length": 18}
2026-09-27T21:09:19.785+00:00 RX a5120200000800fc280224fdc9fe2e0000fd D2 capture {"raw": "a5120200000800fc280224fdc9fe2e0000fd", "label": "D2 capture", "kind": "short", "opcode": "0x02", "frag_index": null, "checksum_ok": true, "declared_length": 18}
2026-09-27T21:09:19.799+00:00 RX a5120200000800fc280224fdc9fe2e0000fd D2 capture {"raw": "a5120200000800fc280224fdc9fe2e0000fd", "label": "D2 capture", "kind": "short", "opcode": "0x02", "frag_index": null, "checksum_ok": true, "declared_length": 18}
2026-09-27T21:09:19.823+00:00 RX a5120200000800fc280224fdc9fe2e0000fd D2 capture {"raw": "a5120200000800fc280224fdc9fe2e0000fd", "label": "D2 capture", "kind": "short", "opcode": "0x02", "frag_index": null, "checksum_ok": true, "declared_length": 18}
2026-09-27T21:09:19.837+00:00 RX a5120200000800fc280224fdc9fe2e0000fd D2 capture {"raw": "a5120200000800fc280224fdc9fe2e0000fd", "label": "D2 capture", "kind": "short", "opcode": "0x02", "frag_index": null, "checksum_ok": true, "declared_length": 18}
2026-09-27T21:09:19.853+00:00 RX a5120200000800fc280224fdc9fe2e0000fd D2 capture {"raw": "a5120200000800fc280224fdc9fe2e0000fd", "label": "D2 capture", "kind": "short", "opcode": "0x02", "frag_index": null, "checksum_ok": true, "declared_length": 18}
2026-09-27T21:09:19.868+00:00 RX a5120200000000fc280224fdc9fe2e0000f5 D2 capture {"raw": "a5120200000000fc280224fdc9fe2e0000f5", "label": "D2 capture", "kind": "short", "opcode": "0x02", "frag_index": null, "checksum_ok": true, "declared_length": 18}
2026-09-27T21:09:19.883+00:00 RX a5120200000000fc280224fdc9fe2e0000f5 D2 capture {"raw": "a5120200000000fc280224fdc9fe2e0000f5", "label": "D2 capture", "kind": "short", "opcode": "0x02", "frag_index": null, "checksum_ok": true, "declared_length": 18}
2026-09-27T21:09:19.898+00:00 RX a5120200000000fc280224fdc9fe2e0000f5 D2 capture {"raw": "a5120200000000fc280224fdc9fe2e0000f5", "label": "D2 capture", "kind": "short", "opcode": "0x02", "frag_index": null, "checksum_ok": true, "declared_length": 18}
2026-09-27T21:09:19.921+00:00 RX a5120200000000fc280224fdc9fe2e0000f5 D2 capture {"raw": "a5120200000000fc280224fdc9fe2e0000f5", "label": "D2 capture", "kind": "short", "opcode": "0x02", "frag_index": null, "checksum_ok": true, "declared_length": 18}
2026-09-27T21:09:19.934+00:00 RX a5120200000000fc280224fdc9fe2e0000f5 D2 capture {"raw": "a5120200000000fc280224fdc9fe2e0000f5", "label": "D2 capture", "kind": "short", "opcode": "0x02", "frag_index": null, "checksum_ok": true, "declared_length": 18}
2026-09-27T21:09:19.950+00:00 RX a5120200000000fc280224fdc9fe2e0000f5 D2 capture {"raw": "a5120200000000fc280224fdc9fe2e0000f5", "label": "D2 capture", "kind": "short", "opcode": "0x02", "frag_index": null, "checksum_ok": true, "declared_length": 18}
2026-09-27T21:09:19.965+00:00 RX a5120200000000fc280224fdc9fe2e0000f5 D2 capture {"raw": "a5120200000000fc280224fdc9fe2e0000f5", "label": "D2 capture", "kind": "short", "opcode": "0x02", "frag_index": null, "checksum_ok": true, "declared_length": 18}
2026-09-27T21:09:19.981+00:00 RX a5120200000000fc280224fdc9fe2e0000f5 D2 capture {"raw": "a5120200000000fc280224fdc9fe2e0000f5", "label": "D2 capture", "kind": "short", "opcode": "0x02", "frag_index": null, "checksum_ok": true, "declared_length": 18}
2026-09-27T21:09:19.994+00:00 RX a5120200000000fc280224fdc9fe2e0000f5 D2 capture {"raw": "a5120200000000fc280224fdc9fe2e0000f5", "label": "D2 capture", "kind": "short", "opcode": "0x02", "frag_index": null, "checksum_ok": true, "declared_length": 18}
2026-09-27T21:09:20.010+00:00 RX a5120200000000fc280224fdc9fe2e0000f5 D2 capture {"raw": "a5120200000000fc280224fdc9fe2e0000f5", "label": "D2 capture", "kind": "short", "opcode": "0x02", "frag_index": null, "checksum_ok": true, "declared_length": 18}
2026-09-27T21:09:20.033+00:00 RX a5120200000000fc280224fdc9fe2e0000f5 D2 capture {"raw": "a5120200000000fc280224fdc9fe2e0000f5", "label": "D2 capture", "kind": "short", "opcode": "0x02", "frag_index": null, "checksum_ok": true, "declared_length": 18}
2026-09-27T21:09:20.055+00:00 RX a5120200000000fc280224fdc9fe2e0000f5 D2 capture {"raw": "a5120200000000fc280224fdc9fe2e0000f5", "label": "D2 capture", "kind": "short", "opcode": "0x02", "frag_index": null, "checksum_ok": true, "declared_length": 18}
2026-09-27T21:09:20.055+00:00 RX a5120200000000fc280224fdc9fe2e0000f5 D2 capture {"raw": "a5120200000000fc280224fdc9fe2e0000f5", "label": "D2 capture", "kind": "short", "opcode": "0x02", "frag_index": null, "checksum_ok": true, "declared_length": 18}
2026-09-27T21:09:20.078+00:00 RX a5120200000000fc280224fdc9fe2e0000f5 D2 capture {"raw": "a5120200000000fc280224fdc9fe2e0000f5", "label": "D2 capture", "kind": "short", "opcode": "0x02", "frag_index": null, "checksum_ok": true, "declared_length": 18}
2026-09-27T21:09:20.095+00:00 RX a5120200000000fc280224fdc9fe2e0000f5 D2 capture {"raw": "a5120200000000fc280224fdc9fe2e0000f5", "label": "D2 capture", "kind": "short", "opcode": "0x02", "frag_index": null, "checksum_ok": true, "declared_length": 18}
2026-09-27T21:09:20.107+00:00 RX a5120200000000fc280224fdc9fe2e0000f5 D2 capture {"raw": "a5120200000000fc280224fdc9fe2e0000f5", "label": "D2 capture", "kind": "short", "opcode": "0x02", "frag_index": null, "checksum_ok": true, "declared_length": 18}
2026-09-27T21:09:20.129+00:00 RX a5120200000000fc280224fdc9fe2e0000f5 D2 capture {"raw": "a5120200000000fc280224fdc9fe2e0000f5", "label": "D2 capture", "kind": "short", "opcode": "0x02", "frag_index": null, "checksum_ok": true, "declared_length": 18}
2026-09-27T21:09:20.144+00:00 RX a5120200000000fc280224fdc9fe2e0000f5 D2 capture {"raw": "a5120200000000fc280224fdc9fe2e0000f5", "label": "D2 capture", "kind": "short", "opcode": "0x02", "frag_index": null, "checksum_ok": true, "declared_length": 18}
2026-09-27T21:09:20.160+00:00 RX a5120200000000fc280224fdc9fe2e0000f5 D2 capture {"raw": "a5120200000000fc280224fdc9fe2e0000f5", "label": "D2 capture", "kind": "short", "opcode": "0x02", "frag_index": null, "checksum_ok": true, "declared_length": 18}
2026-09-27T21:09:20.175+00:00 RX a5120200000000fc280224fdc9fe2e0000f5 D2 capture {"raw": "a5120200000000fc280224fdc9fe2e0000f5", "label": "D2 capture", "kind": "short", "opcode": "0x02", "frag_index": null, "checksum_ok": true, "declared_length": 18}
2026-09-27T21:09:20.189+00:00 RX a5120200000000fc280224fdc9fe2e0000f5 D2 capture {"raw": "a5120200000000fc280224fdc9fe2e0000f5", "label": "D2 capture", "kind": "short", "opcode": "0x02", "frag_index": null, "checksum_ok": true, "declared_length": 18}
2026-09-27T21:09:20.205+00:00 RX a5120200000000fc280224fdc9fe2e0000f5 D2 capture {"raw": "a5120200000000fc280224fdc9fe2e0000f5", "label": "D2 capture", "kind": "short", "opcode": "0x02", "frag_index": null, "checksum_ok": true, "declared_length": 18}
2026-09-27T21:09:20.220+00:00 RX a5120200000000fc280224fdc9fe2e0000f5 D2 capture {"raw": "a5120200000000fc280224fdc9fe2e0000f5", "label": "D2 capture", "kind": "short", "opcode": "0x02", "frag_index": null, "checksum_ok": true, "declared_length": 18}
2026-09-27T21:09:20.235+00:00 RX a5120200000000fc280224fdc9fe2e0000f5 D2 capture {"raw": "a5120200000000fc280224fdc9fe2e0000f5", "label": "D2 capture", "kind": "short", "opcode": "0x02", "frag_index": null, "checksum_ok": true, "declared_length": 18}
2026-09-27T21:09:20.249+00:00 RX a5120200000000fc280224fdc9fe2e0000f5 D2 capture {"raw": "a5120200000000fc280224fdc9fe2e0000f5", "label": "D2 capture", "kind": "short", "opcode": "0x02", "frag_index": null, "checksum_ok": true, "declared_length": 18}
2026-09-27T21:09:20.264+00:00 RX a5120200000000fc280224fdc9fe2e0000f5 D2 capture {"raw": "a5120200000000fc280224fdc9fe2e0000f5", "label": "D2 capture", "kind": "short", "opcode": "0x02", "frag_index": null, "checksum_ok": true, "declared_length": 18}
2026-09-27T21:09:20.280+00:00 RX a5120200000000fc280224fdc9fe2e0000f5 D2 capture {"raw": "a5120200000000fc280224fdc9fe2e0000f5", "label": "D2 capture", "kind": "short", "opcode": "0x02", "frag_index": null, "checksum_ok": true, "declared_length": 18}
2026-09-27T21:09:20.303+00:00 RX a5120200000000fc280224fdc9fe2e0000f5 D2 capture {"raw": "a5120200000000fc280224fdc9fe2e0000f5", "label": "D2 capture", "kind": "short", "opcode": "0x02", "frag_index": null, "checksum_ok": true, "declared_length": 18}
2026-09-27T21:09:20.317+00:00 RX a5120200000000fc280224fdc9fe2e0000f5 D2 capture {"raw": "a5120200000000fc280224fdc9fe2e0000f5", "label": "D2 capture", "kind": "short", "opcode": "0x02", "frag_index": null, "checksum_ok": true, "declared_length": 18}
2026-09-27T21:09:20.333+00:00 RX a5120200000000fc280224fdc9fe2e0000f5 D2 capture {"raw": "a5120200000000fc280224fdc9fe2e0000f5", "label": "D2 capture", "kind": "short", "opcode": "0x02", "frag_index": null, "checksum_ok": true, "declared_length": 18}
2026-09-27T21:09:20.347+00:00 RX a5120200000000fc280224fdc9fe2e0000f5 D2 capture {"raw": "a5120200000000fc280224fdc9fe2e0000f5", "label": "D2 capture", "kind": "short", "opcode": "0x02", "frag_index": null, "checksum_ok": true, "declared_length": 18}
2026-09-27T21:09:20.362+00:00 RX a5120200000000fc280224fdc9fe2e0000f5 D2 capture {"raw": "a5120200000000fc280224fdc9fe2e0000f5", "label": "D2 capture", "kind": "short", "opcode": "0x02", "frag_index": null, "checksum_ok": true, "declared_length": 18}
2026-09-27T21:09:20.379+00:00 RX a5120200000000fc280224fdc9fe2e0000f5 D2 capture {"raw": "a5120200000000fc280224fdc9fe2e0000f5", "label": "D2 capture", "kind": "short", "opcode": "0x02", "frag_index": null, "checksum_ok": true, "declared_length": 18}
2026-09-27T21:09:20.393+00:00 RX a5120200000000fc280224fdc9fe2e0000f5 D2 capture {"raw": "a5120200000000fc280224fdc9fe2e0000f5", "label": "D2 capture", "kind": "short", "opcode": "0x02", "frag_index": null, "checksum_ok": true, "declared_length": 18}
2026-09-27T21:09:20.414+00:00 RX a5120200000000fc280224fdc9fe2e0000f5 D2 capture {"raw": "a5120200000000fc280224fdc9fe2e0000f5", "label": "D2 capture", "kind": "short", "opcode": "0x02", "frag_index": null, "checksum_ok": true, "declared_length": 18}
2026-09-27T21:09:20.415+00:00 RX a5120200000000fc280224fdc9fe2e0000f5 D2 capture {"raw": "a5120200000000fc280224fdc9fe2e0000f5", "label": "D2 capture", "kind": "short", "opcode": "0x02", "frag_index": null, "checksum_ok": true, "declared_length": 18}
2026-09-27T21:09:20.447+00:00 RX a5120200000000fc280224fdc9fe2e0000f5 D2 capture {"raw": "a5120200000000fc280224fdc9fe2e0000f5", "label": "D2 capture", "kind": "short", "opcode": "0x02", "frag_index": null, "checksum_ok": true, "declared_length": 18}
2026-09-27T21:09:20.469+00:00 RX a5120200000000fc280224fdc9fe2e0000f5 D2 capture {"raw": "a5120200000000fc280224fdc9fe2e0000f5", "label": "D2 capture", "kind": "short", "opcode": "0x02", "frag_index": null, "checksum_ok": true, "declared_length": 18}
2026-09-27T21:09:20.469+00:00 RX a5120200000000fc280224fdc9fe2e0000f5 D2 capture {"raw": "a5120200000000fc280224fdc9fe2e0000f5", "label": "D2 capture", "kind": "short", "opcode": "0x02", "frag_index": null, "checksum_ok": true, "declared_length": 18}
2026-09-27T21:09:20.491+00:00 RX a5120200000000fc280224fdc9fe2e0000f5 D2 capture {"raw": "a5120200000000fc280224fdc9fe2e0000f5", "label": "D2 capture", "kind": "short", "opcode": "0x02", "frag_index": null, "checksum_ok": true, "declared_length": 18}
2026-09-27T21:09:20.506+00:00 RX a5120200000000fc280224fdc9fe2e0000f5 D2 capture {"raw": "a5120200000000fc280224fdc9fe2e0000f5", "label": "D2 capture", "kind": "short", "opcode": "0x02", "frag_index": null, "checksum_ok": true, "declared_length": 18}
2026-09-27T21:09:20.521+00:00 RX a5120200000000fc280224fdc9fe2e0000f5 D2 capture {"raw": "a5120200000000fc280224fdc9fe2e0000f5", "label": "D2 capture", "kind": "short", "opcode": "0x02", "frag_index": null, "checksum_ok": true, "declared_length": 18}
2026-09-27T21:09:20.535+00:00 RX a5120200000000fc280224fdc9fe2e0000f5 D2 capture {"raw": "a5120200000000fc280224fdc9fe2e0000f5", "label": "D2 capture", "kind": "short", "opcode": "0x02", "frag_index": null, "checksum_ok": true, "declared_length": 18}
2026-09-27T21:09:20.551+00:00 RX a5120200000000fc280224fdc9fe2e0000f5 D2 capture {"raw": "a5120200000000fc280224fdc9fe2e0000f5", "label": "D2 capture", "kind": "short", "opcode": "0x02", "frag_index": null, "checksum_ok": true, "declared_length": 18}
2026-09-27T21:09:20.582+00:00 RX a5120200000000fc280224fdc9fe2e0000f5 D2 capture {"raw": "a5120200000000fc280224fdc9fe2e0000f5", "label": "D2 capture", "kind": "short", "opcode": "0x02", "frag_index": null, "checksum_ok": true, "declared_length": 18}
2026-09-27T21:09:20.582+00:00 RX a5120200000000fc280224fdc9fe2e0000f5 D2 capture {"raw": "a5120200000000fc280224fdc9fe2e0000f5", "label": "D2 capture", "kind": "short", "opcode": "0x02", "frag_index": null, "checksum_ok": true, "declared_length": 18}
2026-09-27T21:09:20.604+00:00 RX a5120200000000fc280224fdc9fe2e0000f5 D2 capture {"raw": "a5120200000000fc280224fdc9fe2e0000f5", "label": "D2 capture", "kind": "short", "opcode": "0x02", "frag_index": null, "checksum_ok": true, "declared_length": 18}
2026-09-27T21:09:20.618+00:00 RX a5120200000000fc280224fdc9fe2e0000f5 D2 capture {"raw": "a5120200000000fc280224fdc9fe2e0000f5", "label": "D2 capture", "kind": "short", "opcode": "0x02", "frag_index": null, "checksum_ok": true, "declared_length": 18}
2026-09-27T21:09:20.632+00:00 RX a5120200000000fc280224fdc9fe2e0000f5 D2 capture {"raw": "a5120200000000fc280224fdc9fe2e0000f5", "label": "D2 capture", "kind": "short", "opcode": "0x02", "frag_index": null, "checksum_ok": true, "declared_length": 18}
2026-09-27T21:09:20.648+00:00 RX a5120200000000fc280224fdc9fe2e0000f5 D2 capture {"raw": "a5120200000000fc280224fdc9fe2e0000f5", "label": "D2 capture", "kind": "short", "opcode": "0x02", "frag_index": null, "checksum_ok": true, "declared_length": 18}
2026-09-27T21:09:20.670+00:00 RX a5120200000000fc280224fdc9fe2e0000f5 D2 capture {"raw": "a5120200000000fc280224fdc9fe2e0000f5", "label": "D2 capture", "kind": "short", "opcode": "0x02", "frag_index": null, "checksum_ok": true, "declared_length": 18}
2026-09-27T21:09:20.684+00:00 RX a5120200000000fc280224fdc9fe2e0000f5 D2 capture {"raw": "a5120200000000fc280224fdc9fe2e0000f5", "label": "D2 capture", "kind": "short", "opcode": "0x02", "frag_index": null, "checksum_ok": true, "declared_length": 18}
2026-09-27T21:09:20.699+00:00 RX a5120200000000fc280224fdc9fe2e0000f5 D2 capture {"raw": "a5120200000000fc280224fdc9fe2e0000f5", "label": "D2 capture", "kind": "short", "opcode": "0x02", "frag_index": null, "checksum_ok": true, "declared_length": 18}
2026-09-27T21:09:20.716+00:00 RX a5120200000000fc280224fdc9fe2e0000f5 D2 capture {"raw": "a5120200000000fc280224fdc9fe2e0000f5", "label": "D2 capture", "kind": "short", "opcode": "0x02", "frag_index": null, "checksum_ok": true, "declared_length": 18}
2026-09-27T21:09:20.731+00:00 RX a5120200000000fc280224fdc9fe2e0000f5 D2 capture {"raw": "a5120200000000fc280224fdc9fe2e0000f5", "label": "D2 capture", "kind": "short", "opcode": "0x02", "frag_index": null, "checksum_ok": true, "declared_length": 18}
2026-09-27T21:09:20.746+00:00 RX a5120200000000fc280224fdc9fe2e0000f5 D2 capture {"raw": "a5120200000000fc280224fdc9fe2e0000f5", "label": "D2 capture", "kind": "short", "opcode": "0x02", "frag_index": null, "checksum_ok": true, "declared_length": 18}
2026-09-27T21:09:20.761+00:00 RX a5120200000000fc280224fdc9fe2e0000f5 D2 capture {"raw": "a5120200000000fc280224fdc9fe2e0000f5", "label": "D2 capture", "kind": "short", "opcode": "0x02", "frag_index": null, "checksum_ok": true, "declared_length": 18}
2026-09-27T21:09:20.776+00:00 RX a5120200000000fc280224fdc9fe2e0000f5 D2 capture {"raw": "a5120200000000fc280224fdc9fe2e0000f5", "label": "D2 capture", "kind": "short", "opcode": "0x02", "frag_index": null, "checksum_ok": true, "declared_length": 18}
2026-09-27T21:09:20.790+00:00 RX a5120200000000fc280224fdc9fe2e0000f5 D2 capture {"raw": "a5120200000000fc280224fdc9fe2e0000f5", "label": "D2 capture", "kind": "short", "opcode": "0x02", "frag_index": null, "checksum_ok": true, "declared_length": 18}
2026-09-27T21:09:20.806+00:00 RX a5120200000000fc280224fdc9fe2e0000f5 D2 capture {"raw": "a5120200000000fc280224fdc9fe2e0000f5", "label": "D2 capture", "kind": "short", "opcode": "0x02", "frag_index": null, "checksum_ok": true, "declared_length": 18}
2026-09-27T21:09:20.820+00:00 RX a5120200000000fc280224fdc9fe2e0000f5 D2 capture {"raw": "a5120200000000fc280224fdc9fe2e0000f5", "label": "D2 capture", "kind": "short", "opcode": "0x02", "frag_index": null, "checksum_ok": true, "declared_length": 18}
2026-09-27T21:09:20.835+00:00 RX a5120200000000fc280224fdc9fe2e0000f5 D2 capture {"raw": "a5120200000000fc280224fdc9fe2e0000f5", "label": "D2 capture", "kind": "short", "opcode": "0x02", "frag_index": null, "checksum_ok": true, "declared_length": 18}
2026-09-27T21:09:20.850+00:00 RX a5120200000000fc280224fdc9fe2e0000f5 D2 capture {"raw": "a5120200000000fc280224fdc9fe2e0000f5", "label": "D2 capture", "kind": "short", "opcode": "0x02", "frag_index": null, "checksum_ok": true, "declared_length": 18}
2026-09-27T21:09:20.866+00:00 RX a5120200000000fc280224fdc9fe2e0000f5 D2 capture {"raw": "a5120200000000fc280224fdc9fe2e0000f5", "label": "D2 capture", "kind": "short", "opcode": "0x02", "frag_index": null, "checksum_ok": true, "declared_length": 18}
2026-09-27T21:09:20.881+00:00 RX a5120200000000fc280224fdc9fe2e0000f5 D2 capture {"raw": "a5120200000000fc280224fdc9fe2e0000f5", "label": "D2 capture", "kind": "short", "opcode": "0x02", "frag_index": null, "checksum_ok": true, "declared_length": 18}
2026-09-27T21:09:20.896+00:00 RX a5120200000000fc280224fdc9fe2e0000f5 D2 capture {"raw": "a5120200000000fc280224fdc9fe2e0000f5", "label": "D2 capture", "kind": "short", "opcode": "0x02", "frag_index": null, "checksum_ok": true, "declared_length": 18}
2026-09-27T21:09:20.910+00:00 RX a5120200000000fc280224fdc9fe2e0000f5 D2 capture {"raw": "a5120200000000fc280224fdc9fe2e0000f5", "label": "D2 capture", "kind": "short", "opcode": "0x02", "frag_index": null, "checksum_ok": true, "declared_length": 18}
2026-09-27T21:09:20.925+00:00 RX a5120200000000fc280224fdc9fe2e0000f5 D2 capture {"raw": "a5120200000000fc280224fdc9fe2e0000f5", "label": "D2 capture", "kind": "short", "opcode": "0x02", "frag_index": null, "checksum_ok": true, "declared_length": 18}
2026-09-27T21:09:20.940+00:00 RX a5120200000000fc280224fdc9fe2e0000f5 D2 capture {"raw": "a5120200000000fc280224fdc9fe2e0000f5", "label": "D2 capture", "kind": "short", "opcode": "0x02", "frag_index": null, "checksum_ok": true, "declared_length": 18}
2026-09-27T21:09:20.955+00:00 RX a5120200000000fc280224fdc9fe2e0000f5 D2 capture {"raw": "a5120200000000fc280224fdc9fe2e0000f5", "label": "D2 capture", "kind": "short", "opcode": "0x02", "frag_index": null, "checksum_ok": true, "declared_length": 18}
2026-09-27T21:09:20.970+00:00 RX a5120200000000fc280224fdc9fe2e0000f5 D2 capture {"raw": "a5120200000000fc280224fdc9fe2e0000f5", "label": "D2 capture", "kind": "short", "opcode": "0x02", "frag_index": null, "checksum_ok": true, "declared_length": 18}
2026-09-27T21:09:20.984+00:00 RX a5120200000000fc280224fdc9fe2e0000f5 D2 capture {"raw": "a5120200000000fc280224fdc9fe2e0000f5", "label": "D2 capture", "kind": "short", "opcode": "0x02", "frag_index": null, "checksum_ok": true, "declared_length": 18}
2026-09-27T21:09:21.002+00:00 RX a5120200000000fc280224fdc9fe2e0000f5 D2 capture {"raw": "a5120200000000fc280224fdc9fe2e0000f5", "label": "D2 capture", "kind": "short", "opcode": "0x02", "frag_index": null, "checksum_ok": true, "declared_length": 18}
2026-09-27T21:09:21.016+00:00 RX a5120200000000fc280224fdc9fe2e0000f5 D2 capture {"raw": "a5120200000000fc280224fdc9fe2e0000f5", "label": "D2 capture", "kind": "short", "opcode": "0x02", "frag_index": null, "checksum_ok": true, "declared_length": 18}
2026-09-27T21:09:21.031+00:00 RX a5120200000000fc280224fdc9fe2e0000f5 D2 capture {"raw": "a5120200000000fc280224fdc9fe2e0000f5", "label": "D2 capture", "kind": "short", "opcode": "0x02", "frag_index": null, "checksum_ok": true, "declared_length": 18}
2026-09-27T21:09:21.045+00:00 RX a5120200000000fc280224fdc9fe2e0000f5 D2 capture {"raw": "a5120200000000fc280224fdc9fe2e0000f5", "label": "D2 capture", "kind": "short", "opcode": "0x02", "frag_index": null, "checksum_ok": true, "declared_length": 18}
2026-09-27T21:09:21.060+00:00 RX a5120200000000fc280224fdc9fe2e0000f5 D2 capture {"raw": "a5120200000000fc280224fdc9fe2e0000f5", "label": "D2 capture", "kind": "short", "opcode": "0x02", "frag_index": null, "checksum_ok": true, "declared_length": 18}
2026-09-27T21:09:21.075+00:00 RX a5120200000000fc280224fdc9fe2e0000f5 D2 capture {"raw": "a5120200000000fc280224fdc9fe2e0000f5", "label": "D2 capture", "kind": "short", "opcode": "0x02", "frag_index": null, "checksum_ok": true, "declared_length": 18}
2026-09-27T21:09:50.843+00:00 RX a5120200000001fc280224fdc9fe2e0000f6 D2 capture {"raw": "a5120200000001fc280224fdc9fe2e0000f6", "label": "D2 capture", "kind": "short", "opcode": "0x02", "frag_index": null, "checksum_ok": true, "declared_length": 18}
2026-09-27T21:09:50.857+00:00 RX a5120200000001fc280224fdc9fe2e0000f6 D2 capture {"raw": "a5120200000001fc280224fdc9fe2e0000f6", "label": "D2 capture", "kind": "short", "opcode": "0x02", "frag_index": null, "checksum_ok": true, "declared_length": 18}
2026-09-27T21:09:50.880+00:00 RX a5120200000001fc280224fdc9fe2e0000f6 D2 capture {"raw": "a5120200000001fc280224fdc9fe2e0000f6", "label": "D2 capture", "kind": "short", "opcode": "0x02", "frag_index": null, "checksum_ok": true, "declared_length": 18}
2026-09-27T21:09:50.903+00:00 RX a5120200000001fc280224fdc9fe2e0000f6 D2 capture {"raw": "a5120200000001fc280224fdc9fe2e0000f6", "label": "D2 capture", "kind": "short", "opcode": "0x02", "frag_index": null, "checksum_ok": true, "declared_length": 18}
2026-09-27T21:09:50.904+00:00 RX a5120200000001fc280224fdc9fe2e0000f6 D2 capture {"raw": "a5120200000001fc280224fdc9fe2e0000f6", "label": "D2 capture", "kind": "short", "opcode": "0x02", "frag_index": null, "checksum_ok": true, "declared_length": 18}
2026-09-27T21:09:50.925+00:00 RX a5120200000001fc280224fdc9fe2e0000f6 D2 capture {"raw": "a5120200000001fc280224fdc9fe2e0000f6", "label": "D2 capture", "kind": "short", "opcode": "0x02", "frag_index": null, "checksum_ok": true, "declared_length": 18}
2026-09-27T21:09:50.940+00:00 RX a5120200000001fc280224fdc9fe2e0000f6 D2 capture {"raw": "a5120200000001fc280224fdc9fe2e0000f6", "label": "D2 capture", "kind": "short", "opcode": "0x02", "frag_index": null, "checksum_ok": true, "declared_length": 18}
2026-09-27T21:09:50.955+00:00 RX a5120200000001fc280224fdc9fe2e0000f6 D2 capture {"raw": "a5120200000001fc280224fdc9fe2e0000f6", "label": "D2 capture", "kind": "short", "opcode": "0x02", "frag_index": null, "checksum_ok": true, "declared_length": 18}
2026-09-27T21:09:50.977+00:00 RX a5120200000001fc280224fdc9fe2e0000f6 D2 capture {"raw": "a5120200000001fc280224fdc9fe2e0000f6", "label": "D2 capture", "kind": "short", "opcode": "0x02", "frag_index": null, "checksum_ok": true, "declared_length": 18}
2026-09-27T21:09:51.000+00:00 RX a5120200000001fc280224fdc9fe2e0000f6 D2 capture {"raw": "a5120200000001fc280224fdc9fe2e0000f6", "label": "D2 capture", "kind": "short", "opcode": "0x02", "frag_index": null, "checksum_ok": true, "declared_length": 18}
2026-09-27T21:09:51.001+00:00 RX a5120200000001fc280224fdc9fe2e0000f6 D2 capture {"raw": "a5120200000001fc280224fdc9fe2e0000f6", "label": "D2 capture", "kind": "short", "opcode": "0x02", "frag_index": null, "checksum_ok": true, "declared_length": 18}
2026-09-27T21:09:51.023+00:00 RX a5120200000001fc280224fdc9fe2e0000f6 D2 capture {"raw": "a5120200000001fc280224fdc9fe2e0000f6", "label": "D2 capture", "kind": "short", "opcode": "0x02", "frag_index": null, "checksum_ok": true, "declared_length": 18}
2026-09-27T21:09:51.037+00:00 RX a5120200000001fc280224fdc9fe2e0000f6 D2 capture {"raw": "a5120200000001fc280224fdc9fe2e0000f6", "label": "D2 capture", "kind": "short", "opcode": "0x02", "frag_index": null, "checksum_ok": true, "declared_length": 18}
2026-09-27T21:09:51.052+00:00 RX a5120200000001fc280224fdc9fe2e0000f6 D2 capture {"raw": "a5120200000001fc280224fdc9fe2e0000f6", "label": "D2 capture", "kind": "short", "opcode": "0x02", "frag_index": null, "checksum_ok": true, "declared_length": 18}
2026-09-27T21:09:51.075+00:00 RX a5120200000000fc280224fdc9fe2e0000f5 D2 capture {"raw": "a5120200000000fc280224fdc9fe2e0000f5", "label": "D2 capture", "kind": "short", "opcode": "0x02", "frag_index": null, "checksum_ok": true, "declared_length": 18}
2026-09-27T21:09:51.090+00:00 RX a5120200000000fc280224fdc9fe2e0000f5 D2 capture {"raw": "a5120200000000fc280224fdc9fe2e0000f5", "label": "D2 capture", "kind": "short", "opcode": "0x02", "frag_index": null, "checksum_ok": true, "declared_length": 18}
2026-09-27T21:09:51.105+00:00 RX a5120200000000fc280224fdc9fe2e0000f5 D2 capture {"raw": "a5120200000000fc280224fdc9fe2e0000f5", "label": "D2 capture", "kind": "short", "opcode": "0x02", "frag_index": null, "checksum_ok": true, "declared_length": 18}
2026-09-27T21:09:51.120+00:00 RX a5120200000000fc280224fdc9fe2e0000f5 D2 capture {"raw": "a5120200000000fc280224fdc9fe2e0000f5", "label": "D2 capture", "kind": "short", "opcode": "0x02", "frag_index": null, "checksum_ok": true, "declared_length": 18}
2026-09-27T21:09:51.142+00:00 RX a5120200000000fc280224fdc9fe2e0000f5 D2 capture {"raw": "a5120200000000fc280224fdc9fe2e0000f5", "label": "D2 capture", "kind": "short", "opcode": "0x02", "frag_index": null, "checksum_ok": true, "declared_length": 18}
2026-09-27T21:09:51.142+00:00 RX a5120200000000fc280224fdc9fe2e0000f5 D2 capture {"raw": "a5120200000000fc280224fdc9fe2e0000f5", "label": "D2 capture", "kind": "short", "opcode": "0x02", "frag_index": null, "checksum_ok": true, "declared_length": 18}
2026-09-27T21:09:51.172+00:00 RX a5120200000000fc280224fdc9fe2e0000f5 D2 capture {"raw": "a5120200000000fc280224fdc9fe2e0000f5", "label": "D2 capture", "kind": "short", "opcode": "0x02", "frag_index": null, "checksum_ok": true, "declared_length": 18}
2026-09-27T21:09:51.187+00:00 RX a5120200000000fc280224fdc9fe2e0000f5 D2 capture {"raw": "a5120200000000fc280224fdc9fe2e0000f5", "label": "D2 capture", "kind": "short", "opcode": "0x02", "frag_index": null, "checksum_ok": true, "declared_length": 18}
2026-09-27T21:09:51.202+00:00 RX a5120200000000fc280224fdc9fe2e0000f5 D2 capture {"raw": "a5120200000000fc280224fdc9fe2e0000f5", "label": "D2 capture", "kind": "short", "opcode": "0x02", "frag_index": null, "checksum_ok": true, "declared_length": 18}
2026-09-27T21:09:51.217+00:00 RX a5120200000000fc280224fdc9fe2e0000f5 D2 capture {"raw": "a5120200000000fc280224fdc9fe2e0000f5", "label": "D2 capture", "kind": "short", "opcode": "0x02", "frag_index": null, "checksum_ok": true, "declared_length": 18}
2026-09-27T21:09:51.232+00:00 RX a5120200000000fc280224fdc9fe2e0000f5 D2 capture {"raw": "a5120200000000fc280224fdc9fe2e0000f5", "label": "D2 capture", "kind": "short", "opcode": "0x02", "frag_index": null, "checksum_ok": true, "declared_length": 18}
2026-09-27T21:09:51.247+00:00 RX a5120200000000fc280224fdc9fe2e0000f5 D2 capture {"raw": "a5120200000000fc280224fdc9fe2e0000f5", "label": "D2 capture", "kind": "short", "opcode": "0x02", "frag_index": null, "checksum_ok": true, "declared_length": 18}
2026-09-27T21:09:51.262+00:00 RX a5120200000000fc280224fdc9fe2e0000f5 D2 capture {"raw": "a5120200000000fc280224fdc9fe2e0000f5", "label": "D2 capture", "kind": "short", "opcode": "0x02", "frag_index": null, "checksum_ok": true, "declared_length": 18}
2026-09-27T21:09:51.285+00:00 RX a5120200000000fc280224fdc9fe2e0000f5 D2 capture {"raw": "a5120200000000fc280224fdc9fe2e0000f5", "label": "D2 capture", "kind": "short", "opcode": "0x02", "frag_index": null, "checksum_ok": true, "declared_length": 18}
2026-09-27T21:09:51.300+00:00 RX a5120200000000fc280224fdc9fe2e0000f5 D2 capture {"raw": "a5120200000000fc280224fdc9fe2e0000f5", "label": "D2 capture", "kind": "short", "opcode": "0x02", "frag_index": null, "checksum_ok": true, "declared_length": 18}
2026-09-27T21:09:51.315+00:00 RX a5120200000000fc280224fdc9fe2e0000f5 D2 capture {"raw": "a5120200000000fc280224fdc9fe2e0000f5", "label": "D2 capture", "kind": "short", "opcode": "0x02", "frag_index": null, "checksum_ok": true, "declared_length": 18}
2026-09-27T21:09:51.330+00:00 RX a5120200000000fc280224fdc9fe2e0000f5 D2 capture {"raw": "a5120200000000fc280224fdc9fe2e0000f5", "label": "D2 capture", "kind": "short", "opcode": "0x02", "frag_index": null, "checksum_ok": true, "declared_length": 18}
2026-09-27T21:09:51.345+00:00 RX a5120200000000fc280224fdc9fe2e0000f5 D2 capture {"raw": "a5120200000000fc280224fdc9fe2e0000f5", "label": "D2 capture", "kind": "short", "opcode": "0x02", "frag_index": null, "checksum_ok": true, "declared_length": 18}
2026-09-27T21:09:51.360+00:00 RX a5120200000000fc280224fdc9fe2e0000f5 D2 capture {"raw": "a5120200000000fc280224fdc9fe2e0000f5", "label": "D2 capture", "kind": "short", "opcode": "0x02", "frag_index": null, "checksum_ok": true, "declared_length": 18}
2026-09-27T21:09:51.375+00:00 RX a5120200000000fc280224fdc9fe2e0000f5 D2 capture {"raw": "a5120200000000fc280224fdc9fe2e0000f5", "label": "D2 capture", "kind": "short", "opcode": "0x02", "frag_index": null, "checksum_ok": true, "declared_length": 18}
2026-09-27T21:09:51.397+00:00 RX a5120200000000fc280224fdc9fe2e0000f5 D2 capture {"raw": "a5120200000000fc280224fdc9fe2e0000f5", "label": "D2 capture", "kind": "short", "opcode": "0x02", "frag_index": null, "checksum_ok": true, "declared_length": 18}
2026-09-27T21:09:51.412+00:00 RX a5120200000000fc280224fdc9fe2e0000f5 D2 capture {"raw": "a5120200000000fc280224fdc9fe2e0000f5", "label": "D2 capture", "kind": "short", "opcode": "0x02", "frag_index": null, "checksum_ok": true, "declared_length": 18}
2026-09-27T21:09:51.435+00:00 RX a5120200000000fc280224fdc9fe2e0000f5 D2 capture {"raw": "a5120200000000fc280224fdc9fe2e0000f5", "label": "D2 capture", "kind": "short", "opcode": "0x02", "frag_index": null, "checksum_ok": true, "declared_length": 18}
2026-09-27T21:09:51.435+00:00 RX a5120200000000fc280224fdc9fe2e0000f5 D2 capture {"raw": "a5120200000000fc280224fdc9fe2e0000f5", "label": "D2 capture", "kind": "short", "opcode": "0x02", "frag_index": null, "checksum_ok": true, "declared_length": 18}
2026-09-27T21:09:51.457+00:00 RX a5120200000000fc280224fdc9fe2e0000f5 D2 capture {"raw": "a5120200000000fc280224fdc9fe2e0000f5", "label": "D2 capture", "kind": "short", "opcode": "0x02", "frag_index": null, "checksum_ok": true, "declared_length": 18}
2026-09-27T21:09:51.480+00:00 RX a5120200000000fc280224fdc9fe2e0000f5 D2 capture {"raw": "a5120200000000fc280224fdc9fe2e0000f5", "label": "D2 capture", "kind": "short", "opcode": "0x02", "frag_index": null, "checksum_ok": true, "declared_length": 18}
2026-09-27T21:09:51.495+00:00 RX a5120200000000fc280224fdc9fe2e0000f5 D2 capture {"raw": "a5120200000000fc280224fdc9fe2e0000f5", "label": "D2 capture", "kind": "short", "opcode": "0x02", "frag_index": null, "checksum_ok": true, "declared_length": 18}
2026-09-27T21:09:51.510+00:00 RX a5120200000000fc280224fdc9fe2e0000f5 D2 capture {"raw": "a5120200000000fc280224fdc9fe2e0000f5", "label": "D2 capture", "kind": "short", "opcode": "0x02", "frag_index": null, "checksum_ok": true, "declared_length": 18}
2026-09-27T21:09:51.526+00:00 RX a5120200000000fc280224fdc9fe2e0000f5 D2 capture {"raw": "a5120200000000fc280224fdc9fe2e0000f5", "label": "D2 capture", "kind": "short", "opcode": "0x02", "frag_index": null, "checksum_ok": true, "declared_length": 18}
2026-09-27T21:09:51.547+00:00 RX a5120200000000fc280224fdc9fe2e0000f5 D2 capture {"raw": "a5120200000000fc280224fdc9fe2e0000f5", "label": "D2 capture", "kind": "short", "opcode": "0x02", "frag_index": null, "checksum_ok": true, "declared_length": 18}
2026-09-27T21:09:51.547+00:00 RX a5120200000000fc280224fdc9fe2e0000f5 D2 capture {"raw": "a5120200000000fc280224fdc9fe2e0000f5", "label": "D2 capture", "kind": "short", "opcode": "0x02", "frag_index": null, "checksum_ok": true, "declared_length": 18}
2026-09-27T21:09:51.577+00:00 RX a5120200000000fc280224fdc9fe2e0000f5 D2 capture {"raw": "a5120200000000fc280224fdc9fe2e0000f5", "label": "D2 capture", "kind": "short", "opcode": "0x02", "frag_index": null, "checksum_ok": true, "declared_length": 18}
2026-09-27T21:09:51.592+00:00 RX a5120200000000fc280224fdc9fe2e0000f5 D2 capture {"raw": "a5120200000000fc280224fdc9fe2e0000f5", "label": "D2 capture", "kind": "short", "opcode": "0x02", "frag_index": null, "checksum_ok": true, "declared_length": 18}
2026-09-27T21:09:51.607+00:00 RX a5120200000000fc280224fdc9fe2e0000f5 D2 capture {"raw": "a5120200000000fc280224fdc9fe2e0000f5", "label": "D2 capture", "kind": "short", "opcode": "0x02", "frag_index": null, "checksum_ok": true, "declared_length": 18}
2026-09-27T21:09:51.623+00:00 RX a5120200000000fc280224fdc9fe2e0000f5 D2 capture {"raw": "a5120200000000fc280224fdc9fe2e0000f5", "label": "D2 capture", "kind": "short", "opcode": "0x02", "frag_index": null, "checksum_ok": true, "declared_length": 18}
2026-09-27T21:09:51.637+00:00 RX a5120200000000fc280224fdc9fe2e0000f5 D2 capture {"raw": "a5120200000000fc280224fdc9fe2e0000f5", "label": "D2 capture", "kind": "short", "opcode": "0x02", "frag_index": null, "checksum_ok": true, "declared_length": 18}
2026-09-27T21:09:51.660+00:00 RX a5120200000000fc280224fdc9fe2e0000f5 D2 capture {"raw": "a5120200000000fc280224fdc9fe2e0000f5", "label": "D2 capture", "kind": "short", "opcode": "0x02", "frag_index": null, "checksum_ok": true, "declared_length": 18}
2026-09-27T21:09:51.675+00:00 RX a5120200000000fc280224fdc9fe2e0000f5 D2 capture {"raw": "a5120200000000fc280224fdc9fe2e0000f5", "label": "D2 capture", "kind": "short", "opcode": "0x02", "frag_index": null, "checksum_ok": true, "declared_length": 18}
2026-09-27T21:09:51.690+00:00 RX a5120200000000fc280224fdc9fe2e0000f5 D2 capture {"raw": "a5120200000000fc280224fdc9fe2e0000f5", "label": "D2 capture", "kind": "short", "opcode": "0x02", "frag_index": null, "checksum_ok": true, "declared_length": 18}
2026-09-27T21:09:51.705+00:00 RX a5120200000000fc280224fdc9fe2e0000f5 D2 capture {"raw": "a5120200000000fc280224fdc9fe2e0000f5", "label": "D2 capture", "kind": "short", "opcode": "0x02", "frag_index": null, "checksum_ok": true, "declared_length": 18}
2026-09-27T21:09:51.720+00:00 RX a5120200000000fc280224fdc9fe2e0000f5 D2 capture {"raw": "a5120200000000fc280224fdc9fe2e0000f5", "label": "D2 capture", "kind": "short", "opcode": "0x02", "frag_index": null, "checksum_ok": true, "declared_length": 18}
2026-09-27T21:09:51.742+00:00 RX a5120200000000fc280224fdc9fe2e0000f5 D2 capture {"raw": "a5120200000000fc280224fdc9fe2e0000f5", "label": "D2 capture", "kind": "short", "opcode": "0x02", "frag_index": null, "checksum_ok": true, "declared_length": 18}
2026-09-27T21:09:51.743+00:00 RX a5120200000000fc280224fdc9fe2e0000f5 D2 capture {"raw": "a5120200000000fc280224fdc9fe2e0000f5", "label": "D2 capture", "kind": "short", "opcode": "0x02", "frag_index": null, "checksum_ok": true, "declared_length": 18}
2026-09-27T21:09:51.772+00:00 RX a5120200000000fc280224fdc9fe2e0000f5 D2 capture {"raw": "a5120200000000fc280224fdc9fe2e0000f5", "label": "D2 capture", "kind": "short", "opcode": "0x02", "frag_index": null, "checksum_ok": true, "declared_length": 18}
2026-09-27T21:09:51.787+00:00 RX a5120200000000fc280224fdc9fe2e0000f5 D2 capture {"raw": "a5120200000000fc280224fdc9fe2e0000f5", "label": "D2 capture", "kind": "short", "opcode": "0x02", "frag_index": null, "checksum_ok": true, "declared_length": 18}
2026-09-27T21:09:51.802+00:00 RX a5120200000000fc280224fdc9fe2e0000f5 D2 capture {"raw": "a5120200000000fc280224fdc9fe2e0000f5", "label": "D2 capture", "kind": "short", "opcode": "0x02", "frag_index": null, "checksum_ok": true, "declared_length": 18}
2026-09-27T21:09:51.817+00:00 RX a5120200000000fc280224fdc9fe2e0000f5 D2 capture {"raw": "a5120200000000fc280224fdc9fe2e0000f5", "label": "D2 capture", "kind": "short", "opcode": "0x02", "frag_index": null, "checksum_ok": true, "declared_length": 18}
2026-09-27T21:09:51.832+00:00 RX a5120200000000fc280224fdc9fe2e0000f5 D2 capture {"raw": "a5120200000000fc280224fdc9fe2e0000f5", "label": "D2 capture", "kind": "short", "opcode": "0x02", "frag_index": null, "checksum_ok": true, "declared_length": 18}
2026-09-27T21:09:51.855+00:00 RX a5120200000000fc280224fdc9fe2e0000f5 D2 capture {"raw": "a5120200000000fc280224fdc9fe2e0000f5", "label": "D2 capture", "kind": "short", "opcode": "0x02", "frag_index": null, "checksum_ok": true, "declared_length": 18}
2026-09-27T21:09:51.870+00:00 RX a5120200000000fc280224fdc9fe2e0000f5 D2 capture {"raw": "a5120200000000fc280224fdc9fe2e0000f5", "label": "D2 capture", "kind": "short", "opcode": "0x02", "frag_index": null, "checksum_ok": true, "declared_length": 18}
2026-09-27T21:09:51.885+00:00 RX a5120200000000fc280224fdc9fe2e0000f5 D2 capture {"raw": "a5120200000000fc280224fdc9fe2e0000f5", "label": "D2 capture", "kind": "short", "opcode": "0x02", "frag_index": null, "checksum_ok": true, "declared_length": 18}
2026-09-27T21:09:51.900+00:00 RX a5120200000000fc280224fdc9fe2e0000f5 D2 capture {"raw": "a5120200000000fc280224fdc9fe2e0000f5", "label": "D2 capture", "kind": "short", "opcode": "0x02", "frag_index": null, "checksum_ok": true, "declared_length": 18}
2026-09-27T21:09:51.915+00:00 RX a5120200000000fc280224fdc9fe2e0000f5 D2 capture {"raw": "a5120200000000fc280224fdc9fe2e0000f5", "label": "D2 capture", "kind": "short", "opcode": "0x02", "frag_index": null, "checksum_ok": true, "declared_length": 18}
2026-09-27T21:09:51.930+00:00 RX a5120200000000fc280224fdc9fe2e0000f5 D2 capture {"raw": "a5120200000000fc280224fdc9fe2e0000f5", "label": "D2 capture", "kind": "short", "opcode": "0x02", "frag_index": null, "checksum_ok": true, "declared_length": 18}
2026-09-27T21:09:51.945+00:00 RX a5120200000000fc280224fdc9fe2e0000f5 D2 capture {"raw": "a5120200000000fc280224fdc9fe2e0000f5", "label": "D2 capture", "kind": "short", "opcode": "0x02", "frag_index": null, "checksum_ok": true, "declared_length": 18}
2026-09-27T21:09:51.967+00:00 RX a5120200000000fc280224fdc9fe2e0000f5 D2 capture {"raw": "a5120200000000fc280224fdc9fe2e0000f5", "label": "D2 capture", "kind": "short", "opcode": "0x02", "frag_index": null, "checksum_ok": true, "declared_length": 18}
2026-09-27T21:09:51.982+00:00 RX a5120200000000fc280224fdc9fe2e0000f5 D2 capture {"raw": "a5120200000000fc280224fdc9fe2e0000f5", "label": "D2 capture", "kind": "short", "opcode": "0x02", "frag_index": null, "checksum_ok": true, "declared_length": 18}
2026-09-27T21:09:51.997+00:00 RX a5120200000000fc280224fdc9fe2e0000f5 D2 capture {"raw": "a5120200000000fc280224fdc9fe2e0000f5", "label": "D2 capture", "kind": "short", "opcode": "0x02", "frag_index": null, "checksum_ok": true, "declared_length": 18}
2026-09-27T21:09:52.012+00:00 RX a5120200000000fc280224fdc9fe2e0000f5 D2 capture {"raw": "a5120200000000fc280224fdc9fe2e0000f5", "label": "D2 capture", "kind": "short", "opcode": "0x02", "frag_index": null, "checksum_ok": true, "declared_length": 18}
2026-09-27T21:09:52.027+00:00 RX a5120200000000fc280224fdc9fe2e0000f5 D2 capture {"raw": "a5120200000000fc280224fdc9fe2e0000f5", "label": "D2 capture", "kind": "short", "opcode": "0x02", "frag_index": null, "checksum_ok": true, "declared_length": 18}
2026-09-27T21:09:52.043+00:00 RX a5120200000000fc280224fdc9fe2e0000f5 D2 capture {"raw": "a5120200000000fc280224fdc9fe2e0000f5", "label": "D2 capture", "kind": "short", "opcode": "0x02", "frag_index": null, "checksum_ok": true, "declared_length": 18}
2026-09-27T21:09:52.065+00:00 RX a5120200000000fc280224fdc9fe2e0000f5 D2 capture {"raw": "a5120200000000fc280224fdc9fe2e0000f5", "label": "D2 capture", "kind": "short", "opcode": "0x02", "frag_index": null, "checksum_ok": true, "declared_length": 18}
2026-09-27T21:09:52.080+00:00 RX a5120200000000fc280224fdc9fe2e0000f5 D2 capture {"raw": "a5120200000000fc280224fdc9fe2e0000f5", "label": "D2 capture", "kind": "short", "opcode": "0x02", "frag_index": null, "checksum_ok": true, "declared_length": 18}
2026-09-27T21:09:52.095+00:00 RX a5120200000000fc280224fdc9fe2e0000f5 D2 capture {"raw": "a5120200000000fc280224fdc9fe2e0000f5", "label": "D2 capture", "kind": "short", "opcode": "0x02", "frag_index": null, "checksum_ok": true, "declared_length": 18}
2026-09-27T21:09:52.110+00:00 RX a5120200000000fc280224fdc9fe2e0000f5 D2 capture {"raw": "a5120200000000fc280224fdc9fe2e0000f5", "label": "D2 capture", "kind": "short", "opcode": "0x02", "frag_index": null, "checksum_ok": true, "declared_length": 18}
2026-09-27T21:09:52.125+00:00 RX a5120200000000fc280224fdc9fe2e0000f5 D2 capture {"raw": "a5120200000000fc280224fdc9fe2e0000f5", "label": "D2 capture", "kind": "short", "opcode": "0x02", "frag_index": null, "checksum_ok": true, "declared_length": 18}
2026-09-27T21:09:52.140+00:00 RX a5120200000000fc280224fdc9fe2e0000f5 D2 capture {"raw": "a5120200000000fc280224fdc9fe2e0000f5", "label": "D2 capture", "kind": "short", "opcode": "0x02", "frag_index": null, "checksum_ok": true, "declared_length": 18}
2026-09-27T21:09:52.162+00:00 RX a5120200000000fc280224fdc9fe2e0000f5 D2 capture {"raw": "a5120200000000fc280224fdc9fe2e0000f5", "label": "D2 capture", "kind": "short", "opcode": "0x02", "frag_index": null, "checksum_ok": true, "declared_length": 18}
2026-09-27T21:09:52.177+00:00 RX a5120200000000fc280224fdc9fe2e0000f5 D2 capture {"raw": "a5120200000000fc280224fdc9fe2e0000f5", "label": "D2 capture", "kind": "short", "opcode": "0x02", "frag_index": null, "checksum_ok": true, "declared_length": 18}
2026-09-27T21:09:52.192+00:00 RX a5120200000000fc280224fdc9fe2e0000f5 D2 capture {"raw": "a5120200000000fc280224fdc9fe2e0000f5", "label": "D2 capture", "kind": "short", "opcode": "0x02", "frag_index": null, "checksum_ok": true, "declared_length": 18}
2026-09-27T21:09:52.207+00:00 RX a5120200000000fc280224fdc9fe2e0000f5 D2 capture {"raw": "a5120200000000fc280224fdc9fe2e0000f5", "label": "D2 capture", "kind": "short", "opcode": "0x02", "frag_index": null, "checksum_ok": true, "declared_length": 18}
2026-09-27T21:09:52.222+00:00 RX a5120200000000fc280224fdc9fe2e0000f5 D2 capture {"raw": "a5120200000000fc280224fdc9fe2e0000f5", "label": "D2 capture", "kind": "short", "opcode": "0x02", "frag_index": null, "checksum_ok": true, "declared_length": 18}
2026-09-27T21:09:52.245+00:00 RX a5120200000000fc280224fdc9fe2e0000f5 D2 capture {"raw": "a5120200000000fc280224fdc9fe2e0000f5", "label": "D2 capture", "kind": "short", "opcode": "0x02", "frag_index": null, "checksum_ok": true, "declared_length": 18}
2026-09-27T21:09:52.260+00:00 RX a5120200000000fc280224fdc9fe2e0000f5 D2 capture {"raw": "a5120200000000fc280224fdc9fe2e0000f5", "label": "D2 capture", "kind": "short", "opcode": "0x02", "frag_index": null, "checksum_ok": true, "declared_length": 18}
2026-09-27T21:09:53.887+00:00 RX a5120200000002fc280224fdc9fe2e0000f7 D2 capture {"raw": "a5120200000002fc280224fdc9fe2e0000f7", "label": "D2 capture", "kind": "short", "opcode": "0x02", "frag_index": null, "checksum_ok": true, "declared_length": 18}
2026-09-27T21:09:53.902+00:00 RX a5120200000002fc280224fdc9fe2e0000f7 D2 capture {"raw": "a5120200000002fc280224fdc9fe2e0000f7", "label": "D2 capture", "kind": "short", "opcode": "0x02", "frag_index": null, "checksum_ok": true, "declared_length": 18}
2026-09-27T21:09:53.918+00:00 RX a5120200000002fc280224fdc9fe2e0000f7 D2 capture {"raw": "a5120200000002fc280224fdc9fe2e0000f7", "label": "D2 capture", "kind": "short", "opcode": "0x02", "frag_index": null, "checksum_ok": true, "declared_length": 18}
2026-09-27T21:09:53.940+00:00 RX a5120200000002fc280224fdc9fe2e0000f7 D2 capture {"raw": "a5120200000002fc280224fdc9fe2e0000f7", "label": "D2 capture", "kind": "short", "opcode": "0x02", "frag_index": null, "checksum_ok": true, "declared_length": 18}
2026-09-27T21:09:53.956+00:00 RX a5120200000002fc280224fdc9fe2e0000f7 D2 capture {"raw": "a5120200000002fc280224fdc9fe2e0000f7", "label": "D2 capture", "kind": "short", "opcode": "0x02", "frag_index": null, "checksum_ok": true, "declared_length": 18}
2026-09-27T21:09:53.970+00:00 RX a5120200000002fc280224fdc9fe2e0000f7 D2 capture {"raw": "a5120200000002fc280224fdc9fe2e0000f7", "label": "D2 capture", "kind": "short", "opcode": "0x02", "frag_index": null, "checksum_ok": true, "declared_length": 18}
2026-09-27T21:09:53.985+00:00 RX a5120200000002fc280224fdc9fe2e0000f7 D2 capture {"raw": "a5120200000002fc280224fdc9fe2e0000f7", "label": "D2 capture", "kind": "short", "opcode": "0x02", "frag_index": null, "checksum_ok": true, "declared_length": 18}
2026-09-27T21:09:54.000+00:00 RX a5120200000002fc280224fdc9fe2e0000f7 D2 capture {"raw": "a5120200000002fc280224fdc9fe2e0000f7", "label": "D2 capture", "kind": "short", "opcode": "0x02", "frag_index": null, "checksum_ok": true, "declared_length": 18}
2026-09-27T21:09:54.015+00:00 RX a5120200000002fc280224fdc9fe2e0000f7 D2 capture {"raw": "a5120200000002fc280224fdc9fe2e0000f7", "label": "D2 capture", "kind": "short", "opcode": "0x02", "frag_index": null, "checksum_ok": true, "declared_length": 18}
2026-09-27T21:09:54.030+00:00 RX a5120200000002fc280224fdc9fe2e0000f7 D2 capture {"raw": "a5120200000002fc280224fdc9fe2e0000f7", "label": "D2 capture", "kind": "short", "opcode": "0x02", "frag_index": null, "checksum_ok": true, "declared_length": 18}
2026-09-27T21:09:54.045+00:00 RX a5120200000002fc280224fdc9fe2e0000f7 D2 capture {"raw": "a5120200000002fc280224fdc9fe2e0000f7", "label": "D2 capture", "kind": "short", "opcode": "0x02", "frag_index": null, "checksum_ok": true, "declared_length": 18}
2026-09-27T21:09:54.069+00:00 RX a5120200000002fc280224fdc9fe2e0000f7 D2 capture {"raw": "a5120200000002fc280224fdc9fe2e0000f7", "label": "D2 capture", "kind": "short", "opcode": "0x02", "frag_index": null, "checksum_ok": true, "declared_length": 18}
2026-09-27T21:09:54.082+00:00 RX a5120200000002fc280224fdc9fe2e0000f7 D2 capture {"raw": "a5120200000002fc280224fdc9fe2e0000f7", "label": "D2 capture", "kind": "short", "opcode": "0x02", "frag_index": null, "checksum_ok": true, "declared_length": 18}
2026-09-27T21:09:54.105+00:00 RX a5120200000000fc280224fdc9fe2e0000f5 D2 capture {"raw": "a5120200000000fc280224fdc9fe2e0000f5", "label": "D2 capture", "kind": "short", "opcode": "0x02", "frag_index": null, "checksum_ok": true, "declared_length": 18}
2026-09-27T21:09:54.120+00:00 RX a5120200000000fc280224fdc9fe2e0000f5 D2 capture {"raw": "a5120200000000fc280224fdc9fe2e0000f5", "label": "D2 capture", "kind": "short", "opcode": "0x02", "frag_index": null, "checksum_ok": true, "declared_length": 18}
2026-09-27T21:09:54.121+00:00 RX a5120200000000fc280224fdc9fe2e0000f5 D2 capture {"raw": "a5120200000000fc280224fdc9fe2e0000f5", "label": "D2 capture", "kind": "short", "opcode": "0x02", "frag_index": null, "checksum_ok": true, "declared_length": 18}
2026-09-27T21:09:54.142+00:00 RX a5120200000000fc280224fdc9fe2e0000f5 D2 capture {"raw": "a5120200000000fc280224fdc9fe2e0000f5", "label": "D2 capture", "kind": "short", "opcode": "0x02", "frag_index": null, "checksum_ok": true, "declared_length": 18}
2026-09-27T21:09:54.165+00:00 RX a5120200000000fc280224fdc9fe2e0000f5 D2 capture {"raw": "a5120200000000fc280224fdc9fe2e0000f5", "label": "D2 capture", "kind": "short", "opcode": "0x02", "frag_index": null, "checksum_ok": true, "declared_length": 18}
2026-09-27T21:09:54.180+00:00 RX a5120200000000fc280224fdc9fe2e0000f5 D2 capture {"raw": "a5120200000000fc280224fdc9fe2e0000f5", "label": "D2 capture", "kind": "short", "opcode": "0x02", "frag_index": null, "checksum_ok": true, "declared_length": 18}
2026-09-27T21:09:54.195+00:00 RX a5120200000000fc280224fdc9fe2e0000f5 D2 capture {"raw": "a5120200000000fc280224fdc9fe2e0000f5", "label": "D2 capture", "kind": "short", "opcode": "0x02", "frag_index": null, "checksum_ok": true, "declared_length": 18}
2026-09-27T21:09:54.211+00:00 RX a5120200000000fc280224fdc9fe2e0000f5 D2 capture {"raw": "a5120200000000fc280224fdc9fe2e0000f5", "label": "D2 capture", "kind": "short", "opcode": "0x02", "frag_index": null, "checksum_ok": true, "declared_length": 18}
2026-09-27T21:09:54.225+00:00 RX a5120200000000fc280224fdc9fe2e0000f5 D2 capture {"raw": "a5120200000000fc280224fdc9fe2e0000f5", "label": "D2 capture", "kind": "short", "opcode": "0x02", "frag_index": null, "checksum_ok": true, "declared_length": 18}
2026-09-27T21:09:54.240+00:00 RX a5120200000000fc280224fdc9fe2e0000f5 D2 capture {"raw": "a5120200000000fc280224fdc9fe2e0000f5", "label": "D2 capture", "kind": "short", "opcode": "0x02", "frag_index": null, "checksum_ok": true, "declared_length": 18}
2026-09-27T21:09:54.255+00:00 RX a5120200000000fc280224fdc9fe2e0000f5 D2 capture {"raw": "a5120200000000fc280224fdc9fe2e0000f5", "label": "D2 capture", "kind": "short", "opcode": "0x02", "frag_index": null, "checksum_ok": true, "declared_length": 18}
2026-09-27T21:09:54.277+00:00 RX a5120200000000fc280224fdc9fe2e0000f5 D2 capture {"raw": "a5120200000000fc280224fdc9fe2e0000f5", "label": "D2 capture", "kind": "short", "opcode": "0x02", "frag_index": null, "checksum_ok": true, "declared_length": 18}
2026-09-27T21:09:54.292+00:00 RX a5120200000000fc280224fdc9fe2e0000f5 D2 capture {"raw": "a5120200000000fc280224fdc9fe2e0000f5", "label": "D2 capture", "kind": "short", "opcode": "0x02", "frag_index": null, "checksum_ok": true, "declared_length": 18}
2026-09-27T21:09:54.307+00:00 RX a5120200000000fc280224fdc9fe2e0000f5 D2 capture {"raw": "a5120200000000fc280224fdc9fe2e0000f5", "label": "D2 capture", "kind": "short", "opcode": "0x02", "frag_index": null, "checksum_ok": true, "declared_length": 18}
2026-09-27T21:09:54.331+00:00 RX a5120200000000fc280224fdc9fe2e0000f5 D2 capture {"raw": "a5120200000000fc280224fdc9fe2e0000f5", "label": "D2 capture", "kind": "short", "opcode": "0x02", "frag_index": null, "checksum_ok": true, "declared_length": 18}
2026-09-27T21:09:54.332+00:00 RX a5120200000000fc280224fdc9fe2e0000f5 D2 capture {"raw": "a5120200000000fc280224fdc9fe2e0000f5", "label": "D2 capture", "kind": "short", "opcode": "0x02", "frag_index": null, "checksum_ok": true, "declared_length": 18}
2026-09-27T21:09:54.352+00:00 RX a5120200000000fc280224fdc9fe2e0000f5 D2 capture {"raw": "a5120200000000fc280224fdc9fe2e0000f5", "label": "D2 capture", "kind": "short", "opcode": "0x02", "frag_index": null, "checksum_ok": true, "declared_length": 18}
2026-09-27T21:09:54.375+00:00 RX a5120200000000fc280224fdc9fe2e0000f5 D2 capture {"raw": "a5120200000000fc280224fdc9fe2e0000f5", "label": "D2 capture", "kind": "short", "opcode": "0x02", "frag_index": null, "checksum_ok": true, "declared_length": 18}
2026-09-27T21:09:54.390+00:00 RX a5120200000000fc280224fdc9fe2e0000f5 D2 capture {"raw": "a5120200000000fc280224fdc9fe2e0000f5", "label": "D2 capture", "kind": "short", "opcode": "0x02", "frag_index": null, "checksum_ok": true, "declared_length": 18}
2026-09-27T21:09:54.405+00:00 RX a5120200000000fc280224fdc9fe2e0000f5 D2 capture {"raw": "a5120200000000fc280224fdc9fe2e0000f5", "label": "D2 capture", "kind": "short", "opcode": "0x02", "frag_index": null, "checksum_ok": true, "declared_length": 18}
2026-09-27T21:09:54.420+00:00 RX a5120200000000fc280224fdc9fe2e0000f5 D2 capture {"raw": "a5120200000000fc280224fdc9fe2e0000f5", "label": "D2 capture", "kind": "short", "opcode": "0x02", "frag_index": null, "checksum_ok": true, "declared_length": 18}
2026-09-27T21:09:54.435+00:00 RX a5120200000000fc280224fdc9fe2e0000f5 D2 capture {"raw": "a5120200000000fc280224fdc9fe2e0000f5", "label": "D2 capture", "kind": "short", "opcode": "0x02", "frag_index": null, "checksum_ok": true, "declared_length": 18}
2026-09-27T21:09:54.450+00:00 RX a5120200000000fc280224fdc9fe2e0000f5 D2 capture {"raw": "a5120200000000fc280224fdc9fe2e0000f5", "label": "D2 capture", "kind": "short", "opcode": "0x02", "frag_index": null, "checksum_ok": true, "declared_length": 18}
2026-09-27T21:09:54.465+00:00 RX a5120200000000fc280224fdc9fe2e0000f5 D2 capture {"raw": "a5120200000000fc280224fdc9fe2e0000f5", "label": "D2 capture", "kind": "short", "opcode": "0x02", "frag_index": null, "checksum_ok": true, "declared_length": 18}
2026-09-27T21:09:54.481+00:00 RX a5120200000000fc280224fdc9fe2e0000f5 D2 capture {"raw": "a5120200000000fc280224fdc9fe2e0000f5", "label": "D2 capture", "kind": "short", "opcode": "0x02", "frag_index": null, "checksum_ok": true, "declared_length": 18}
2026-09-27T21:09:54.495+00:00 RX a5120200000000fc280224fdc9fe2e0000f5 D2 capture {"raw": "a5120200000000fc280224fdc9fe2e0000f5", "label": "D2 capture", "kind": "short", "opcode": "0x02", "frag_index": null, "checksum_ok": true, "declared_length": 18}
2026-09-27T21:09:54.510+00:00 RX a5120200000000fc280224fdc9fe2e0000f5 D2 capture {"raw": "a5120200000000fc280224fdc9fe2e0000f5", "label": "D2 capture", "kind": "short", "opcode": "0x02", "frag_index": null, "checksum_ok": true, "declared_length": 18}
2026-09-27T21:09:54.525+00:00 RX a5120200000000fc280224fdc9fe2e0000f5 D2 capture {"raw": "a5120200000000fc280224fdc9fe2e0000f5", "label": "D2 capture", "kind": "short", "opcode": "0x02", "frag_index": null, "checksum_ok": true, "declared_length": 18}
2026-09-27T21:09:54.547+00:00 RX a5120200000000fc280224fdc9fe2e0000f5 D2 capture {"raw": "a5120200000000fc280224fdc9fe2e0000f5", "label": "D2 capture", "kind": "short", "opcode": "0x02", "frag_index": null, "checksum_ok": true, "declared_length": 18}
2026-09-27T21:09:54.562+00:00 RX a5120200000000fc280224fdc9fe2e0000f5 D2 capture {"raw": "a5120200000000fc280224fdc9fe2e0000f5", "label": "D2 capture", "kind": "short", "opcode": "0x02", "frag_index": null, "checksum_ok": true, "declared_length": 18}
2026-09-27T21:09:54.577+00:00 RX a5120200000000fc280224fdc9fe2e0000f5 D2 capture {"raw": "a5120200000000fc280224fdc9fe2e0000f5", "label": "D2 capture", "kind": "short", "opcode": "0x02", "frag_index": null, "checksum_ok": true, "declared_length": 18}
2026-09-27T21:09:54.593+00:00 RX a5120200000000fc280224fdc9fe2e0000f5 D2 capture {"raw": "a5120200000000fc280224fdc9fe2e0000f5", "label": "D2 capture", "kind": "short", "opcode": "0x02", "frag_index": null, "checksum_ok": true, "declared_length": 18}
2026-09-27T21:09:54.607+00:00 RX a5120200000000fc280224fdc9fe2e0000f5 D2 capture {"raw": "a5120200000000fc280224fdc9fe2e0000f5", "label": "D2 capture", "kind": "short", "opcode": "0x02", "frag_index": null, "checksum_ok": true, "declared_length": 18}
2026-09-27T21:09:54.622+00:00 RX a5120200000000fc280224fdc9fe2e0000f5 D2 capture {"raw": "a5120200000000fc280224fdc9fe2e0000f5", "label": "D2 capture", "kind": "short", "opcode": "0x02", "frag_index": null, "checksum_ok": true, "declared_length": 18}
2026-09-27T21:09:54.645+00:00 RX a5120200000000fc280224fdc9fe2e0000f5 D2 capture {"raw": "a5120200000000fc280224fdc9fe2e0000f5", "label": "D2 capture", "kind": "short", "opcode": "0x02", "frag_index": null, "checksum_ok": true, "declared_length": 18}
2026-09-27T21:09:54.660+00:00 RX a5120200000000fc280224fdc9fe2e0000f5 D2 capture {"raw": "a5120200000000fc280224fdc9fe2e0000f5", "label": "D2 capture", "kind": "short", "opcode": "0x02", "frag_index": null, "checksum_ok": true, "declared_length": 18}
2026-09-27T21:09:54.675+00:00 RX a5120200000000fc280224fdc9fe2e0000f5 D2 capture {"raw": "a5120200000000fc280224fdc9fe2e0000f5", "label": "D2 capture", "kind": "short", "opcode": "0x02", "frag_index": null, "checksum_ok": true, "declared_length": 18}
2026-09-27T21:09:54.690+00:00 RX a5120200000000fc280224fdc9fe2e0000f5 D2 capture {"raw": "a5120200000000fc280224fdc9fe2e0000f5", "label": "D2 capture", "kind": "short", "opcode": "0x02", "frag_index": null, "checksum_ok": true, "declared_length": 18}
2026-09-27T21:09:54.705+00:00 RX a5120200000000fc280224fdc9fe2e0000f5 D2 capture {"raw": "a5120200000000fc280224fdc9fe2e0000f5", "label": "D2 capture", "kind": "short", "opcode": "0x02", "frag_index": null, "checksum_ok": true, "declared_length": 18}
2026-09-27T21:09:54.720+00:00 RX a5120200000000fc280224fdc9fe2e0000f5 D2 capture {"raw": "a5120200000000fc280224fdc9fe2e0000f5", "label": "D2 capture", "kind": "short", "opcode": "0x02", "frag_index": null, "checksum_ok": true, "declared_length": 18}
2026-09-27T21:09:54.735+00:00 RX a5120200000000fc280224fdc9fe2e0000f5 D2 capture {"raw": "a5120200000000fc280224fdc9fe2e0000f5", "label": "D2 capture", "kind": "short", "opcode": "0x02", "frag_index": null, "checksum_ok": true, "declared_length": 18}
2026-09-27T21:09:54.757+00:00 RX a5120200000000fc280224fdc9fe2e0000f5 D2 capture {"raw": "a5120200000000fc280224fdc9fe2e0000f5", "label": "D2 capture", "kind": "short", "opcode": "0x02", "frag_index": null, "checksum_ok": true, "declared_length": 18}
2026-09-27T21:09:54.780+00:00 RX a5120200000000fc280224fdc9fe2e0000f5 D2 capture {"raw": "a5120200000000fc280224fdc9fe2e0000f5", "label": "D2 capture", "kind": "short", "opcode": "0x02", "frag_index": null, "checksum_ok": true, "declared_length": 18}
2026-09-27T21:09:54.780+00:00 RX a5120200000000fc280224fdc9fe2e0000f5 D2 capture {"raw": "a5120200000000fc280224fdc9fe2e0000f5", "label": "D2 capture", "kind": "short", "opcode": "0x02", "frag_index": null, "checksum_ok": true, "declared_length": 18}
2026-09-27T21:09:54.802+00:00 RX a5120200000000fc280224fdc9fe2e0000f5 D2 capture {"raw": "a5120200000000fc280224fdc9fe2e0000f5", "label": "D2 capture", "kind": "short", "opcode": "0x02", "frag_index": null, "checksum_ok": true, "declared_length": 18}
2026-09-27T21:09:54.832+00:00 RX a5120200000000fc280224fdc9fe2e0000f5 D2 capture {"raw": "a5120200000000fc280224fdc9fe2e0000f5", "label": "D2 capture", "kind": "short", "opcode": "0x02", "frag_index": null, "checksum_ok": true, "declared_length": 18}
2026-09-27T21:09:54.833+00:00 RX a5120200000000fc280224fdc9fe2e0000f5 D2 capture {"raw": "a5120200000000fc280224fdc9fe2e0000f5", "label": "D2 capture", "kind": "short", "opcode": "0x02", "frag_index": null, "checksum_ok": true, "declared_length": 18}
2026-09-27T21:09:54.855+00:00 RX a5120200000000fc280224fdc9fe2e0000f5 D2 capture {"raw": "a5120200000000fc280224fdc9fe2e0000f5", "label": "D2 capture", "kind": "short", "opcode": "0x02", "frag_index": null, "checksum_ok": true, "declared_length": 18}
2026-09-27T21:09:54.870+00:00 RX a5120200000000fc280224fdc9fe2e0000f5 D2 capture {"raw": "a5120200000000fc280224fdc9fe2e0000f5", "label": "D2 capture", "kind": "short", "opcode": "0x02", "frag_index": null, "checksum_ok": true, "declared_length": 18}
2026-09-27T21:09:54.885+00:00 RX a5120200000000fc280224fdc9fe2e0000f5 D2 capture {"raw": "a5120200000000fc280224fdc9fe2e0000f5", "label": "D2 capture", "kind": "short", "opcode": "0x02", "frag_index": null, "checksum_ok": true, "declared_length": 18}
2026-09-27T21:09:54.900+00:00 RX a5120200000000fc280224fdc9fe2e0000f5 D2 capture {"raw": "a5120200000000fc280224fdc9fe2e0000f5", "label": "D2 capture", "kind": "short", "opcode": "0x02", "frag_index": null, "checksum_ok": true, "declared_length": 18}
2026-09-27T21:09:54.915+00:00 RX a5120200000000fc280224fdc9fe2e0000f5 D2 capture {"raw": "a5120200000000fc280224fdc9fe2e0000f5", "label": "D2 capture", "kind": "short", "opcode": "0x02", "frag_index": null, "checksum_ok": true, "declared_length": 18}
2026-09-27T21:09:54.930+00:00 RX a5120200000000fc280224fdc9fe2e0000f5 D2 capture {"raw": "a5120200000000fc280224fdc9fe2e0000f5", "label": "D2 capture", "kind": "short", "opcode": "0x02", "frag_index": null, "checksum_ok": true, "declared_length": 18}
2026-09-27T21:09:54.952+00:00 RX a5120200000000fc280224fdc9fe2e0000f5 D2 capture {"raw": "a5120200000000fc280224fdc9fe2e0000f5", "label": "D2 capture", "kind": "short", "opcode": "0x02", "frag_index": null, "checksum_ok": true, "declared_length": 18}
2026-09-27T21:09:54.953+00:00 RX a5120200000000fc280224fdc9fe2e0000f5 D2 capture {"raw": "a5120200000000fc280224fdc9fe2e0000f5", "label": "D2 capture", "kind": "short", "opcode": "0x02", "frag_index": null, "checksum_ok": true, "declared_length": 18}
2026-09-27T21:09:54.975+00:00 RX a5120200000000fc280224fdc9fe2e0000f5 D2 capture {"raw": "a5120200000000fc280224fdc9fe2e0000f5", "label": "D2 capture", "kind": "short", "opcode": "0x02", "frag_index": null, "checksum_ok": true, "declared_length": 18}
2026-09-27T21:09:54.997+00:00 RX a5120200000000fc280224fdc9fe2e0000f5 D2 capture {"raw": "a5120200000000fc280224fdc9fe2e0000f5", "label": "D2 capture", "kind": "short", "opcode": "0x02", "frag_index": null, "checksum_ok": true, "declared_length": 18}
2026-09-27T21:09:55.012+00:00 RX a5120200000000fc280224fdc9fe2e0000f5 D2 capture {"raw": "a5120200000000fc280224fdc9fe2e0000f5", "label": "D2 capture", "kind": "short", "opcode": "0x02", "frag_index": null, "checksum_ok": true, "declared_length": 18}
2026-09-27T21:09:55.027+00:00 RX a5120200000000fc280224fdc9fe2e0000f5 D2 capture {"raw": "a5120200000000fc280224fdc9fe2e0000f5", "label": "D2 capture", "kind": "short", "opcode": "0x02", "frag_index": null, "checksum_ok": true, "declared_length": 18}
2026-09-27T21:09:55.042+00:00 RX a5120200000000fc280224fdc9fe2e0000f5 D2 capture {"raw": "a5120200000000fc280224fdc9fe2e0000f5", "label": "D2 capture", "kind": "short", "opcode": "0x02", "frag_index": null, "checksum_ok": true, "declared_length": 18}
2026-09-27T21:09:55.057+00:00 RX a5120200000000fc280224fdc9fe2e0000f5 D2 capture {"raw": "a5120200000000fc280224fdc9fe2e0000f5", "label": "D2 capture", "kind": "short", "opcode": "0x02", "frag_index": null, "checksum_ok": true, "declared_length": 18}
2026-09-27T21:09:55.072+00:00 RX a5120200000000fc280224fdc9fe2e0000f5 D2 capture {"raw": "a5120200000000fc280224fdc9fe2e0000f5", "label": "D2 capture", "kind": "short", "opcode": "0x02", "frag_index": null, "checksum_ok": true, "declared_length": 18}
2026-09-27T21:09:55.088+00:00 RX a5120200000000fc280224fdc9fe2e0000f5 D2 capture {"raw": "a5120200000000fc280224fdc9fe2e0000f5", "label": "D2 capture", "kind": "short", "opcode": "0x02", "frag_index": null, "checksum_ok": true, "declared_length": 18}
2026-09-27T21:09:55.110+00:00 RX a5120200000000fc280224fdc9fe2e0000f5 D2 capture {"raw": "a5120200000000fc280224fdc9fe2e0000f5", "label": "D2 capture", "kind": "short", "opcode": "0x02", "frag_index": null, "checksum_ok": true, "declared_length": 18}
2026-09-27T21:09:55.125+00:00 RX a5120200000000fc280224fdc9fe2e0000f5 D2 capture {"raw": "a5120200000000fc280224fdc9fe2e0000f5", "label": "D2 capture", "kind": "short", "opcode": "0x02", "frag_index": null, "checksum_ok": true, "declared_length": 18}
2026-09-27T21:09:55.140+00:00 RX a5120200000000fc280224fdc9fe2e0000f5 D2 capture {"raw": "a5120200000000fc280224fdc9fe2e0000f5", "label": "D2 capture", "kind": "short", "opcode": "0x02", "frag_index": null, "checksum_ok": true, "declared_length": 18}
2026-09-27T21:09:55.155+00:00 RX a5120200000000fc280224fdc9fe2e0000f5 D2 capture {"raw": "a5120200000000fc280224fdc9fe2e0000f5", "label": "D2 capture", "kind": "short", "opcode": "0x02", "frag_index": null, "checksum_ok": true, "declared_length": 18}
2026-09-27T21:09:55.170+00:00 RX a5120200000000fc280224fdc9fe2e0000f5 D2 capture {"raw": "a5120200000000fc280224fdc9fe2e0000f5", "label": "D2 capture", "kind": "short", "opcode": "0x02", "frag_index": null, "checksum_ok": true, "declared_length": 18}
2026-09-27T21:09:55.185+00:00 RX a5120200000000fc280224fdc9fe2e0000f5 D2 capture {"raw": "a5120200000000fc280224fdc9fe2e0000f5", "label": "D2 capture", "kind": "short", "opcode": "0x02", "frag_index": null, "checksum_ok": true, "declared_length": 18}
2026-09-27T21:09:55.200+00:00 RX a5120200000000fc280224fdc9fe2e0000f5 D2 capture {"raw": "a5120200000000fc280224fdc9fe2e0000f5", "label": "D2 capture", "kind": "short", "opcode": "0x02", "frag_index": null, "checksum_ok": true, "declared_length": 18}
2026-09-27T21:09:55.215+00:00 RX a5120200000000fc280224fdc9fe2e0000f5 D2 capture {"raw": "a5120200000000fc280224fdc9fe2e0000f5", "label": "D2 capture", "kind": "short", "opcode": "0x02", "frag_index": null, "checksum_ok": true, "declared_length": 18}
2026-09-27T21:09:55.237+00:00 RX a5120200000000fc280224fdc9fe2e0000f5 D2 capture {"raw": "a5120200000000fc280224fdc9fe2e0000f5", "label": "D2 capture", "kind": "short", "opcode": "0x02", "frag_index": null, "checksum_ok": true, "declared_length": 18}
2026-09-27T21:09:55.253+00:00 RX a5120200000000fc280224fdc9fe2e0000f5 D2 capture {"raw": "a5120200000000fc280224fdc9fe2e0000f5", "label": "D2 capture", "kind": "short", "opcode": "0x02", "frag_index": null, "checksum_ok": true, "declared_length": 18}
2026-09-27T21:09:55.267+00:00 RX a5120200000000fc280224fdc9fe2e0000f5 D2 capture {"raw": "a5120200000000fc280224fdc9fe2e0000f5", "label": "D2 capture", "kind": "short", "opcode": "0x02", "frag_index": null, "checksum_ok": true, "declared_length": 18}
2026-09-27T21:09:55.282+00:00 RX a5120200000000fc280224fdc9fe2e0000f5 D2 capture {"raw": "a5120200000000fc280224fdc9fe2e0000f5", "label": "D2 capture", "kind": "short", "opcode": "0x02", "frag_index": null, "checksum_ok": true, "declared_length": 18}
2026-09-27T21:09:58.178+00:00 RX a5120200000008fc280224fdc9fe2e0000fd D2 capture {"raw": "a5120200000008fc280224fdc9fe2e0000fd", "label": "D2 capture", "kind": "short", "opcode": "0x02", "frag_index": null, "checksum_ok": true, "declared_length": 18}
2026-09-27T21:09:58.207+00:00 RX a5120200000008fc280224fdc9fe2e0000fd D2 capture {"raw": "a5120200000008fc280224fdc9fe2e0000fd", "label": "D2 capture", "kind": "short", "opcode": "0x02", "frag_index": null, "checksum_ok": true, "declared_length": 18}
2026-09-27T21:09:58.208+00:00 RX a5120200000008fc280224fdc9fe2e0000fd D2 capture {"raw": "a5120200000008fc280224fdc9fe2e0000fd", "label": "D2 capture", "kind": "short", "opcode": "0x02", "frag_index": null, "checksum_ok": true, "declared_length": 18}
2026-09-27T21:09:58.230+00:00 RX a5120200000008fc280224fdc9fe2e0000fd D2 capture {"raw": "a5120200000008fc280224fdc9fe2e0000fd", "label": "D2 capture", "kind": "short", "opcode": "0x02", "frag_index": null, "checksum_ok": true, "declared_length": 18}
2026-09-27T21:09:58.245+00:00 RX a5120200000008fc280224fdc9fe2e0000fd D2 capture {"raw": "a5120200000008fc280224fdc9fe2e0000fd", "label": "D2 capture", "kind": "short", "opcode": "0x02", "frag_index": null, "checksum_ok": true, "declared_length": 18}
2026-09-27T21:09:58.260+00:00 RX a5120200000008fc280224fdc9fe2e0000fd D2 capture {"raw": "a5120200000008fc280224fdc9fe2e0000fd", "label": "D2 capture", "kind": "short", "opcode": "0x02", "frag_index": null, "checksum_ok": true, "declared_length": 18}
2026-09-27T21:09:58.275+00:00 RX a5120200000008fc280224fdc9fe2e0000fd D2 capture {"raw": "a5120200000008fc280224fdc9fe2e0000fd", "label": "D2 capture", "kind": "short", "opcode": "0x02", "frag_index": null, "checksum_ok": true, "declared_length": 18}
2026-09-27T21:09:58.290+00:00 RX a5120200000008fc280224fdc9fe2e0000fd D2 capture {"raw": "a5120200000008fc280224fdc9fe2e0000fd", "label": "D2 capture", "kind": "short", "opcode": "0x02", "frag_index": null, "checksum_ok": true, "declared_length": 18}
2026-09-27T21:09:58.305+00:00 RX a5120200000008fc280224fdc9fe2e0000fd D2 capture {"raw": "a5120200000008fc280224fdc9fe2e0000fd", "label": "D2 capture", "kind": "short", "opcode": "0x02", "frag_index": null, "checksum_ok": true, "declared_length": 18}
2026-09-27T21:09:58.327+00:00 RX a5120200000008fc280224fdc9fe2e0000fd D2 capture {"raw": "a5120200000008fc280224fdc9fe2e0000fd", "label": "D2 capture", "kind": "short", "opcode": "0x02", "frag_index": null, "checksum_ok": true, "declared_length": 18}
2026-09-27T21:09:58.342+00:00 RX a5120200000008fc280224fdc9fe2e0000fd D2 capture {"raw": "a5120200000008fc280224fdc9fe2e0000fd", "label": "D2 capture", "kind": "short", "opcode": "0x02", "frag_index": null, "checksum_ok": true, "declared_length": 18}
2026-09-27T21:09:58.357+00:00 RX a5120200000008fc280224fdc9fe2e0000fd D2 capture {"raw": "a5120200000008fc280224fdc9fe2e0000fd", "label": "D2 capture", "kind": "short", "opcode": "0x02", "frag_index": null, "checksum_ok": true, "declared_length": 18}
2026-09-27T21:09:58.372+00:00 RX a5120200000008fc280224fdc9fe2e0000fd D2 capture {"raw": "a5120200000008fc280224fdc9fe2e0000fd", "label": "D2 capture", "kind": "short", "opcode": "0x02", "frag_index": null, "checksum_ok": true, "declared_length": 18}
2026-09-27T21:09:58.387+00:00 RX a5120200000008fc280224fdc9fe2e0000fd D2 capture {"raw": "a5120200000008fc280224fdc9fe2e0000fd", "label": "D2 capture", "kind": "short", "opcode": "0x02", "frag_index": null, "checksum_ok": true, "declared_length": 18}
2026-09-27T21:09:58.402+00:00 RX a5120200000000fc280224fdc9fe2e0000f5 D2 capture {"raw": "a5120200000000fc280224fdc9fe2e0000f5", "label": "D2 capture", "kind": "short", "opcode": "0x02", "frag_index": null, "checksum_ok": true, "declared_length": 18}
2026-09-27T21:09:58.432+00:00 RX a5120200000000fc280224fdc9fe2e0000f5 D2 capture {"raw": "a5120200000000fc280224fdc9fe2e0000f5", "label": "D2 capture", "kind": "short", "opcode": "0x02", "frag_index": null, "checksum_ok": true, "declared_length": 18}
2026-09-27T21:09:58.433+00:00 RX a5120200000000fc280224fdc9fe2e0000f5 D2 capture {"raw": "a5120200000000fc280224fdc9fe2e0000f5", "label": "D2 capture", "kind": "short", "opcode": "0x02", "frag_index": null, "checksum_ok": true, "declared_length": 18}
2026-09-27T21:09:58.456+00:00 RX a5120200000000fc280224fdc9fe2e0000f5 D2 capture {"raw": "a5120200000000fc280224fdc9fe2e0000f5", "label": "D2 capture", "kind": "short", "opcode": "0x02", "frag_index": null, "checksum_ok": true, "declared_length": 18}
2026-09-27T21:09:58.470+00:00 RX a5120200000000fc280224fdc9fe2e0000f5 D2 capture {"raw": "a5120200000000fc280224fdc9fe2e0000f5", "label": "D2 capture", "kind": "short", "opcode": "0x02", "frag_index": null, "checksum_ok": true, "declared_length": 18}
2026-09-27T21:09:58.485+00:00 RX a5120200000000fc280224fdc9fe2e0000f5 D2 capture {"raw": "a5120200000000fc280224fdc9fe2e0000f5", "label": "D2 capture", "kind": "short", "opcode": "0x02", "frag_index": null, "checksum_ok": true, "declared_length": 18}
2026-09-27T21:09:58.500+00:00 RX a5120200000000fc280224fdc9fe2e0000f5 D2 capture {"raw": "a5120200000000fc280224fdc9fe2e0000f5", "label": "D2 capture", "kind": "short", "opcode": "0x02", "frag_index": null, "checksum_ok": true, "declared_length": 18}
2026-09-27T21:09:58.515+00:00 RX a5120200000000fc280224fdc9fe2e0000f5 D2 capture {"raw": "a5120200000000fc280224fdc9fe2e0000f5", "label": "D2 capture", "kind": "short", "opcode": "0x02", "frag_index": null, "checksum_ok": true, "declared_length": 18}
2026-09-27T21:09:58.537+00:00 RX a5120200000000fc280224fdc9fe2e0000f5 D2 capture {"raw": "a5120200000000fc280224fdc9fe2e0000f5", "label": "D2 capture", "kind": "short", "opcode": "0x02", "frag_index": null, "checksum_ok": true, "declared_length": 18}
2026-09-27T21:09:58.552+00:00 RX a5120200000000fc280224fdc9fe2e0000f5 D2 capture {"raw": "a5120200000000fc280224fdc9fe2e0000f5", "label": "D2 capture", "kind": "short", "opcode": "0x02", "frag_index": null, "checksum_ok": true, "declared_length": 18}
2026-09-27T21:09:58.567+00:00 RX a5120200000000fc280224fdc9fe2e0000f5 D2 capture {"raw": "a5120200000000fc280224fdc9fe2e0000f5", "label": "D2 capture", "kind": "short", "opcode": "0x02", "frag_index": null, "checksum_ok": true, "declared_length": 18}
2026-09-27T21:09:58.582+00:00 RX a5120200000000fc280224fdc9fe2e0000f5 D2 capture {"raw": "a5120200000000fc280224fdc9fe2e0000f5", "label": "D2 capture", "kind": "short", "opcode": "0x02", "frag_index": null, "checksum_ok": true, "declared_length": 18}
2026-09-27T21:09:58.597+00:00 RX a5120200000000fc280224fdc9fe2e0000f5 D2 capture {"raw": "a5120200000000fc280224fdc9fe2e0000f5", "label": "D2 capture", "kind": "short", "opcode": "0x02", "frag_index": null, "checksum_ok": true, "declared_length": 18}
2026-09-27T21:09:58.612+00:00 RX a5120200000000fc280224fdc9fe2e0000f5 D2 capture {"raw": "a5120200000000fc280224fdc9fe2e0000f5", "label": "D2 capture", "kind": "short", "opcode": "0x02", "frag_index": null, "checksum_ok": true, "declared_length": 18}
2026-09-27T21:09:58.627+00:00 RX a5120200000000fc280224fdc9fe2e0000f5 D2 capture {"raw": "a5120200000000fc280224fdc9fe2e0000f5", "label": "D2 capture", "kind": "short", "opcode": "0x02", "frag_index": null, "checksum_ok": true, "declared_length": 18}
2026-09-27T21:09:58.642+00:00 RX a5120200000000fc280224fdc9fe2e0000f5 D2 capture {"raw": "a5120200000000fc280224fdc9fe2e0000f5", "label": "D2 capture", "kind": "short", "opcode": "0x02", "frag_index": null, "checksum_ok": true, "declared_length": 18}
2026-09-27T21:09:58.665+00:00 RX a5120200000000fc280224fdc9fe2e0000f5 D2 capture {"raw": "a5120200000000fc280224fdc9fe2e0000f5", "label": "D2 capture", "kind": "short", "opcode": "0x02", "frag_index": null, "checksum_ok": true, "declared_length": 18}
2026-09-27T21:09:58.680+00:00 RX a5120200000000fc280224fdc9fe2e0000f5 D2 capture {"raw": "a5120200000000fc280224fdc9fe2e0000f5", "label": "D2 capture", "kind": "short", "opcode": "0x02", "frag_index": null, "checksum_ok": true, "declared_length": 18}
2026-09-27T21:09:58.695+00:00 RX a5120200000000fc280224fdc9fe2e0000f5 D2 capture {"raw": "a5120200000000fc280224fdc9fe2e0000f5", "label": "D2 capture", "kind": "short", "opcode": "0x02", "frag_index": null, "checksum_ok": true, "declared_length": 18}
2026-09-27T21:09:58.710+00:00 RX a5120200000000fc280224fdc9fe2e0000f5 D2 capture {"raw": "a5120200000000fc280224fdc9fe2e0000f5", "label": "D2 capture", "kind": "short", "opcode": "0x02", "frag_index": null, "checksum_ok": true, "declared_length": 18}
2026-09-27T21:09:58.725+00:00 RX a5120200000000fc280224fdc9fe2e0000f5 D2 capture {"raw": "a5120200000000fc280224fdc9fe2e0000f5", "label": "D2 capture", "kind": "short", "opcode": "0x02", "frag_index": null, "checksum_ok": true, "declared_length": 18}
2026-09-27T21:09:58.740+00:00 RX a5120200000000fc280224fdc9fe2e0000f5 D2 capture {"raw": "a5120200000000fc280224fdc9fe2e0000f5", "label": "D2 capture", "kind": "short", "opcode": "0x02", "frag_index": null, "checksum_ok": true, "declared_length": 18}
2026-09-27T21:09:58.762+00:00 RX a5120200000000fc280224fdc9fe2e0000f5 D2 capture {"raw": "a5120200000000fc280224fdc9fe2e0000f5", "label": "D2 capture", "kind": "short", "opcode": "0x02", "frag_index": null, "checksum_ok": true, "declared_length": 18}
2026-09-27T21:09:58.763+00:00 RX a5120200000000fc280224fdc9fe2e0000f5 D2 capture {"raw": "a5120200000000fc280224fdc9fe2e0000f5", "label": "D2 capture", "kind": "short", "opcode": "0x02", "frag_index": null, "checksum_ok": true, "declared_length": 18}
2026-09-27T21:09:58.792+00:00 RX a5120200000000fc280224fdc9fe2e0000f5 D2 capture {"raw": "a5120200000000fc280224fdc9fe2e0000f5", "label": "D2 capture", "kind": "short", "opcode": "0x02", "frag_index": null, "checksum_ok": true, "declared_length": 18}
2026-09-27T21:09:58.807+00:00 RX a5120200000000fc280224fdc9fe2e0000f5 D2 capture {"raw": "a5120200000000fc280224fdc9fe2e0000f5", "label": "D2 capture", "kind": "short", "opcode": "0x02", "frag_index": null, "checksum_ok": true, "declared_length": 18}
2026-09-27T21:09:58.822+00:00 RX a5120200000000fc280224fdc9fe2e0000f5 D2 capture {"raw": "a5120200000000fc280224fdc9fe2e0000f5", "label": "D2 capture", "kind": "short", "opcode": "0x02", "frag_index": null, "checksum_ok": true, "declared_length": 18}
2026-09-27T21:09:58.837+00:00 RX a5120200000000fc280224fdc9fe2e0000f5 D2 capture {"raw": "a5120200000000fc280224fdc9fe2e0000f5", "label": "D2 capture", "kind": "short", "opcode": "0x02", "frag_index": null, "checksum_ok": true, "declared_length": 18}
2026-09-27T21:09:58.867+00:00 RX a5120200000000fc280224fdc9fe2e0000f5 D2 capture {"raw": "a5120200000000fc280224fdc9fe2e0000f5", "label": "D2 capture", "kind": "short", "opcode": "0x02", "frag_index": null, "checksum_ok": true, "declared_length": 18}
2026-09-27T21:09:58.867+00:00 RX a5120200000000fc280224fdc9fe2e0000f5 D2 capture {"raw": "a5120200000000fc280224fdc9fe2e0000f5", "label": "D2 capture", "kind": "short", "opcode": "0x02", "frag_index": null, "checksum_ok": true, "declared_length": 18}
2026-09-27T21:09:58.882+00:00 RX a5120200000000fc280224fdc9fe2e0000f5 D2 capture {"raw": "a5120200000000fc280224fdc9fe2e0000f5", "label": "D2 capture", "kind": "short", "opcode": "0x02", "frag_index": null, "checksum_ok": true, "declared_length": 18}
2026-09-27T21:09:58.905+00:00 RX a5120200000000fc280224fdc9fe2e0000f5 D2 capture {"raw": "a5120200000000fc280224fdc9fe2e0000f5", "label": "D2 capture", "kind": "short", "opcode": "0x02", "frag_index": null, "checksum_ok": true, "declared_length": 18}
2026-09-27T21:09:58.920+00:00 RX a5120200000000fc280224fdc9fe2e0000f5 D2 capture {"raw": "a5120200000000fc280224fdc9fe2e0000f5", "label": "D2 capture", "kind": "short", "opcode": "0x02", "frag_index": null, "checksum_ok": true, "declared_length": 18}
2026-09-27T21:09:58.935+00:00 RX a5120200000000fc280224fdc9fe2e0000f5 D2 capture {"raw": "a5120200000000fc280224fdc9fe2e0000f5", "label": "D2 capture", "kind": "short", "opcode": "0x02", "frag_index": null, "checksum_ok": true, "declared_length": 18}
2026-09-27T21:09:58.950+00:00 RX a5120200000000fc280224fdc9fe2e0000f5 D2 capture {"raw": "a5120200000000fc280224fdc9fe2e0000f5", "label": "D2 capture", "kind": "short", "opcode": "0x02", "frag_index": null, "checksum_ok": true, "declared_length": 18}
2026-09-27T21:09:58.972+00:00 RX a5120200000000fc280224fdc9fe2e0000f5 D2 capture {"raw": "a5120200000000fc280224fdc9fe2e0000f5", "label": "D2 capture", "kind": "short", "opcode": "0x02", "frag_index": null, "checksum_ok": true, "declared_length": 18}
2026-09-27T21:09:58.973+00:00 RX a5120200000000fc280224fdc9fe2e0000f5 D2 capture {"raw": "a5120200000000fc280224fdc9fe2e0000f5", "label": "D2 capture", "kind": "short", "opcode": "0x02", "frag_index": null, "checksum_ok": true, "declared_length": 18}
2026-09-27T21:09:58.995+00:00 RX a5120200000000fc280224fdc9fe2e0000f5 D2 capture {"raw": "a5120200000000fc280224fdc9fe2e0000f5", "label": "D2 capture", "kind": "short", "opcode": "0x02", "frag_index": null, "checksum_ok": true, "declared_length": 18}
2026-09-27T21:09:59.010+00:00 RX a5120200000000fc280224fdc9fe2e0000f5 D2 capture {"raw": "a5120200000000fc280224fdc9fe2e0000f5", "label": "D2 capture", "kind": "short", "opcode": "0x02", "frag_index": null, "checksum_ok": true, "declared_length": 18}
2026-09-27T21:09:59.025+00:00 RX a5120200000000fc280224fdc9fe2e0000f5 D2 capture {"raw": "a5120200000000fc280224fdc9fe2e0000f5", "label": "D2 capture", "kind": "short", "opcode": "0x02", "frag_index": null, "checksum_ok": true, "declared_length": 18}
2026-09-27T21:09:59.040+00:00 RX a5120200000000fc280224fdc9fe2e0000f5 D2 capture {"raw": "a5120200000000fc280224fdc9fe2e0000f5", "label": "D2 capture", "kind": "short", "opcode": "0x02", "frag_index": null, "checksum_ok": true, "declared_length": 18}
2026-09-27T21:09:59.070+00:00 RX a5120200000000fc280224fdc9fe2e0000f5 D2 capture {"raw": "a5120200000000fc280224fdc9fe2e0000f5", "label": "D2 capture", "kind": "short", "opcode": "0x02", "frag_index": null, "checksum_ok": true, "declared_length": 18}
2026-09-27T21:09:59.085+00:00 RX a5120200000000fc280224fdc9fe2e0000f5 D2 capture {"raw": "a5120200000000fc280224fdc9fe2e0000f5", "label": "D2 capture", "kind": "short", "opcode": "0x02", "frag_index": null, "checksum_ok": true, "declared_length": 18}
2026-09-27T21:09:59.086+00:00 RX a5120200000000fc280224fdc9fe2e0000f5 D2 capture {"raw": "a5120200000000fc280224fdc9fe2e0000f5", "label": "D2 capture", "kind": "short", "opcode": "0x02", "frag_index": null, "checksum_ok": true, "declared_length": 18}
2026-09-27T21:09:59.107+00:00 RX a5120200000000fc280224fdc9fe2e0000f5 D2 capture {"raw": "a5120200000000fc280224fdc9fe2e0000f5", "label": "D2 capture", "kind": "short", "opcode": "0x02", "frag_index": null, "checksum_ok": true, "declared_length": 18}
2026-09-27T21:09:59.122+00:00 RX a5120200000000fc280224fdc9fe2e0000f5 D2 capture {"raw": "a5120200000000fc280224fdc9fe2e0000f5", "label": "D2 capture", "kind": "short", "opcode": "0x02", "frag_index": null, "checksum_ok": true, "declared_length": 18}
2026-09-27T21:09:59.145+00:00 RX a5120200000000fc280224fdc9fe2e0000f5 D2 capture {"raw": "a5120200000000fc280224fdc9fe2e0000f5", "label": "D2 capture", "kind": "short", "opcode": "0x02", "frag_index": null, "checksum_ok": true, "declared_length": 18}
2026-09-27T21:09:59.160+00:00 RX a5120200000000fc280224fdc9fe2e0000f5 D2 capture {"raw": "a5120200000000fc280224fdc9fe2e0000f5", "label": "D2 capture", "kind": "short", "opcode": "0x02", "frag_index": null, "checksum_ok": true, "declared_length": 18}
2026-09-27T21:09:59.175+00:00 RX a5120200000000fc280224fdc9fdab000071 D2 capture {"raw": "a5120200000000fc280224fdc9fdab000071", "label": "D2 capture", "kind": "short", "opcode": "0x02", "frag_index": null, "checksum_ok": true, "declared_length": 18}
2026-09-27T21:09:59.190+00:00 RX a5120200000000fc280224fdc9fdab000071 D2 capture {"raw": "a5120200000000fc280224fdc9fdab000071", "label": "D2 capture", "kind": "short", "opcode": "0x02", "frag_index": null, "checksum_ok": true, "declared_length": 18}
2026-09-27T21:09:59.205+00:00 RX a5120200000000fc280224fdc9fd4700000d D2 capture {"raw": "a5120200000000fc280224fdc9fd4700000d", "label": "D2 capture", "kind": "short", "opcode": "0x02", "frag_index": null, "checksum_ok": true, "declared_length": 18}
2026-09-27T21:09:59.220+00:00 RX a5120200000000fc280224fdc9fbd3000097 D2 capture {"raw": "a5120200000000fc280224fdc9fbd3000097", "label": "D2 capture", "kind": "short", "opcode": "0x02", "frag_index": null, "checksum_ok": true, "declared_length": 18}
2026-09-27T21:09:59.257+00:00 RX a5120200000000fc280224fdc9fb4c000010 D2 capture {"raw": "a5120200000000fc280224fdc9fb4c000010", "label": "D2 capture", "kind": "short", "opcode": "0x02", "frag_index": null, "checksum_ok": true, "declared_length": 18}
2026-09-27T21:09:59.258+00:00 RX a5120200000000fc280224fdc9fb4c000010 D2 capture {"raw": "a5120200000000fc280224fdc9fb4c000010", "label": "D2 capture", "kind": "short", "opcode": "0x02", "frag_index": null, "checksum_ok": true, "declared_length": 18}
2026-09-27T21:09:59.272+00:00 RX a5120200000000fc280224fdc9fb4c000010 D2 capture {"raw": "a5120200000000fc280224fdc9fb4c000010", "label": "D2 capture", "kind": "short", "opcode": "0x02", "frag_index": null, "checksum_ok": true, "declared_length": 18}
2026-09-27T21:09:59.287+00:00 RX a5120200000000fc280224fdc9fb4c000010 D2 capture {"raw": "a5120200000000fc280224fdc9fb4c000010", "label": "D2 capture", "kind": "short", "opcode": "0x02", "frag_index": null, "checksum_ok": true, "declared_length": 18}
2026-09-27T21:09:59.302+00:00 RX a5120200000000fc280224fdc9fb4c000010 D2 capture {"raw": "a5120200000000fc280224fdc9fb4c000010", "label": "D2 capture", "kind": "short", "opcode": "0x02", "frag_index": null, "checksum_ok": true, "declared_length": 18}
2026-09-27T21:09:59.317+00:00 RX a5120200000000fc280224fdc9fb4c000010 D2 capture {"raw": "a5120200000000fc280224fdc9fb4c000010", "label": "D2 capture", "kind": "short", "opcode": "0x02", "frag_index": null, "checksum_ok": true, "declared_length": 18}
2026-09-27T21:09:59.332+00:00 RX a5120200000000fc280224fdc9fb4c000010 D2 capture {"raw": "a5120200000000fc280224fdc9fb4c000010", "label": "D2 capture", "kind": "short", "opcode": "0x02", "frag_index": null, "checksum_ok": true, "declared_length": 18}
2026-09-27T21:09:59.347+00:00 RX a5120200000000fc280224fdc9fb4c000010 D2 capture {"raw": "a5120200000000fc280224fdc9fb4c000010", "label": "D2 capture", "kind": "short", "opcode": "0x02", "frag_index": null, "checksum_ok": true, "declared_length": 18}
2026-09-27T21:09:59.370+00:00 RX a5120200000000fc280224fdc9fb4c000010 D2 capture {"raw": "a5120200000000fc280224fdc9fb4c000010", "label": "D2 capture", "kind": "short", "opcode": "0x02", "frag_index": null, "checksum_ok": true, "declared_length": 18}
2026-09-27T21:09:59.385+00:00 RX a5120200000000fc280224fdc9fb4c000010 D2 capture {"raw": "a5120200000000fc280224fdc9fb4c000010", "label": "D2 capture", "kind": "short", "opcode": "0x02", "frag_index": null, "checksum_ok": true, "declared_length": 18}
2026-09-27T21:09:59.400+00:00 RX a5120200000000fc280224fdc9fb4c000010 D2 capture {"raw": "a5120200000000fc280224fdc9fb4c000010", "label": "D2 capture", "kind": "short", "opcode": "0x02", "frag_index": null, "checksum_ok": true, "declared_length": 18}
2026-09-27T21:09:59.422+00:00 RX a5120200000000fc280224fdc9fb4c000010 D2 capture {"raw": "a5120200000000fc280224fdc9fb4c000010", "label": "D2 capture", "kind": "short", "opcode": "0x02", "frag_index": null, "checksum_ok": true, "declared_length": 18}
2026-09-27T21:09:59.422+00:00 RX a5120200000000fc280224fdc9fb4c000010 D2 capture {"raw": "a5120200000000fc280224fdc9fb4c000010", "label": "D2 capture", "kind": "short", "opcode": "0x02", "frag_index": null, "checksum_ok": true, "declared_length": 18}
2026-09-27T21:09:59.452+00:00 RX a5120200000000fc280224fdc9fb4c000010 D2 capture {"raw": "a5120200000000fc280224fdc9fb4c000010", "label": "D2 capture", "kind": "short", "opcode": "0x02", "frag_index": null, "checksum_ok": true, "declared_length": 18}
2026-09-27T21:09:59.453+00:00 RX a5120200000000fc280224fdc9fb4c000010 D2 capture {"raw": "a5120200000000fc280224fdc9fb4c000010", "label": "D2 capture", "kind": "short", "opcode": "0x02", "frag_index": null, "checksum_ok": true, "declared_length": 18}
2026-09-27T21:09:59.475+00:00 RX a5120200000000fc280224fdc9fb4c000010 D2 capture {"raw": "a5120200000000fc280224fdc9fb4c000010", "label": "D2 capture", "kind": "short", "opcode": "0x02", "frag_index": null, "checksum_ok": true, "declared_length": 18}
2026-09-27T21:09:59.497+00:00 RX a5120200000000fc280224fdc9fb4c000010 D2 capture {"raw": "a5120200000000fc280224fdc9fb4c000010", "label": "D2 capture", "kind": "short", "opcode": "0x02", "frag_index": null, "checksum_ok": true, "declared_length": 18}
2026-09-27T21:09:59.512+00:00 RX a5120200000000fc280224fdc9fb4c000010 D2 capture {"raw": "a5120200000000fc280224fdc9fb4c000010", "label": "D2 capture", "kind": "short", "opcode": "0x02", "frag_index": null, "checksum_ok": true, "declared_length": 18}
2026-09-27T21:09:59.527+00:00 RX a5120200000000fc280224fdc9fb4c000010 D2 capture {"raw": "a5120200000000fc280224fdc9fb4c000010", "label": "D2 capture", "kind": "short", "opcode": "0x02", "frag_index": null, "checksum_ok": true, "declared_length": 18}
2026-09-27T21:09:59.542+00:00 RX a5120200000000fc280224fdc9fb4c000010 D2 capture {"raw": "a5120200000000fc280224fdc9fb4c000010", "label": "D2 capture", "kind": "short", "opcode": "0x02", "frag_index": null, "checksum_ok": true, "declared_length": 18}
2026-09-27T21:09:59.557+00:00 RX a5120200000000fc280224fdc9fb4c000010 D2 capture {"raw": "a5120200000000fc280224fdc9fb4c000010", "label": "D2 capture", "kind": "short", "opcode": "0x02", "frag_index": null, "checksum_ok": true, "declared_length": 18}
2026-09-27T21:09:59.572+00:00 RX a5120200000000fc280224fdc9fb4c000010 D2 capture {"raw": "a5120200000000fc280224fdc9fb4c000010", "label": "D2 capture", "kind": "short", "opcode": "0x02", "frag_index": null, "checksum_ok": true, "declared_length": 18}
2026-09-27T21:09:59.587+00:00 RX a5120200000000fc280224fdc9fb4c000010 D2 capture {"raw": "a5120200000000fc280224fdc9fb4c000010", "label": "D2 capture", "kind": "short", "opcode": "0x02", "frag_index": null, "checksum_ok": true, "declared_length": 18}
2026-09-27T21:09:59.610+00:00 RX a5120200000000fc280224fdc9fb4c000010 D2 capture {"raw": "a5120200000000fc280224fdc9fb4c000010", "label": "D2 capture", "kind": "short", "opcode": "0x02", "frag_index": null, "checksum_ok": true, "declared_length": 18}
2026-09-27T21:10:02.512+00:00 RX a5120200000010fc280224fdc9fb4c000020 D2 capture {"raw": "a5120200000010fc280224fdc9fb4c000020", "label": "D2 capture", "kind": "short", "opcode": "0x02", "frag_index": null, "checksum_ok": true, "declared_length": 18}
2026-09-27T21:10:02.535+00:00 RX a5120200000010fc280224fdc9fb4c000020 D2 capture {"raw": "a5120200000010fc280224fdc9fb4c000020", "label": "D2 capture", "kind": "short", "opcode": "0x02", "frag_index": null, "checksum_ok": true, "declared_length": 18}
2026-09-27T21:10:02.550+00:00 RX a5120200000010fc280224fdc9fb4c000020 D2 capture {"raw": "a5120200000010fc280224fdc9fb4c000020", "label": "D2 capture", "kind": "short", "opcode": "0x02", "frag_index": null, "checksum_ok": true, "declared_length": 18}
2026-09-27T21:10:02.565+00:00 RX a5120200000010fc280224fdc9fb4c000020 D2 capture {"raw": "a5120200000010fc280224fdc9fb4c000020", "label": "D2 capture", "kind": "short", "opcode": "0x02", "frag_index": null, "checksum_ok": true, "declared_length": 18}
2026-09-27T21:10:02.580+00:00 RX a5120200000010fc280224fdc9fb4c000020 D2 capture {"raw": "a5120200000010fc280224fdc9fb4c000020", "label": "D2 capture", "kind": "short", "opcode": "0x02", "frag_index": null, "checksum_ok": true, "declared_length": 18}
2026-09-27T21:10:02.595+00:00 RX a5120200000010fc280224fdc9fb4c000020 D2 capture {"raw": "a5120200000010fc280224fdc9fb4c000020", "label": "D2 capture", "kind": "short", "opcode": "0x02", "frag_index": null, "checksum_ok": true, "declared_length": 18}
2026-09-27T21:10:02.610+00:00 RX a5120200000010fc280224fdc9fb4c000020 D2 capture {"raw": "a5120200000010fc280224fdc9fb4c000020", "label": "D2 capture", "kind": "short", "opcode": "0x02", "frag_index": null, "checksum_ok": true, "declared_length": 18}
2026-09-27T21:10:02.625+00:00 RX a5120200000010fc280224fdc9fb4c000020 D2 capture {"raw": "a5120200000010fc280224fdc9fb4c000020", "label": "D2 capture", "kind": "short", "opcode": "0x02", "frag_index": null, "checksum_ok": true, "declared_length": 18}
2026-09-27T21:10:02.647+00:00 RX a5120200000010fc280224fdc9fb4c000020 D2 capture {"raw": "a5120200000010fc280224fdc9fb4c000020", "label": "D2 capture", "kind": "short", "opcode": "0x02", "frag_index": null, "checksum_ok": true, "declared_length": 18}
2026-09-27T21:10:02.662+00:00 RX a5120200000010fc280224fdc9fb4c000020 D2 capture {"raw": "a5120200000010fc280224fdc9fb4c000020", "label": "D2 capture", "kind": "short", "opcode": "0x02", "frag_index": null, "checksum_ok": true, "declared_length": 18}
2026-09-27T21:10:02.677+00:00 RX a5120200000010fc280224fdc9fb4c000020 D2 capture {"raw": "a5120200000010fc280224fdc9fb4c000020", "label": "D2 capture", "kind": "short", "opcode": "0x02", "frag_index": null, "checksum_ok": true, "declared_length": 18}
2026-09-27T21:10:02.700+00:00 RX a5120200000010fc280224fdc9fb4c000020 D2 capture {"raw": "a5120200000010fc280224fdc9fb4c000020", "label": "D2 capture", "kind": "short", "opcode": "0x02", "frag_index": null, "checksum_ok": true, "declared_length": 18}
2026-09-27T21:10:02.701+00:00 RX a5120200000010fc280224fdc9fb4c000020 D2 capture {"raw": "a5120200000010fc280224fdc9fb4c000020", "label": "D2 capture", "kind": "short", "opcode": "0x02", "frag_index": null, "checksum_ok": true, "declared_length": 18}
2026-09-27T21:10:02.722+00:00 RX a5120200000010fc280224fdc9fb4c000020 D2 capture {"raw": "a5120200000010fc280224fdc9fb4c000020", "label": "D2 capture", "kind": "short", "opcode": "0x02", "frag_index": null, "checksum_ok": true, "declared_length": 18}
2026-09-27T21:10:02.737+00:00 RX a5120200000000fc280224fdc9fb4c000010 D2 capture {"raw": "a5120200000000fc280224fdc9fb4c000010", "label": "D2 capture", "kind": "short", "opcode": "0x02", "frag_index": null, "checksum_ok": true, "declared_length": 18}
2026-09-27T21:10:02.760+00:00 RX a5120200000000fc280224fdc9fb4c000010 D2 capture {"raw": "a5120200000000fc280224fdc9fb4c000010", "label": "D2 capture", "kind": "short", "opcode": "0x02", "frag_index": null, "checksum_ok": true, "declared_length": 18}
2026-09-27T21:10:02.760+00:00 RX a5120200000000fc280224fdc9fb4c000010 D2 capture {"raw": "a5120200000000fc280224fdc9fb4c000010", "label": "D2 capture", "kind": "short", "opcode": "0x02", "frag_index": null, "checksum_ok": true, "declared_length": 18}
2026-09-27T21:10:02.790+00:00 RX a5120200000000fc280224fdc9fb4c000010 D2 capture {"raw": "a5120200000000fc280224fdc9fb4c000010", "label": "D2 capture", "kind": "short", "opcode": "0x02", "frag_index": null, "checksum_ok": true, "declared_length": 18}
2026-09-27T21:10:02.805+00:00 RX a5120200000000fc280224fdc9fb4c000010 D2 capture {"raw": "a5120200000000fc280224fdc9fb4c000010", "label": "D2 capture", "kind": "short", "opcode": "0x02", "frag_index": null, "checksum_ok": true, "declared_length": 18}
2026-09-27T21:10:02.820+00:00 RX a5120200000000fc280224fdc9fb4c000010 D2 capture {"raw": "a5120200000000fc280224fdc9fb4c000010", "label": "D2 capture", "kind": "short", "opcode": "0x02", "frag_index": null, "checksum_ok": true, "declared_length": 18}
2026-09-27T21:10:02.835+00:00 RX a5120200000000fc280224fdc9fb4c000010 D2 capture {"raw": "a5120200000000fc280224fdc9fb4c000010", "label": "D2 capture", "kind": "short", "opcode": "0x02", "frag_index": null, "checksum_ok": true, "declared_length": 18}
2026-09-27T21:10:02.850+00:00 RX a5120200000000fc280224fdc9fb4c000010 D2 capture {"raw": "a5120200000000fc280224fdc9fb4c000010", "label": "D2 capture", "kind": "short", "opcode": "0x02", "frag_index": null, "checksum_ok": true, "declared_length": 18}
2026-09-27T21:10:02.880+00:00 RX a5120200000000fc280224fdc9fb4c000010 D2 capture {"raw": "a5120200000000fc280224fdc9fb4c000010", "label": "D2 capture", "kind": "short", "opcode": "0x02", "frag_index": null, "checksum_ok": true, "declared_length": 18}
2026-09-27T21:10:02.881+00:00 RX a5120200000000fc280224fdc9fb4c000010 D2 capture {"raw": "a5120200000000fc280224fdc9fb4c000010", "label": "D2 capture", "kind": "short", "opcode": "0x02", "frag_index": null, "checksum_ok": true, "declared_length": 18}
2026-09-27T21:10:02.895+00:00 RX a5120200000000fc280224fdc9fb4c000010 D2 capture {"raw": "a5120200000000fc280224fdc9fb4c000010", "label": "D2 capture", "kind": "short", "opcode": "0x02", "frag_index": null, "checksum_ok": true, "declared_length": 18}
2026-09-27T21:10:02.917+00:00 RX a5120200000000fc280224fdc9fb4c000010 D2 capture {"raw": "a5120200000000fc280224fdc9fb4c000010", "label": "D2 capture", "kind": "short", "opcode": "0x02", "frag_index": null, "checksum_ok": true, "declared_length": 18}
2026-09-27T21:10:02.932+00:00 RX a5120200000000fc280224fdc9fb4c000010 D2 capture {"raw": "a5120200000000fc280224fdc9fb4c000010", "label": "D2 capture", "kind": "short", "opcode": "0x02", "frag_index": null, "checksum_ok": true, "declared_length": 18}
2026-09-27T21:10:02.948+00:00 RX a5120200000000fc280224fdc9fb4c000010 D2 capture {"raw": "a5120200000000fc280224fdc9fb4c000010", "label": "D2 capture", "kind": "short", "opcode": "0x02", "frag_index": null, "checksum_ok": true, "declared_length": 18}
2026-09-27T21:10:02.970+00:00 RX a5120200000000fc280224fdc9fb4c000010 D2 capture {"raw": "a5120200000000fc280224fdc9fb4c000010", "label": "D2 capture", "kind": "short", "opcode": "0x02", "frag_index": null, "checksum_ok": true, "declared_length": 18}
2026-09-27T21:10:02.970+00:00 RX a5120200000000fc280224fdc9fb4c000010 D2 capture {"raw": "a5120200000000fc280224fdc9fb4c000010", "label": "D2 capture", "kind": "short", "opcode": "0x02", "frag_index": null, "checksum_ok": true, "declared_length": 18}
2026-09-27T21:10:03.000+00:00 RX a5120200000000fc280224fdc9fb4c000010 D2 capture {"raw": "a5120200000000fc280224fdc9fb4c000010", "label": "D2 capture", "kind": "short", "opcode": "0x02", "frag_index": null, "checksum_ok": true, "declared_length": 18}
2026-09-27T21:10:03.015+00:00 RX a5120200000000fc280224fdc9fb4c000010 D2 capture {"raw": "a5120200000000fc280224fdc9fb4c000010", "label": "D2 capture", "kind": "short", "opcode": "0x02", "frag_index": null, "checksum_ok": true, "declared_length": 18}
2026-09-27T21:10:03.031+00:00 RX a5120200000000fc280224fdc9fb4c000010 D2 capture {"raw": "a5120200000000fc280224fdc9fb4c000010", "label": "D2 capture", "kind": "short", "opcode": "0x02", "frag_index": null, "checksum_ok": true, "declared_length": 18}
2026-09-27T21:10:03.053+00:00 RX a5120200000000fc280224fdc9fb4c000010 D2 capture {"raw": "a5120200000000fc280224fdc9fb4c000010", "label": "D2 capture", "kind": "short", "opcode": "0x02", "frag_index": null, "checksum_ok": true, "declared_length": 18}
2026-09-27T21:10:03.053+00:00 RX a5120200000000fc280224fdc9fb4c000010 D2 capture {"raw": "a5120200000000fc280224fdc9fb4c000010", "label": "D2 capture", "kind": "short", "opcode": "0x02", "frag_index": null, "checksum_ok": true, "declared_length": 18}
2026-09-27T21:10:03.082+00:00 RX a5120200000000fc280224fdc9fb4c000010 D2 capture {"raw": "a5120200000000fc280224fdc9fb4c000010", "label": "D2 capture", "kind": "short", "opcode": "0x02", "frag_index": null, "checksum_ok": true, "declared_length": 18}
2026-09-27T21:10:03.082+00:00 RX a5120200000000fc280224fdc9fb4c000010 D2 capture {"raw": "a5120200000000fc280224fdc9fb4c000010", "label": "D2 capture", "kind": "short", "opcode": "0x02", "frag_index": null, "checksum_ok": true, "declared_length": 18}
2026-09-27T21:10:03.112+00:00 RX a5120200000000fc280224fdc9fb4c000010 D2 capture {"raw": "a5120200000000fc280224fdc9fb4c000010", "label": "D2 capture", "kind": "short", "opcode": "0x02", "frag_index": null, "checksum_ok": true, "declared_length": 18}
2026-09-27T21:10:03.127+00:00 RX a5120200000000fc280224fdc9fb4c000010 D2 capture {"raw": "a5120200000000fc280224fdc9fb4c000010", "label": "D2 capture", "kind": "short", "opcode": "0x02", "frag_index": null, "checksum_ok": true, "declared_length": 18}
2026-09-27T21:10:03.142+00:00 RX a5120200000000fc280224fdc9fb4c000010 D2 capture {"raw": "a5120200000000fc280224fdc9fb4c000010", "label": "D2 capture", "kind": "short", "opcode": "0x02", "frag_index": null, "checksum_ok": true, "declared_length": 18}
2026-09-27T21:10:03.157+00:00 RX a5120200000000fc280224fdc9fb4c000010 D2 capture {"raw": "a5120200000000fc280224fdc9fb4c000010", "label": "D2 capture", "kind": "short", "opcode": "0x02", "frag_index": null, "checksum_ok": true, "declared_length": 18}
2026-09-27T21:10:03.172+00:00 RX a5120200000000fc280224fdc9fb4c000010 D2 capture {"raw": "a5120200000000fc280224fdc9fb4c000010", "label": "D2 capture", "kind": "short", "opcode": "0x02", "frag_index": null, "checksum_ok": true, "declared_length": 18}
2026-09-27T21:10:03.195+00:00 RX a5120200000000fc280224fdc9fb4c000010 D2 capture {"raw": "a5120200000000fc280224fdc9fb4c000010", "label": "D2 capture", "kind": "short", "opcode": "0x02", "frag_index": null, "checksum_ok": true, "declared_length": 18}
2026-09-27T21:10:03.195+00:00 RX a5120200000000fc280224fdc9fb4c000010 D2 capture {"raw": "a5120200000000fc280224fdc9fb4c000010", "label": "D2 capture", "kind": "short", "opcode": "0x02", "frag_index": null, "checksum_ok": true, "declared_length": 18}
2026-09-27T21:10:03.225+00:00 RX a5120200000000fc280224fdc9fb4c000010 D2 capture {"raw": "a5120200000000fc280224fdc9fb4c000010", "label": "D2 capture", "kind": "short", "opcode": "0x02", "frag_index": null, "checksum_ok": true, "declared_length": 18}
2026-09-27T21:10:03.225+00:00 RX a5120200000000fc280224fdc9fb4c000010 D2 capture {"raw": "a5120200000000fc280224fdc9fb4c000010", "label": "D2 capture", "kind": "short", "opcode": "0x02", "frag_index": null, "checksum_ok": true, "declared_length": 18}
2026-09-27T21:10:03.255+00:00 RX a5120200000000fc280224fdc9fb4c000010 D2 capture {"raw": "a5120200000000fc280224fdc9fb4c000010", "label": "D2 capture", "kind": "short", "opcode": "0x02", "frag_index": null, "checksum_ok": true, "declared_length": 18}
2026-09-27T21:10:03.270+00:00 RX a5120200000000fc280224fdc9fb4c000010 D2 capture {"raw": "a5120200000000fc280224fdc9fb4c000010", "label": "D2 capture", "kind": "short", "opcode": "0x02", "frag_index": null, "checksum_ok": true, "declared_length": 18}
2026-09-27T21:10:03.285+00:00 RX a5120200000000fc280224fdc9fb4c000010 D2 capture {"raw": "a5120200000000fc280224fdc9fb4c000010", "label": "D2 capture", "kind": "short", "opcode": "0x02", "frag_index": null, "checksum_ok": true, "declared_length": 18}
2026-09-27T21:10:03.300+00:00 RX a5120200000000fc280224fdc9fb4c000010 D2 capture {"raw": "a5120200000000fc280224fdc9fb4c000010", "label": "D2 capture", "kind": "short", "opcode": "0x02", "frag_index": null, "checksum_ok": true, "declared_length": 18}
2026-09-27T21:10:03.315+00:00 RX a5120200000000fc280224fdc9fb4c000010 D2 capture {"raw": "a5120200000000fc280224fdc9fb4c000010", "label": "D2 capture", "kind": "short", "opcode": "0x02", "frag_index": null, "checksum_ok": true, "declared_length": 18}
2026-09-27T21:10:03.330+00:00 RX a5120200000000fc280224fdc9fb4c000010 D2 capture {"raw": "a5120200000000fc280224fdc9fb4c000010", "label": "D2 capture", "kind": "short", "opcode": "0x02", "frag_index": null, "checksum_ok": true, "declared_length": 18}
2026-09-27T21:10:03.345+00:00 RX a5120200000000fc280224fdc9fb4c000010 D2 capture {"raw": "a5120200000000fc280224fdc9fb4c000010", "label": "D2 capture", "kind": "short", "opcode": "0x02", "frag_index": null, "checksum_ok": true, "declared_length": 18}
2026-09-27T21:10:03.367+00:00 RX a5120200000000fc280224fdc9fb4c000010 D2 capture {"raw": "a5120200000000fc280224fdc9fb4c000010", "label": "D2 capture", "kind": "short", "opcode": "0x02", "frag_index": null, "checksum_ok": true, "declared_length": 18}
2026-09-27T21:10:03.382+00:00 RX a5120200000000fc280224fdc9fb4c000010 D2 capture {"raw": "a5120200000000fc280224fdc9fb4c000010", "label": "D2 capture", "kind": "short", "opcode": "0x02", "frag_index": null, "checksum_ok": true, "declared_length": 18}
2026-09-27T21:10:03.397+00:00 RX a5120200000000fc280224fdc9fb4c000010 D2 capture {"raw": "a5120200000000fc280224fdc9fb4c000010", "label": "D2 capture", "kind": "short", "opcode": "0x02", "frag_index": null, "checksum_ok": true, "declared_length": 18}
2026-09-27T21:10:03.412+00:00 RX a5120200000000fc280224fdc9fb4c000010 D2 capture {"raw": "a5120200000000fc280224fdc9fb4c000010", "label": "D2 capture", "kind": "short", "opcode": "0x02", "frag_index": null, "checksum_ok": true, "declared_length": 18}
2026-09-27T21:10:03.427+00:00 RX a5120200000000fc280224fdc9fb4c000010 D2 capture {"raw": "a5120200000000fc280224fdc9fb4c000010", "label": "D2 capture", "kind": "short", "opcode": "0x02", "frag_index": null, "checksum_ok": true, "declared_length": 18}
2026-09-27T21:10:03.442+00:00 RX a5120200000000fc280224fdc9fb4c000010 D2 capture {"raw": "a5120200000000fc280224fdc9fb4c000010", "label": "D2 capture", "kind": "short", "opcode": "0x02", "frag_index": null, "checksum_ok": true, "declared_length": 18}
2026-09-27T21:10:03.457+00:00 RX a5120200000000fc280224fdc9fb4c000010 D2 capture {"raw": "a5120200000000fc280224fdc9fb4c000010", "label": "D2 capture", "kind": "short", "opcode": "0x02", "frag_index": null, "checksum_ok": true, "declared_length": 18}
2026-09-27T21:10:03.480+00:00 RX a5120200000000fc280224fdc9fb4c000010 D2 capture {"raw": "a5120200000000fc280224fdc9fb4c000010", "label": "D2 capture", "kind": "short", "opcode": "0x02", "frag_index": null, "checksum_ok": true, "declared_length": 18}
2026-09-27T21:10:03.495+00:00 RX a5120200000000fc280224fdc9fb4c000010 D2 capture {"raw": "a5120200000000fc280224fdc9fb4c000010", "label": "D2 capture", "kind": "short", "opcode": "0x02", "frag_index": null, "checksum_ok": true, "declared_length": 18}
2026-09-27T21:10:03.510+00:00 RX a5120200000000fc280224fdc9fb4c000010 D2 capture {"raw": "a5120200000000fc280224fdc9fb4c000010", "label": "D2 capture", "kind": "short", "opcode": "0x02", "frag_index": null, "checksum_ok": true, "declared_length": 18}
2026-09-27T21:10:03.532+00:00 RX a5120200000000fc280224fdc9fb4c000010 D2 capture {"raw": "a5120200000000fc280224fdc9fb4c000010", "label": "D2 capture", "kind": "short", "opcode": "0x02", "frag_index": null, "checksum_ok": true, "declared_length": 18}
2026-09-27T21:10:03.532+00:00 RX a5120200000000fc280224fdc9fb4c000010 D2 capture {"raw": "a5120200000000fc280224fdc9fb4c000010", "label": "D2 capture", "kind": "short", "opcode": "0x02", "frag_index": null, "checksum_ok": true, "declared_length": 18}
2026-09-27T21:10:03.555+00:00 RX a5120200000000fc280224fdc9fb4c000010 D2 capture {"raw": "a5120200000000fc280224fdc9fb4c000010", "label": "D2 capture", "kind": "short", "opcode": "0x02", "frag_index": null, "checksum_ok": true, "declared_length": 18}
2026-09-27T21:10:03.570+00:00 RX a5120200000000fc280224fdc9fb4c000010 D2 capture {"raw": "a5120200000000fc280224fdc9fb4c000010", "label": "D2 capture", "kind": "short", "opcode": "0x02", "frag_index": null, "checksum_ok": true, "declared_length": 18}
2026-09-27T21:10:03.592+00:00 RX a5120200000000fc280224fdc9fb4c000010 D2 capture {"raw": "a5120200000000fc280224fdc9fb4c000010", "label": "D2 capture", "kind": "short", "opcode": "0x02", "frag_index": null, "checksum_ok": true, "declared_length": 18}
2026-09-27T21:10:03.592+00:00 RX a5120200000000fc280224fdc9fb4c000010 D2 capture {"raw": "a5120200000000fc280224fdc9fb4c000010", "label": "D2 capture", "kind": "short", "opcode": "0x02", "frag_index": null, "checksum_ok": true, "declared_length": 18}
2026-09-27T21:10:03.615+00:00 RX a5120200000000fc280224fdc9fb4c000010 D2 capture {"raw": "a5120200000000fc280224fdc9fb4c000010", "label": "D2 capture", "kind": "short", "opcode": "0x02", "frag_index": null, "checksum_ok": true, "declared_length": 18}
2026-09-27T21:10:03.630+00:00 RX a5120200000000fc280224fdc9fb4c000010 D2 capture {"raw": "a5120200000000fc280224fdc9fb4c000010", "label": "D2 capture", "kind": "short", "opcode": "0x02", "frag_index": null, "checksum_ok": true, "declared_length": 18}
2026-09-27T21:10:03.652+00:00 RX a5120200000000fc280224fdc9fb4c000010 D2 capture {"raw": "a5120200000000fc280224fdc9fb4c000010", "label": "D2 capture", "kind": "short", "opcode": "0x02", "frag_index": null, "checksum_ok": true, "declared_length": 18}
2026-09-27T21:10:03.667+00:00 RX a5120200000000fc280224fdc9fb4c000010 D2 capture {"raw": "a5120200000000fc280224fdc9fb4c000010", "label": "D2 capture", "kind": "short", "opcode": "0x02", "frag_index": null, "checksum_ok": true, "declared_length": 18}
2026-09-27T21:10:03.697+00:00 RX a5120200000000fc280224fdc9fb4c000010 D2 capture {"raw": "a5120200000000fc280224fdc9fb4c000010", "label": "D2 capture", "kind": "short", "opcode": "0x02", "frag_index": null, "checksum_ok": true, "declared_length": 18}
2026-09-27T21:10:03.697+00:00 RX a5120200000000fc280224fdc9fb4c000010 D2 capture {"raw": "a5120200000000fc280224fdc9fb4c000010", "label": "D2 capture", "kind": "short", "opcode": "0x02", "frag_index": null, "checksum_ok": true, "declared_length": 18}
2026-09-27T21:10:03.712+00:00 RX a5120200000000fc280224fdc9fb4c000010 D2 capture {"raw": "a5120200000000fc280224fdc9fb4c000010", "label": "D2 capture", "kind": "short", "opcode": "0x02", "frag_index": null, "checksum_ok": true, "declared_length": 18}
2026-09-27T21:10:03.727+00:00 RX a5120200000000fc280224fdc9fb4c000010 D2 capture {"raw": "a5120200000000fc280224fdc9fb4c000010", "label": "D2 capture", "kind": "short", "opcode": "0x02", "frag_index": null, "checksum_ok": true, "declared_length": 18}
2026-09-27T21:10:03.750+00:00 RX a5120200000000fc280224fdc9fb4c000010 D2 capture {"raw": "a5120200000000fc280224fdc9fb4c000010", "label": "D2 capture", "kind": "short", "opcode": "0x02", "frag_index": null, "checksum_ok": true, "declared_length": 18}
2026-09-27T21:10:03.765+00:00 RX a5120200000000fc280224fdc9fb4c000010 D2 capture {"raw": "a5120200000000fc280224fdc9fb4c000010", "label": "D2 capture", "kind": "short", "opcode": "0x02", "frag_index": null, "checksum_ok": true, "declared_length": 18}
2026-09-27T21:10:03.780+00:00 RX a5120200000000fc280224fdc9fb4c000010 D2 capture {"raw": "a5120200000000fc280224fdc9fb4c000010", "label": "D2 capture", "kind": "short", "opcode": "0x02", "frag_index": null, "checksum_ok": true, "declared_length": 18}
2026-09-27T21:10:03.795+00:00 RX a5120200000000fc280224fdc9fb4c000010 D2 capture {"raw": "a5120200000000fc280224fdc9fb4c000010", "label": "D2 capture", "kind": "short", "opcode": "0x02", "frag_index": null, "checksum_ok": true, "declared_length": 18}
2026-09-27T21:10:03.810+00:00 RX a5120200000000fc280224fdc9fb4c000010 D2 capture {"raw": "a5120200000000fc280224fdc9fb4c000010", "label": "D2 capture", "kind": "short", "opcode": "0x02", "frag_index": null, "checksum_ok": true, "declared_length": 18}
2026-09-27T21:10:03.825+00:00 RX a5120200000000fc280224fdc9fb4c000010 D2 capture {"raw": "a5120200000000fc280224fdc9fb4c000010", "label": "D2 capture", "kind": "short", "opcode": "0x02", "frag_index": null, "checksum_ok": true, "declared_length": 18}
2026-09-27T21:10:03.841+00:00 RX a5120200000000fc280224fdc9fb4c000010 D2 capture {"raw": "a5120200000000fc280224fdc9fb4c000010", "label": "D2 capture", "kind": "short", "opcode": "0x02", "frag_index": null, "checksum_ok": true, "declared_length": 18}
2026-09-27T21:10:03.855+00:00 RX a5120200000000fc280224fdc9fb4c000010 D2 capture {"raw": "a5120200000000fc280224fdc9fb4c000010", "label": "D2 capture", "kind": "short", "opcode": "0x02", "frag_index": null, "checksum_ok": true, "declared_length": 18}
2026-09-27T21:10:03.870+00:00 RX a5120200000000fc280224fdc9fb4c000010 D2 capture {"raw": "a5120200000000fc280224fdc9fb4c000010", "label": "D2 capture", "kind": "short", "opcode": "0x02", "frag_index": null, "checksum_ok": true, "declared_length": 18}
2026-09-27T21:10:03.892+00:00 RX a5120200000000fc280224fdc9fb4c000010 D2 capture {"raw": "a5120200000000fc280224fdc9fb4c000010", "label": "D2 capture", "kind": "short", "opcode": "0x02", "frag_index": null, "checksum_ok": true, "declared_length": 18}
2026-09-27T21:10:03.892+00:00 RX a5120200000000fc280224fdc9fb4c000010 D2 capture {"raw": "a5120200000000fc280224fdc9fb4c000010", "label": "D2 capture", "kind": "short", "opcode": "0x02", "frag_index": null, "checksum_ok": true, "declared_length": 18}
2026-09-27T21:10:03.922+00:00 RX a5120200000000fc280224fdc9fb4c000010 D2 capture {"raw": "a5120200000000fc280224fdc9fb4c000010", "label": "D2 capture", "kind": "short", "opcode": "0x02", "frag_index": null, "checksum_ok": true, "declared_length": 18}
2026-09-27T21:11:00.969+00:00 RX a5120200000040fc460224fdc9fbb20000d4 D2 capture {"raw": "a5120200000040fc460224fdc9fbb20000d4", "label": "D2 capture", "kind": "short", "opcode": "0x02", "frag_index": null, "checksum_ok": true, "declared_length": 18}
2026-09-27T21:11:00.983+00:00 RX a5120200000040fc460224fdc9fbb20000d4 D2 capture {"raw": "a5120200000040fc460224fdc9fbb20000d4", "label": "D2 capture", "kind": "short", "opcode": "0x02", "frag_index": null, "checksum_ok": true, "declared_length": 18}
2026-09-27T21:11:00.998+00:00 RX a5120200000040fc460224fdc9fbb20000d4 D2 capture {"raw": "a5120200000040fc460224fdc9fbb20000d4", "label": "D2 capture", "kind": "short", "opcode": "0x02", "frag_index": null, "checksum_ok": true, "declared_length": 18}
2026-09-27T21:11:01.022+00:00 RX a5120200000040fc460224fdc9fbb20000d4 D2 capture {"raw": "a5120200000040fc460224fdc9fbb20000d4", "label": "D2 capture", "kind": "short", "opcode": "0x02", "frag_index": null, "checksum_ok": true, "declared_length": 18}
2026-09-27T21:11:01.036+00:00 RX a5120200000040fc460224fdc9fbb20000d4 D2 capture {"raw": "a5120200000040fc460224fdc9fbb20000d4", "label": "D2 capture", "kind": "short", "opcode": "0x02", "frag_index": null, "checksum_ok": true, "declared_length": 18}
2026-09-27T21:11:01.051+00:00 RX a5120200000040fc460224fdc9fbb20000d4 D2 capture {"raw": "a5120200000040fc460224fdc9fbb20000d4", "label": "D2 capture", "kind": "short", "opcode": "0x02", "frag_index": null, "checksum_ok": true, "declared_length": 18}
2026-09-27T21:11:01.073+00:00 RX a5120200000040fc460224fdc9fbb20000d4 D2 capture {"raw": "a5120200000040fc460224fdc9fbb20000d4", "label": "D2 capture", "kind": "short", "opcode": "0x02", "frag_index": null, "checksum_ok": true, "declared_length": 18}
2026-09-27T21:11:01.073+00:00 RX a5120200000040fc460224fdc9fbb20000d4 D2 capture {"raw": "a5120200000040fc460224fdc9fbb20000d4", "label": "D2 capture", "kind": "short", "opcode": "0x02", "frag_index": null, "checksum_ok": true, "declared_length": 18}
2026-09-27T21:11:01.096+00:00 RX a5120200000040fc460224fdc9fbb20000d4 D2 capture {"raw": "a5120200000040fc460224fdc9fbb20000d4", "label": "D2 capture", "kind": "short", "opcode": "0x02", "frag_index": null, "checksum_ok": true, "declared_length": 18}
2026-09-27T21:11:01.111+00:00 RX a5120200000040fc460224fdc9fbb20000d4 D2 capture {"raw": "a5120200000040fc460224fdc9fbb20000d4", "label": "D2 capture", "kind": "short", "opcode": "0x02", "frag_index": null, "checksum_ok": true, "declared_length": 18}
2026-09-27T21:11:01.133+00:00 RX a5120200000040fc460224fdc9fbb20000d4 D2 capture {"raw": "a5120200000040fc460224fdc9fbb20000d4", "label": "D2 capture", "kind": "short", "opcode": "0x02", "frag_index": null, "checksum_ok": true, "declared_length": 18}
2026-09-27T21:11:01.148+00:00 RX a5120200000040fc460224fdc9fbb20000d4 D2 capture {"raw": "a5120200000040fc460224fdc9fbb20000d4", "label": "D2 capture", "kind": "short", "opcode": "0x02", "frag_index": null, "checksum_ok": true, "declared_length": 18}
2026-09-27T21:11:01.171+00:00 RX a5120200000040fc460224fdc9fbb20000d4 D2 capture {"raw": "a5120200000040fc460224fdc9fbb20000d4", "label": "D2 capture", "kind": "short", "opcode": "0x02", "frag_index": null, "checksum_ok": true, "declared_length": 18}
2026-09-27T21:11:01.171+00:00 RX a5120200000040fc460224fdc9fbb20000d4 D2 capture {"raw": "a5120200000040fc460224fdc9fbb20000d4", "label": "D2 capture", "kind": "short", "opcode": "0x02", "frag_index": null, "checksum_ok": true, "declared_length": 18}
2026-09-27T21:11:01.193+00:00 RX a5120200000040fc460224fdc9fbb20000d4 D2 capture {"raw": "a5120200000040fc460224fdc9fbb20000d4", "label": "D2 capture", "kind": "short", "opcode": "0x02", "frag_index": null, "checksum_ok": true, "declared_length": 18}
2026-09-27T21:11:01.208+00:00 RX a5120200000040fc460224fdc9fbb20000d4 D2 capture {"raw": "a5120200000040fc460224fdc9fbb20000d4", "label": "D2 capture", "kind": "short", "opcode": "0x02", "frag_index": null, "checksum_ok": true, "declared_length": 18}
2026-09-27T21:11:01.223+00:00 RX a5120200000040fc460224fdc9fbb20000d4 D2 capture {"raw": "a5120200000040fc460224fdc9fbb20000d4", "label": "D2 capture", "kind": "short", "opcode": "0x02", "frag_index": null, "checksum_ok": true, "declared_length": 18}
2026-09-27T21:11:01.246+00:00 RX a5120200000040fc460224fdc9fbb20000d4 D2 capture {"raw": "a5120200000040fc460224fdc9fbb20000d4", "label": "D2 capture", "kind": "short", "opcode": "0x02", "frag_index": null, "checksum_ok": true, "declared_length": 18}
2026-09-27T21:11:01.261+00:00 RX a5120200000040fc460224fdc9fbb20000d4 D2 capture {"raw": "a5120200000040fc460224fdc9fbb20000d4", "label": "D2 capture", "kind": "short", "opcode": "0x02", "frag_index": null, "checksum_ok": true, "declared_length": 18}
2026-09-27T21:11:01.276+00:00 RX a5120200000040fc460224fdc9fbb20000d4 D2 capture {"raw": "a5120200000040fc460224fdc9fbb20000d4", "label": "D2 capture", "kind": "short", "opcode": "0x02", "frag_index": null, "checksum_ok": true, "declared_length": 18}
2026-09-27T21:11:01.305+00:00 RX a5120200000000fc460224fdc9fbb2000094 D2 capture {"raw": "a5120200000000fc460224fdc9fbb2000094", "label": "D2 capture", "kind": "short", "opcode": "0x02", "frag_index": null, "checksum_ok": true, "declared_length": 18}
2026-09-27T21:11:01.305+00:00 RX a5120200000000fc460224fdc9fbb2000094 D2 capture {"raw": "a5120200000000fc460224fdc9fbb2000094", "label": "D2 capture", "kind": "short", "opcode": "0x02", "frag_index": null, "checksum_ok": true, "declared_length": 18}
2026-09-27T21:11:01.321+00:00 RX a5120200000000fc460224fdc9fbb2000094 D2 capture {"raw": "a5120200000000fc460224fdc9fbb2000094", "label": "D2 capture", "kind": "short", "opcode": "0x02", "frag_index": null, "checksum_ok": true, "declared_length": 18}
2026-09-27T21:11:01.351+00:00 RX a5120200000000fc460224fdc9fbb2000094 D2 capture {"raw": "a5120200000000fc460224fdc9fbb2000094", "label": "D2 capture", "kind": "short", "opcode": "0x02", "frag_index": null, "checksum_ok": true, "declared_length": 18}
2026-09-27T21:11:01.351+00:00 RX a5120200000000fc460224fdc9fbb2000094 D2 capture {"raw": "a5120200000000fc460224fdc9fbb2000094", "label": "D2 capture", "kind": "short", "opcode": "0x02", "frag_index": null, "checksum_ok": true, "declared_length": 18}
2026-09-27T21:11:01.381+00:00 RX a5120200000000fc460224fdc9fbb2000094 D2 capture {"raw": "a5120200000000fc460224fdc9fbb2000094", "label": "D2 capture", "kind": "short", "opcode": "0x02", "frag_index": null, "checksum_ok": true, "declared_length": 18}
2026-09-27T21:11:01.381+00:00 RX a5120200000000fc460224fdc9fbb2000094 D2 capture {"raw": "a5120200000000fc460224fdc9fbb2000094", "label": "D2 capture", "kind": "short", "opcode": "0x02", "frag_index": null, "checksum_ok": true, "declared_length": 18}
2026-09-27T21:11:01.403+00:00 RX a5120200000000fc460224fdc9fbb2000094 D2 capture {"raw": "a5120200000000fc460224fdc9fbb2000094", "label": "D2 capture", "kind": "short", "opcode": "0x02", "frag_index": null, "checksum_ok": true, "declared_length": 18}
2026-09-27T21:11:01.418+00:00 RX a5120200000000fc460224fdc9fbb2000094 D2 capture {"raw": "a5120200000000fc460224fdc9fbb2000094", "label": "D2 capture", "kind": "short", "opcode": "0x02", "frag_index": null, "checksum_ok": true, "declared_length": 18}
2026-09-27T21:11:01.433+00:00 RX a5120200000000fc460224fdc9fbb2000094 D2 capture {"raw": "a5120200000000fc460224fdc9fbb2000094", "label": "D2 capture", "kind": "short", "opcode": "0x02", "frag_index": null, "checksum_ok": true, "declared_length": 18}
2026-09-27T21:11:01.456+00:00 RX a5120200000000fc460224fdc9fbb2000094 D2 capture {"raw": "a5120200000000fc460224fdc9fbb2000094", "label": "D2 capture", "kind": "short", "opcode": "0x02", "frag_index": null, "checksum_ok": true, "declared_length": 18}
2026-09-27T21:11:01.471+00:00 RX a5120200000000fc460224fdc9fbb2000094 D2 capture {"raw": "a5120200000000fc460224fdc9fbb2000094", "label": "D2 capture", "kind": "short", "opcode": "0x02", "frag_index": null, "checksum_ok": true, "declared_length": 18}
2026-09-27T21:11:01.486+00:00 RX a5120200000000fc460224fdc9fbb2000094 D2 capture {"raw": "a5120200000000fc460224fdc9fbb2000094", "label": "D2 capture", "kind": "short", "opcode": "0x02", "frag_index": null, "checksum_ok": true, "declared_length": 18}
2026-09-27T21:11:01.501+00:00 RX a5120200000000fc460224fdc9fbb2000094 D2 capture {"raw": "a5120200000000fc460224fdc9fbb2000094", "label": "D2 capture", "kind": "short", "opcode": "0x02", "frag_index": null, "checksum_ok": true, "declared_length": 18}
2026-09-27T21:11:01.516+00:00 RX a5120200000000fc460224fdc9fbb2000094 D2 capture {"raw": "a5120200000000fc460224fdc9fbb2000094", "label": "D2 capture", "kind": "short", "opcode": "0x02", "frag_index": null, "checksum_ok": true, "declared_length": 18}
2026-09-27T21:11:01.531+00:00 RX a5120200000000fc460224fdc9fbb2000094 D2 capture {"raw": "a5120200000000fc460224fdc9fbb2000094", "label": "D2 capture", "kind": "short", "opcode": "0x02", "frag_index": null, "checksum_ok": true, "declared_length": 18}
2026-09-27T21:11:01.553+00:00 RX a5120200000000fc460224fdc9fbb2000094 D2 capture {"raw": "a5120200000000fc460224fdc9fbb2000094", "label": "D2 capture", "kind": "short", "opcode": "0x02", "frag_index": null, "checksum_ok": true, "declared_length": 18}
2026-09-27T21:11:01.568+00:00 RX a5120200000000fc460224fdc9fbb2000094 D2 capture {"raw": "a5120200000000fc460224fdc9fbb2000094", "label": "D2 capture", "kind": "short", "opcode": "0x02", "frag_index": null, "checksum_ok": true, "declared_length": 18}
2026-09-27T21:11:01.583+00:00 RX a5120200000000fc460224fdc9fbb2000094 D2 capture {"raw": "a5120200000000fc460224fdc9fbb2000094", "label": "D2 capture", "kind": "short", "opcode": "0x02", "frag_index": null, "checksum_ok": true, "declared_length": 18}
2026-09-27T21:11:01.598+00:00 RX a5120200000000fc460224fdc9fbb2000094 D2 capture {"raw": "a5120200000000fc460224fdc9fbb2000094", "label": "D2 capture", "kind": "short", "opcode": "0x02", "frag_index": null, "checksum_ok": true, "declared_length": 18}
2026-09-27T21:11:01.613+00:00 RX a5120200000000fc460224fdc9fbb2000094 D2 capture {"raw": "a5120200000000fc460224fdc9fbb2000094", "label": "D2 capture", "kind": "short", "opcode": "0x02", "frag_index": null, "checksum_ok": true, "declared_length": 18}
2026-09-27T21:11:01.636+00:00 RX a5120200000000fc460224fdc9fbb2000094 D2 capture {"raw": "a5120200000000fc460224fdc9fbb2000094", "label": "D2 capture", "kind": "short", "opcode": "0x02", "frag_index": null, "checksum_ok": true, "declared_length": 18}
2026-09-27T21:11:01.636+00:00 RX a5120200000000fc460224fdc9fbb2000094 D2 capture {"raw": "a5120200000000fc460224fdc9fbb2000094", "label": "D2 capture", "kind": "short", "opcode": "0x02", "frag_index": null, "checksum_ok": true, "declared_length": 18}
2026-09-27T21:11:01.666+00:00 RX a5120200000000fc460224fdc9fbb2000094 D2 capture {"raw": "a5120200000000fc460224fdc9fbb2000094", "label": "D2 capture", "kind": "short", "opcode": "0x02", "frag_index": null, "checksum_ok": true, "declared_length": 18}
2026-09-27T21:11:01.681+00:00 RX a5120200000000fc460224fdc9fbb2000094 D2 capture {"raw": "a5120200000000fc460224fdc9fbb2000094", "label": "D2 capture", "kind": "short", "opcode": "0x02", "frag_index": null, "checksum_ok": true, "declared_length": 18}
2026-09-27T21:11:01.696+00:00 RX a5120200000000fc460224fdc9fbb2000094 D2 capture {"raw": "a5120200000000fc460224fdc9fbb2000094", "label": "D2 capture", "kind": "short", "opcode": "0x02", "frag_index": null, "checksum_ok": true, "declared_length": 18}
2026-09-27T21:11:01.711+00:00 RX a5120200000000fc460224fdc9fbb2000094 D2 capture {"raw": "a5120200000000fc460224fdc9fbb2000094", "label": "D2 capture", "kind": "short", "opcode": "0x02", "frag_index": null, "checksum_ok": true, "declared_length": 18}
2026-09-27T21:11:01.726+00:00 RX a5120200000000fc460224fdc9fbb2000094 D2 capture {"raw": "a5120200000000fc460224fdc9fbb2000094", "label": "D2 capture", "kind": "short", "opcode": "0x02", "frag_index": null, "checksum_ok": true, "declared_length": 18}
2026-09-27T21:11:01.756+00:00 RX a5120200000000fc460224fdc9fbb2000094 D2 capture {"raw": "a5120200000000fc460224fdc9fbb2000094", "label": "D2 capture", "kind": "short", "opcode": "0x02", "frag_index": null, "checksum_ok": true, "declared_length": 18}
2026-09-27T21:11:01.756+00:00 RX a5120200000000fc460224fdc9fbb2000094 D2 capture {"raw": "a5120200000000fc460224fdc9fbb2000094", "label": "D2 capture", "kind": "short", "opcode": "0x02", "frag_index": null, "checksum_ok": true, "declared_length": 18}
2026-09-27T21:11:01.778+00:00 RX a5120200000000fc460224fdc9fbb2000094 D2 capture {"raw": "a5120200000000fc460224fdc9fbb2000094", "label": "D2 capture", "kind": "short", "opcode": "0x02", "frag_index": null, "checksum_ok": true, "declared_length": 18}
2026-09-27T21:11:01.793+00:00 RX a5120200000000fc460224fdc9fbb2000094 D2 capture {"raw": "a5120200000000fc460224fdc9fbb2000094", "label": "D2 capture", "kind": "short", "opcode": "0x02", "frag_index": null, "checksum_ok": true, "declared_length": 18}
2026-09-27T21:11:01.808+00:00 RX a5120200000000fc460224fdc9fbb2000094 D2 capture {"raw": "a5120200000000fc460224fdc9fbb2000094", "label": "D2 capture", "kind": "short", "opcode": "0x02", "frag_index": null, "checksum_ok": true, "declared_length": 18}
2026-09-27T21:11:01.823+00:00 RX a5120200000000fc460224fdc9fbb2000094 D2 capture {"raw": "a5120200000000fc460224fdc9fbb2000094", "label": "D2 capture", "kind": "short", "opcode": "0x02", "frag_index": null, "checksum_ok": true, "declared_length": 18}
2026-09-27T21:11:01.846+00:00 RX a5120200000000fc460224fdc9fbb2000094 D2 capture {"raw": "a5120200000000fc460224fdc9fbb2000094", "label": "D2 capture", "kind": "short", "opcode": "0x02", "frag_index": null, "checksum_ok": true, "declared_length": 18}
2026-09-27T21:11:01.846+00:00 RX a5120200000000fc460224fdc9fbb2000094 D2 capture {"raw": "a5120200000000fc460224fdc9fbb2000094", "label": "D2 capture", "kind": "short", "opcode": "0x02", "frag_index": null, "checksum_ok": true, "declared_length": 18}
2026-09-27T21:11:01.876+00:00 RX a5120200000000fc460224fdc9fbb2000094 D2 capture {"raw": "a5120200000000fc460224fdc9fbb2000094", "label": "D2 capture", "kind": "short", "opcode": "0x02", "frag_index": null, "checksum_ok": true, "declared_length": 18}
2026-09-27T21:11:01.891+00:00 RX a5120200000000fc460224fdc9fbb2000094 D2 capture {"raw": "a5120200000000fc460224fdc9fbb2000094", "label": "D2 capture", "kind": "short", "opcode": "0x02", "frag_index": null, "checksum_ok": true, "declared_length": 18}
2026-09-27T21:11:01.907+00:00 RX a5120200000000fc460224fdc9fbb2000094 D2 capture {"raw": "a5120200000000fc460224fdc9fbb2000094", "label": "D2 capture", "kind": "short", "opcode": "0x02", "frag_index": null, "checksum_ok": true, "declared_length": 18}
2026-09-27T21:11:01.922+00:00 RX a5120200000000fc460224fdc9fbb2000094 D2 capture {"raw": "a5120200000000fc460224fdc9fbb2000094", "label": "D2 capture", "kind": "short", "opcode": "0x02", "frag_index": null, "checksum_ok": true, "declared_length": 18}
2026-09-27T21:11:01.936+00:00 RX a5120200000000fc460224fdc9fbb2000094 D2 capture {"raw": "a5120200000000fc460224fdc9fbb2000094", "label": "D2 capture", "kind": "short", "opcode": "0x02", "frag_index": null, "checksum_ok": true, "declared_length": 18}
2026-09-27T21:11:01.958+00:00 RX a5120200000000fc460224fdc9fbb2000094 D2 capture {"raw": "a5120200000000fc460224fdc9fbb2000094", "label": "D2 capture", "kind": "short", "opcode": "0x02", "frag_index": null, "checksum_ok": true, "declared_length": 18}
2026-09-27T21:11:01.973+00:00 RX a5120200000000fc460224fdc9fbb2000094 D2 capture {"raw": "a5120200000000fc460224fdc9fbb2000094", "label": "D2 capture", "kind": "short", "opcode": "0x02", "frag_index": null, "checksum_ok": true, "declared_length": 18}
2026-09-27T21:11:01.988+00:00 RX a5120200000080fc460224fdc9fbb2000014 D2 capture {"raw": "a5120200000080fc460224fdc9fbb2000014", "label": "D2 capture", "kind": "short", "opcode": "0x02", "frag_index": null, "checksum_ok": true, "declared_length": 18}
2026-09-27T21:11:02.003+00:00 RX a5120200000080fc460224fdc9fbb2000014 D2 capture {"raw": "a5120200000080fc460224fdc9fbb2000014", "label": "D2 capture", "kind": "short", "opcode": "0x02", "frag_index": null, "checksum_ok": true, "declared_length": 18}
2026-09-27T21:11:02.026+00:00 RX a5120200000080fc460224fdc9fbb2000014 D2 capture {"raw": "a5120200000080fc460224fdc9fbb2000014", "label": "D2 capture", "kind": "short", "opcode": "0x02", "frag_index": null, "checksum_ok": true, "declared_length": 18}
2026-09-27T21:11:02.026+00:00 RX a5120200000080fc460224fdc9fbb2000014 D2 capture {"raw": "a5120200000080fc460224fdc9fbb2000014", "label": "D2 capture", "kind": "short", "opcode": "0x02", "frag_index": null, "checksum_ok": true, "declared_length": 18}
2026-09-27T21:11:02.063+00:00 RX a5120200000080fc460224fdc9fbb2000014 D2 capture {"raw": "a5120200000080fc460224fdc9fbb2000014", "label": "D2 capture", "kind": "short", "opcode": "0x02", "frag_index": null, "checksum_ok": true, "declared_length": 18}
2026-09-27T21:11:02.063+00:00 RX a5120200000080fc460224fdc9fbb2000014 D2 capture {"raw": "a5120200000080fc460224fdc9fbb2000014", "label": "D2 capture", "kind": "short", "opcode": "0x02", "frag_index": null, "checksum_ok": true, "declared_length": 18}
2026-09-27T21:11:02.086+00:00 RX a5120200000080fc460224fdc9fbb2000014 D2 capture {"raw": "a5120200000080fc460224fdc9fbb2000014", "label": "D2 capture", "kind": "short", "opcode": "0x02", "frag_index": null, "checksum_ok": true, "declared_length": 18}
2026-09-27T21:11:02.101+00:00 RX a5120200000080fc460224fdc9fbb2000014 D2 capture {"raw": "a5120200000080fc460224fdc9fbb2000014", "label": "D2 capture", "kind": "short", "opcode": "0x02", "frag_index": null, "checksum_ok": true, "declared_length": 18}
2026-09-27T21:11:02.116+00:00 RX a5120200000080fc460224fdc9fbb2000014 D2 capture {"raw": "a5120200000080fc460224fdc9fbb2000014", "label": "D2 capture", "kind": "short", "opcode": "0x02", "frag_index": null, "checksum_ok": true, "declared_length": 18}
2026-09-27T21:11:02.139+00:00 RX a5120200000080fc460224fdc9fbb2000014 D2 capture {"raw": "a5120200000080fc460224fdc9fbb2000014", "label": "D2 capture", "kind": "short", "opcode": "0x02", "frag_index": null, "checksum_ok": true, "declared_length": 18}
2026-09-27T21:11:02.153+00:00 RX a5120200000080fc460224fdc9fbb2000014 D2 capture {"raw": "a5120200000080fc460224fdc9fbb2000014", "label": "D2 capture", "kind": "short", "opcode": "0x02", "frag_index": null, "checksum_ok": true, "declared_length": 18}
2026-09-27T21:11:02.176+00:00 RX a5120200000080fc460224fdc9fbb2000014 D2 capture {"raw": "a5120200000080fc460224fdc9fbb2000014", "label": "D2 capture", "kind": "short", "opcode": "0x02", "frag_index": null, "checksum_ok": true, "declared_length": 18}
2026-09-27T21:11:02.176+00:00 RX a5120200000080fc460224fdc9fbb2000014 D2 capture {"raw": "a5120200000080fc460224fdc9fbb2000014", "label": "D2 capture", "kind": "short", "opcode": "0x02", "frag_index": null, "checksum_ok": true, "declared_length": 18}
2026-09-27T21:11:02.198+00:00 RX a5120200000080fc460224fdc9fbb2000014 D2 capture {"raw": "a5120200000080fc460224fdc9fbb2000014", "label": "D2 capture", "kind": "short", "opcode": "0x02", "frag_index": null, "checksum_ok": true, "declared_length": 18}
2026-09-27T21:11:02.213+00:00 RX a5120200000080fc460224fdc9fbb2000014 D2 capture {"raw": "a5120200000080fc460224fdc9fbb2000014", "label": "D2 capture", "kind": "short", "opcode": "0x02", "frag_index": null, "checksum_ok": true, "declared_length": 18}
2026-09-27T21:11:02.228+00:00 RX a5120200000080fc460224fdc9fbb2000014 D2 capture {"raw": "a5120200000080fc460224fdc9fbb2000014", "label": "D2 capture", "kind": "short", "opcode": "0x02", "frag_index": null, "checksum_ok": true, "declared_length": 18}
2026-09-27T21:11:02.251+00:00 RX a5120200000080fc460224fdc9fbb2000014 D2 capture {"raw": "a5120200000080fc460224fdc9fbb2000014", "label": "D2 capture", "kind": "short", "opcode": "0x02", "frag_index": null, "checksum_ok": true, "declared_length": 18}
2026-09-27T21:11:02.266+00:00 RX a5120200000080fc460224fdc9fbb2000014 D2 capture {"raw": "a5120200000080fc460224fdc9fbb2000014", "label": "D2 capture", "kind": "short", "opcode": "0x02", "frag_index": null, "checksum_ok": true, "declared_length": 18}
2026-09-27T21:11:02.281+00:00 RX a5120200000000fc460224fdc9fbb2000094 D2 capture {"raw": "a5120200000000fc460224fdc9fbb2000094", "label": "D2 capture", "kind": "short", "opcode": "0x02", "frag_index": null, "checksum_ok": true, "declared_length": 18}
2026-09-27T21:11:02.296+00:00 RX a5120200000000fc460224fdc9fbb2000094 D2 capture {"raw": "a5120200000000fc460224fdc9fbb2000094", "label": "D2 capture", "kind": "short", "opcode": "0x02", "frag_index": null, "checksum_ok": true, "declared_length": 18}
2026-09-27T21:11:02.311+00:00 RX a5120200000000fc460224fdc9fbb2000094 D2 capture {"raw": "a5120200000000fc460224fdc9fbb2000094", "label": "D2 capture", "kind": "short", "opcode": "0x02", "frag_index": null, "checksum_ok": true, "declared_length": 18}
2026-09-27T21:11:02.326+00:00 RX a5120200000000fc460224fdc9fbb2000094 D2 capture {"raw": "a5120200000000fc460224fdc9fbb2000094", "label": "D2 capture", "kind": "short", "opcode": "0x02", "frag_index": null, "checksum_ok": true, "declared_length": 18}
2026-09-27T21:11:02.341+00:00 RX a5120200000000fc460224fdc9fbb2000094 D2 capture {"raw": "a5120200000000fc460224fdc9fbb2000094", "label": "D2 capture", "kind": "short", "opcode": "0x02", "frag_index": null, "checksum_ok": true, "declared_length": 18}
2026-09-27T21:11:02.363+00:00 RX a5120200000000fc460224fdc9fbb2000094 D2 capture {"raw": "a5120200000000fc460224fdc9fbb2000094", "label": "D2 capture", "kind": "short", "opcode": "0x02", "frag_index": null, "checksum_ok": true, "declared_length": 18}
2026-09-27T21:11:02.386+00:00 RX a5120200000000fc460224fdc9fbb2000094 D2 capture {"raw": "a5120200000000fc460224fdc9fbb2000094", "label": "D2 capture", "kind": "short", "opcode": "0x02", "frag_index": null, "checksum_ok": true, "declared_length": 18}
2026-09-27T21:11:02.386+00:00 RX a5120200000000fc460224fdc9fbb2000094 D2 capture {"raw": "a5120200000000fc460224fdc9fbb2000094", "label": "D2 capture", "kind": "short", "opcode": "0x02", "frag_index": null, "checksum_ok": true, "declared_length": 18}
2026-09-27T21:11:02.416+00:00 RX a5120200000000fc460224fdc9fbb2000094 D2 capture {"raw": "a5120200000000fc460224fdc9fbb2000094", "label": "D2 capture", "kind": "short", "opcode": "0x02", "frag_index": null, "checksum_ok": true, "declared_length": 18}
2026-09-27T21:11:02.416+00:00 RX a5120200000000fc460224fdc9fbb2000094 D2 capture {"raw": "a5120200000000fc460224fdc9fbb2000094", "label": "D2 capture", "kind": "short", "opcode": "0x02", "frag_index": null, "checksum_ok": true, "declared_length": 18}
2026-09-27T21:11:02.438+00:00 RX a5120200000000fc460224fdc9fbb2000094 D2 capture {"raw": "a5120200000000fc460224fdc9fbb2000094", "label": "D2 capture", "kind": "short", "opcode": "0x02", "frag_index": null, "checksum_ok": true, "declared_length": 18}
2026-09-27T21:11:02.461+00:00 RX a5120200000000fc460224fdc9fbb2000094 D2 capture {"raw": "a5120200000000fc460224fdc9fbb2000094", "label": "D2 capture", "kind": "short", "opcode": "0x02", "frag_index": null, "checksum_ok": true, "declared_length": 18}
2026-09-27T21:11:02.476+00:00 RX a5120200000000fc460224fdc9fbb2000094 D2 capture {"raw": "a5120200000000fc460224fdc9fbb2000094", "label": "D2 capture", "kind": "short", "opcode": "0x02", "frag_index": null, "checksum_ok": true, "declared_length": 18}
2026-09-27T21:11:02.498+00:00 RX a5120200000000fc460224fdc9fbb2000094 D2 capture {"raw": "a5120200000000fc460224fdc9fbb2000094", "label": "D2 capture", "kind": "short", "opcode": "0x02", "frag_index": null, "checksum_ok": true, "declared_length": 18}
2026-09-27T21:11:02.498+00:00 RX a5120200000000fc460224fdc9fbb2000094 D2 capture {"raw": "a5120200000000fc460224fdc9fbb2000094", "label": "D2 capture", "kind": "short", "opcode": "0x02", "frag_index": null, "checksum_ok": true, "declared_length": 18}
2026-09-27T21:11:02.521+00:00 RX a5120200000000fc460224fdc9fbb2000094 D2 capture {"raw": "a5120200000000fc460224fdc9fbb2000094", "label": "D2 capture", "kind": "short", "opcode": "0x02", "frag_index": null, "checksum_ok": true, "declared_length": 18}
2026-09-27T21:11:02.536+00:00 RX a5120200000000fc460224fdc9fbb2000094 D2 capture {"raw": "a5120200000000fc460224fdc9fbb2000094", "label": "D2 capture", "kind": "short", "opcode": "0x02", "frag_index": null, "checksum_ok": true, "declared_length": 18}
2026-09-27T21:11:02.551+00:00 RX a5120200000000fc460224fdc9fbb2000094 D2 capture {"raw": "a5120200000000fc460224fdc9fbb2000094", "label": "D2 capture", "kind": "short", "opcode": "0x02", "frag_index": null, "checksum_ok": true, "declared_length": 18}
2026-09-27T21:11:02.573+00:00 RX a5120200000000fc460224fdc9fbb2000094 D2 capture {"raw": "a5120200000000fc460224fdc9fbb2000094", "label": "D2 capture", "kind": "short", "opcode": "0x02", "frag_index": null, "checksum_ok": true, "declared_length": 18}
2026-09-27T21:11:02.588+00:00 RX a5120200000000fc460224fdc9fbb2000094 D2 capture {"raw": "a5120200000000fc460224fdc9fbb2000094", "label": "D2 capture", "kind": "short", "opcode": "0x02", "frag_index": null, "checksum_ok": true, "declared_length": 18}
2026-09-27T21:11:02.603+00:00 RX a5120200000000fc460224fdc9fbb2000094 D2 capture {"raw": "a5120200000000fc460224fdc9fbb2000094", "label": "D2 capture", "kind": "short", "opcode": "0x02", "frag_index": null, "checksum_ok": true, "declared_length": 18}
2026-09-27T21:11:02.618+00:00 RX a5120200000000fc460224fdc9fbb2000094 D2 capture {"raw": "a5120200000000fc460224fdc9fbb2000094", "label": "D2 capture", "kind": "short", "opcode": "0x02", "frag_index": null, "checksum_ok": true, "declared_length": 18}
2026-09-27T21:11:02.633+00:00 RX a5120200000000fc460224fdc9fbb2000094 D2 capture {"raw": "a5120200000000fc460224fdc9fbb2000094", "label": "D2 capture", "kind": "short", "opcode": "0x02", "frag_index": null, "checksum_ok": true, "declared_length": 18}
2026-09-27T21:11:02.648+00:00 RX a5120200000000fc460224fdc9fbb2000094 D2 capture {"raw": "a5120200000000fc460224fdc9fbb2000094", "label": "D2 capture", "kind": "short", "opcode": "0x02", "frag_index": null, "checksum_ok": true, "declared_length": 18}
2026-09-27T21:11:02.663+00:00 RX a5120200000000fc460224fdc9fbb2000094 D2 capture {"raw": "a5120200000000fc460224fdc9fbb2000094", "label": "D2 capture", "kind": "short", "opcode": "0x02", "frag_index": null, "checksum_ok": true, "declared_length": 18}
2026-09-27T21:11:02.678+00:00 RX a5120200000000fc460224fdc9fbb2000094 D2 capture {"raw": "a5120200000000fc460224fdc9fbb2000094", "label": "D2 capture", "kind": "short", "opcode": "0x02", "frag_index": null, "checksum_ok": true, "declared_length": 18}
2026-09-27T21:11:02.701+00:00 RX a5120200000000fc460224fdc9fbb2000094 D2 capture {"raw": "a5120200000000fc460224fdc9fbb2000094", "label": "D2 capture", "kind": "short", "opcode": "0x02", "frag_index": null, "checksum_ok": true, "declared_length": 18}
2026-09-27T21:11:02.716+00:00 RX a5120200000000fc460224fdc9fbb2000094 D2 capture {"raw": "a5120200000000fc460224fdc9fbb2000094", "label": "D2 capture", "kind": "short", "opcode": "0x02", "frag_index": null, "checksum_ok": true, "declared_length": 18}
2026-09-27T21:11:02.738+00:00 RX a5120200000000fc460224fdc9fbb2000094 D2 capture {"raw": "a5120200000000fc460224fdc9fbb2000094", "label": "D2 capture", "kind": "short", "opcode": "0x02", "frag_index": null, "checksum_ok": true, "declared_length": 18}
2026-09-27T21:11:02.738+00:00 RX a5120200000000fc460224fdc9fbb2000094 D2 capture {"raw": "a5120200000000fc460224fdc9fbb2000094", "label": "D2 capture", "kind": "short", "opcode": "0x02", "frag_index": null, "checksum_ok": true, "declared_length": 18}
2026-09-27T21:11:02.761+00:00 RX a5120200000000fc460224fdc9fbb2000094 D2 capture {"raw": "a5120200000000fc460224fdc9fbb2000094", "label": "D2 capture", "kind": "short", "opcode": "0x02", "frag_index": null, "checksum_ok": true, "declared_length": 18}
2026-09-27T21:11:02.783+00:00 RX a5120200000000fc460224fdc9fbb2000094 D2 capture {"raw": "a5120200000000fc460224fdc9fbb2000094", "label": "D2 capture", "kind": "short", "opcode": "0x02", "frag_index": null, "checksum_ok": true, "declared_length": 18}
2026-09-27T21:11:02.798+00:00 RX a5120200000000fc460224fdc9fbb2000094 D2 capture {"raw": "a5120200000000fc460224fdc9fbb2000094", "label": "D2 capture", "kind": "short", "opcode": "0x02", "frag_index": null, "checksum_ok": true, "declared_length": 18}
2026-09-27T21:11:02.813+00:00 RX a5120200000000fc460224fdc9fbb2000094 D2 capture {"raw": "a5120200000000fc460224fdc9fbb2000094", "label": "D2 capture", "kind": "short", "opcode": "0x02", "frag_index": null, "checksum_ok": true, "declared_length": 18}
2026-09-27T21:11:02.828+00:00 RX a5120200000000fc460224fdc9fbb2000094 D2 capture {"raw": "a5120200000000fc460224fdc9fbb2000094", "label": "D2 capture", "kind": "short", "opcode": "0x02", "frag_index": null, "checksum_ok": true, "declared_length": 18}
2026-09-27T21:11:02.858+00:00 RX a5120200000000fc460224fdc9fbb2000094 D2 capture {"raw": "a5120200000000fc460224fdc9fbb2000094", "label": "D2 capture", "kind": "short", "opcode": "0x02", "frag_index": null, "checksum_ok": true, "declared_length": 18}
2026-09-27T21:11:02.858+00:00 RX a5120200000000fc460224fdc9fbb2000094 D2 capture {"raw": "a5120200000000fc460224fdc9fbb2000094", "label": "D2 capture", "kind": "short", "opcode": "0x02", "frag_index": null, "checksum_ok": true, "declared_length": 18}
2026-09-27T21:11:02.881+00:00 RX a5120200000000fc460224fdc9fbb2000094 D2 capture {"raw": "a5120200000000fc460224fdc9fbb2000094", "label": "D2 capture", "kind": "short", "opcode": "0x02", "frag_index": null, "checksum_ok": true, "declared_length": 18}
2026-09-27T21:11:02.896+00:00 RX a5120200000000fc460224fdc9fbb2000094 D2 capture {"raw": "a5120200000000fc460224fdc9fbb2000094", "label": "D2 capture", "kind": "short", "opcode": "0x02", "frag_index": null, "checksum_ok": true, "declared_length": 18}
2026-09-27T21:11:02.911+00:00 RX a5120200000000fc460224fdc9fbb2000094 D2 capture {"raw": "a5120200000000fc460224fdc9fbb2000094", "label": "D2 capture", "kind": "short", "opcode": "0x02", "frag_index": null, "checksum_ok": true, "declared_length": 18}
2026-09-27T21:11:02.926+00:00 RX a5120200000000fc460224fdc9fbb2000094 D2 capture {"raw": "a5120200000000fc460224fdc9fbb2000094", "label": "D2 capture", "kind": "short", "opcode": "0x02", "frag_index": null, "checksum_ok": true, "declared_length": 18}
2026-09-27T21:11:02.941+00:00 RX a5120200000000fc460224fdc9fbb2000094 D2 capture {"raw": "a5120200000000fc460224fdc9fbb2000094", "label": "D2 capture", "kind": "short", "opcode": "0x02", "frag_index": null, "checksum_ok": true, "declared_length": 18}
2026-09-27T21:11:02.956+00:00 RX a5120200000000fc460224fdc9fbb2000094 D2 capture {"raw": "a5120200000000fc460224fdc9fbb2000094", "label": "D2 capture", "kind": "short", "opcode": "0x02", "frag_index": null, "checksum_ok": true, "declared_length": 18}
2026-09-27T21:11:02.978+00:00 RX a5120200000000fc460224fdc9fbb2000094 D2 capture {"raw": "a5120200000000fc460224fdc9fbb2000094", "label": "D2 capture", "kind": "short", "opcode": "0x02", "frag_index": null, "checksum_ok": true, "declared_length": 18}
2026-09-27T21:11:02.993+00:00 RX a5120200000000fc460224fdc9fbb2000094 D2 capture {"raw": "a5120200000000fc460224fdc9fbb2000094", "label": "D2 capture", "kind": "short", "opcode": "0x02", "frag_index": null, "checksum_ok": true, "declared_length": 18}
2026-09-27T21:11:03.008+00:00 RX a5120200000000fc460224fdc9fbb2000094 D2 capture {"raw": "a5120200000000fc460224fdc9fbb2000094", "label": "D2 capture", "kind": "short", "opcode": "0x02", "frag_index": null, "checksum_ok": true, "declared_length": 18}
2026-09-27T21:11:03.023+00:00 RX a5120200000000fc460224fdc9fbb2000094 D2 capture {"raw": "a5120200000000fc460224fdc9fbb2000094", "label": "D2 capture", "kind": "short", "opcode": "0x02", "frag_index": null, "checksum_ok": true, "declared_length": 18}
2026-09-27T21:11:03.038+00:00 RX a5120200000000fc460224fdc9fbb2000094 D2 capture {"raw": "a5120200000000fc460224fdc9fbb2000094", "label": "D2 capture", "kind": "short", "opcode": "0x02", "frag_index": null, "checksum_ok": true, "declared_length": 18}
2026-09-27T21:11:03.053+00:00 RX a5120200000000fc460224fdc9fbb2000094 D2 capture {"raw": "a5120200000000fc460224fdc9fbb2000094", "label": "D2 capture", "kind": "short", "opcode": "0x02", "frag_index": null, "checksum_ok": true, "declared_length": 18}
2026-09-27T21:11:03.068+00:00 RX a5120200000000fc460224fdc9fbb2000094 D2 capture {"raw": "a5120200000000fc460224fdc9fbb2000094", "label": "D2 capture", "kind": "short", "opcode": "0x02", "frag_index": null, "checksum_ok": true, "declared_length": 18}
2026-09-27T21:11:03.083+00:00 RX a5120200000000fc460224fdc9fbb2000094 D2 capture {"raw": "a5120200000000fc460224fdc9fbb2000094", "label": "D2 capture", "kind": "short", "opcode": "0x02", "frag_index": null, "checksum_ok": true, "declared_length": 18}
2026-09-27T21:11:03.106+00:00 RX a5120200000000fc460224fdc9fbb2000094 D2 capture {"raw": "a5120200000000fc460224fdc9fbb2000094", "label": "D2 capture", "kind": "short", "opcode": "0x02", "frag_index": null, "checksum_ok": true, "declared_length": 18}
2026-09-27T21:11:03.121+00:00 RX a5120200000000fc460224fdc9fbb2000094 D2 capture {"raw": "a5120200000000fc460224fdc9fbb2000094", "label": "D2 capture", "kind": "short", "opcode": "0x02", "frag_index": null, "checksum_ok": true, "declared_length": 18}
2026-09-27T21:11:03.136+00:00 RX a5120200000000fc460224fdc9fbb2000094 D2 capture {"raw": "a5120200000000fc460224fdc9fbb2000094", "label": "D2 capture", "kind": "short", "opcode": "0x02", "frag_index": null, "checksum_ok": true, "declared_length": 18}
2026-09-27T21:11:03.151+00:00 RX a5120200000000fc460224fdc9fbb2000094 D2 capture {"raw": "a5120200000000fc460224fdc9fbb2000094", "label": "D2 capture", "kind": "short", "opcode": "0x02", "frag_index": null, "checksum_ok": true, "declared_length": 18}
2026-09-27T21:11:03.173+00:00 RX a5120200000000fc460224fdc9fbb2000094 D2 capture {"raw": "a5120200000000fc460224fdc9fbb2000094", "label": "D2 capture", "kind": "short", "opcode": "0x02", "frag_index": null, "checksum_ok": true, "declared_length": 18}
2026-09-27T21:11:03.188+00:00 RX a5120200000000fc460224fdc9fbb2000094 D2 capture {"raw": "a5120200000000fc460224fdc9fbb2000094", "label": "D2 capture", "kind": "short", "opcode": "0x02", "frag_index": null, "checksum_ok": true, "declared_length": 18}
2026-09-27T21:11:03.211+00:00 RX a5120200000000fc460224fdc9fbb2000094 D2 capture {"raw": "a5120200000000fc460224fdc9fbb2000094", "label": "D2 capture", "kind": "short", "opcode": "0x02", "frag_index": null, "checksum_ok": true, "declared_length": 18}
2026-09-27T21:11:03.211+00:00 RX a5120200000000fc460224fdc9fbb2000094 D2 capture {"raw": "a5120200000000fc460224fdc9fbb2000094", "label": "D2 capture", "kind": "short", "opcode": "0x02", "frag_index": null, "checksum_ok": true, "declared_length": 18}
2026-09-27T21:11:03.241+00:00 RX a5120200000000fc460224fdc9fbb2000094 D2 capture {"raw": "a5120200000000fc460224fdc9fbb2000094", "label": "D2 capture", "kind": "short", "opcode": "0x02", "frag_index": null, "checksum_ok": true, "declared_length": 18}
2026-09-27T21:11:03.242+00:00 RX a5120200000000fc460224fdc9fbb2000094 D2 capture {"raw": "a5120200000000fc460224fdc9fbb2000094", "label": "D2 capture", "kind": "short", "opcode": "0x02", "frag_index": null, "checksum_ok": true, "declared_length": 18}
2026-09-27T21:11:03.271+00:00 RX a5120200000000fc460224fdc9fbb2000094 D2 capture {"raw": "a5120200000000fc460224fdc9fbb2000094", "label": "D2 capture", "kind": "short", "opcode": "0x02", "frag_index": null, "checksum_ok": true, "declared_length": 18}
2026-09-27T21:11:03.286+00:00 RX a5120200000000fc460224fdc9fbb2000094 D2 capture {"raw": "a5120200000000fc460224fdc9fbb2000094", "label": "D2 capture", "kind": "short", "opcode": "0x02", "frag_index": null, "checksum_ok": true, "declared_length": 18}
2026-09-27T21:11:03.286+00:00 RX a5120200000000fc460224fdc9fbb2000094 D2 capture {"raw": "a5120200000000fc460224fdc9fbb2000094", "label": "D2 capture", "kind": "short", "opcode": "0x02", "frag_index": null, "checksum_ok": true, "declared_length": 18}
2026-09-27T21:11:03.316+00:00 RX a5120200000000fc460224fdc9fbb2000094 D2 capture {"raw": "a5120200000000fc460224fdc9fbb2000094", "label": "D2 capture", "kind": "short", "opcode": "0x02", "frag_index": null, "checksum_ok": true, "declared_length": 18}
2026-09-27T21:11:03.331+00:00 RX a5120200000000fc460224fdc9fbb2000094 D2 capture {"raw": "a5120200000000fc460224fdc9fbb2000094", "label": "D2 capture", "kind": "short", "opcode": "0x02", "frag_index": null, "checksum_ok": true, "declared_length": 18}
2026-09-27T21:11:03.347+00:00 RX a5120200000000fc460224fdc9fbb2000094 D2 capture {"raw": "a5120200000000fc460224fdc9fbb2000094", "label": "D2 capture", "kind": "short", "opcode": "0x02", "frag_index": null, "checksum_ok": true, "declared_length": 18}
2026-09-27T21:11:03.361+00:00 RX a5120200000000fc460224fdc9fbb2000094 D2 capture {"raw": "a5120200000000fc460224fdc9fbb2000094", "label": "D2 capture", "kind": "short", "opcode": "0x02", "frag_index": null, "checksum_ok": true, "declared_length": 18}
2026-09-27T21:11:03.376+00:00 RX a5120200000000fc460224fdc9fbb2000094 D2 capture {"raw": "a5120200000000fc460224fdc9fbb2000094", "label": "D2 capture", "kind": "short", "opcode": "0x02", "frag_index": null, "checksum_ok": true, "declared_length": 18}
2026-09-27T21:11:03.398+00:00 RX a5120200000000fc460224fdc9fbb2000094 D2 capture {"raw": "a5120200000000fc460224fdc9fbb2000094", "label": "D2 capture", "kind": "short", "opcode": "0x02", "frag_index": null, "checksum_ok": true, "declared_length": 18}
2026-09-27T21:11:03.413+00:00 RX a5120200000000fc460224fdc9fbb2000094 D2 capture {"raw": "a5120200000000fc460224fdc9fbb2000094", "label": "D2 capture", "kind": "short", "opcode": "0x02", "frag_index": null, "checksum_ok": true, "declared_length": 18}
2026-09-27T21:11:03.428+00:00 RX a5120200000000fc460224fdc9fbb2000094 D2 capture {"raw": "a5120200000000fc460224fdc9fbb2000094", "label": "D2 capture", "kind": "short", "opcode": "0x02", "frag_index": null, "checksum_ok": true, "declared_length": 18}
2026-09-27T21:11:03.443+00:00 RX a5120200000000fc460224fdc9fbb2000094 D2 capture {"raw": "a5120200000000fc460224fdc9fbb2000094", "label": "D2 capture", "kind": "short", "opcode": "0x02", "frag_index": null, "checksum_ok": true, "declared_length": 18}
2026-09-27T21:11:03.458+00:00 RX a5120200000000fc460224fdc9fbb2000094 D2 capture {"raw": "a5120200000000fc460224fdc9fbb2000094", "label": "D2 capture", "kind": "short", "opcode": "0x02", "frag_index": null, "checksum_ok": true, "declared_length": 18}
2026-09-27T21:11:03.473+00:00 RX a5120200000000fc460224fdc9fbb2000094 D2 capture {"raw": "a5120200000000fc460224fdc9fbb2000094", "label": "D2 capture", "kind": "short", "opcode": "0x02", "frag_index": null, "checksum_ok": true, "declared_length": 18}
2026-09-27T21:11:34.171+00:00 RX a5120200000040fc460247fdc9fbb20000f7 D2 capture {"raw": "a5120200000040fc460247fdc9fbb20000f7", "label": "D2 capture", "kind": "short", "opcode": "0x02", "frag_index": null, "checksum_ok": true, "declared_length": 18}
2026-09-27T21:11:34.187+00:00 RX a5120200000040fc460247fdc9fbb20000f7 D2 capture {"raw": "a5120200000040fc460247fdc9fbb20000f7", "label": "D2 capture", "kind": "short", "opcode": "0x02", "frag_index": null, "checksum_ok": true, "declared_length": 18}
2026-09-27T21:11:34.201+00:00 RX a5120200000040fc460247fdc9fbb20000f7 D2 capture {"raw": "a5120200000040fc460247fdc9fbb20000f7", "label": "D2 capture", "kind": "short", "opcode": "0x02", "frag_index": null, "checksum_ok": true, "declared_length": 18}
2026-09-27T21:11:34.216+00:00 RX a5120200000040fc460247fdc9fbb20000f7 D2 capture {"raw": "a5120200000040fc460247fdc9fbb20000f7", "label": "D2 capture", "kind": "short", "opcode": "0x02", "frag_index": null, "checksum_ok": true, "declared_length": 18}
2026-09-27T21:11:34.231+00:00 RX a5120200000040fc460247fdc9fbb20000f7 D2 capture {"raw": "a5120200000040fc460247fdc9fbb20000f7", "label": "D2 capture", "kind": "short", "opcode": "0x02", "frag_index": null, "checksum_ok": true, "declared_length": 18}
2026-09-27T21:11:34.246+00:00 RX a5120200000040fc460247fdc9fbb20000f7 D2 capture {"raw": "a5120200000040fc460247fdc9fbb20000f7", "label": "D2 capture", "kind": "short", "opcode": "0x02", "frag_index": null, "checksum_ok": true, "declared_length": 18}
2026-09-27T21:11:34.261+00:00 RX a5120200000040fc460247fdc9fbb20000f7 D2 capture {"raw": "a5120200000040fc460247fdc9fbb20000f7", "label": "D2 capture", "kind": "short", "opcode": "0x02", "frag_index": null, "checksum_ok": true, "declared_length": 18}
2026-09-27T21:11:34.284+00:00 RX a5120200000040fc460247fdc9fbb20000f7 D2 capture {"raw": "a5120200000040fc460247fdc9fbb20000f7", "label": "D2 capture", "kind": "short", "opcode": "0x02", "frag_index": null, "checksum_ok": true, "declared_length": 18}
2026-09-27T21:11:34.299+00:00 RX a5120200000040fc460247fdc9fbb20000f7 D2 capture {"raw": "a5120200000040fc460247fdc9fbb20000f7", "label": "D2 capture", "kind": "short", "opcode": "0x02", "frag_index": null, "checksum_ok": true, "declared_length": 18}
2026-09-27T21:11:34.315+00:00 RX a5120200000040fc460247fdc9fbb20000f7 D2 capture {"raw": "a5120200000040fc460247fdc9fbb20000f7", "label": "D2 capture", "kind": "short", "opcode": "0x02", "frag_index": null, "checksum_ok": true, "declared_length": 18}
2026-09-27T21:11:34.328+00:00 RX a5120200000040fc460247fdc9fbb20000f7 D2 capture {"raw": "a5120200000040fc460247fdc9fbb20000f7", "label": "D2 capture", "kind": "short", "opcode": "0x02", "frag_index": null, "checksum_ok": true, "declared_length": 18}
2026-09-27T21:11:34.344+00:00 RX a5120200000040fc460247fdc9fbb20000f7 D2 capture {"raw": "a5120200000040fc460247fdc9fbb20000f7", "label": "D2 capture", "kind": "short", "opcode": "0x02", "frag_index": null, "checksum_ok": true, "declared_length": 18}
2026-09-27T21:11:34.359+00:00 RX a5120200000040fc460247fdc9fbb20000f7 D2 capture {"raw": "a5120200000040fc460247fdc9fbb20000f7", "label": "D2 capture", "kind": "short", "opcode": "0x02", "frag_index": null, "checksum_ok": true, "declared_length": 18}
2026-09-27T21:11:34.383+00:00 RX a5120200000040fc460247fdc9fbb20000f7 D2 capture {"raw": "a5120200000040fc460247fdc9fbb20000f7", "label": "D2 capture", "kind": "short", "opcode": "0x02", "frag_index": null, "checksum_ok": true, "declared_length": 18}
2026-09-27T21:11:34.397+00:00 RX a5120200000040fc460247fdc9fbb20000f7 D2 capture {"raw": "a5120200000040fc460247fdc9fbb20000f7", "label": "D2 capture", "kind": "short", "opcode": "0x02", "frag_index": null, "checksum_ok": true, "declared_length": 18}
2026-09-27T21:11:34.414+00:00 RX a5120200000040fc460247fdc9fbb20000f7 D2 capture {"raw": "a5120200000040fc460247fdc9fbb20000f7", "label": "D2 capture", "kind": "short", "opcode": "0x02", "frag_index": null, "checksum_ok": true, "declared_length": 18}
2026-09-27T21:11:34.426+00:00 RX a5120200000040fc460247fdc9fbb20000f7 D2 capture {"raw": "a5120200000040fc460247fdc9fbb20000f7", "label": "D2 capture", "kind": "short", "opcode": "0x02", "frag_index": null, "checksum_ok": true, "declared_length": 18}
2026-09-27T21:11:34.443+00:00 RX a5120200000040fc460247fdc9fbb20000f7 D2 capture {"raw": "a5120200000040fc460247fdc9fbb20000f7", "label": "D2 capture", "kind": "short", "opcode": "0x02", "frag_index": null, "checksum_ok": true, "declared_length": 18}
2026-09-27T21:11:34.457+00:00 RX a5120200000000fc460247fdc9fbb20000b7 D2 capture {"raw": "a5120200000000fc460247fdc9fbb20000b7", "label": "D2 capture", "kind": "short", "opcode": "0x02", "frag_index": null, "checksum_ok": true, "declared_length": 18}
2026-09-27T21:11:34.471+00:00 RX a5120200000000fc460247fdc9fbb20000b7 D2 capture {"raw": "a5120200000000fc460247fdc9fbb20000b7", "label": "D2 capture", "kind": "short", "opcode": "0x02", "frag_index": null, "checksum_ok": true, "declared_length": 18}
2026-09-27T21:11:34.486+00:00 RX a5120200000000fc460247fdc9fbb20000b7 D2 capture {"raw": "a5120200000000fc460247fdc9fbb20000b7", "label": "D2 capture", "kind": "short", "opcode": "0x02", "frag_index": null, "checksum_ok": true, "declared_length": 18}
2026-09-27T21:11:34.503+00:00 RX a5120200000000fc460247fdc9fbb20000b7 D2 capture {"raw": "a5120200000000fc460247fdc9fbb20000b7", "label": "D2 capture", "kind": "short", "opcode": "0x02", "frag_index": null, "checksum_ok": true, "declared_length": 18}
2026-09-27T21:11:34.516+00:00 RX a5120200000000fc460247fdc9fbb20000b7 D2 capture {"raw": "a5120200000000fc460247fdc9fbb20000b7", "label": "D2 capture", "kind": "short", "opcode": "0x02", "frag_index": null, "checksum_ok": true, "declared_length": 18}
2026-09-27T21:11:34.538+00:00 RX a5120200000000fc460247fdc9fbb20000b7 D2 capture {"raw": "a5120200000000fc460247fdc9fbb20000b7", "label": "D2 capture", "kind": "short", "opcode": "0x02", "frag_index": null, "checksum_ok": true, "declared_length": 18}
2026-09-27T21:11:34.563+00:00 RX a5120200000000fc460247fdc9fbb20000b7 D2 capture {"raw": "a5120200000000fc460247fdc9fbb20000b7", "label": "D2 capture", "kind": "short", "opcode": "0x02", "frag_index": null, "checksum_ok": true, "declared_length": 18}
2026-09-27T21:11:34.564+00:00 RX a5120200000000fc460247fdc9fbb20000b7 D2 capture {"raw": "a5120200000000fc460247fdc9fbb20000b7", "label": "D2 capture", "kind": "short", "opcode": "0x02", "frag_index": null, "checksum_ok": true, "declared_length": 18}
2026-09-27T21:11:34.585+00:00 RX a5120200000000fc460247fdc9fbb20000b7 D2 capture {"raw": "a5120200000000fc460247fdc9fbb20000b7", "label": "D2 capture", "kind": "short", "opcode": "0x02", "frag_index": null, "checksum_ok": true, "declared_length": 18}
2026-09-27T21:11:34.599+00:00 RX a5120200000000fc460247fdc9fbb20000b7 D2 capture {"raw": "a5120200000000fc460247fdc9fbb20000b7", "label": "D2 capture", "kind": "short", "opcode": "0x02", "frag_index": null, "checksum_ok": true, "declared_length": 18}
2026-09-27T21:11:34.614+00:00 RX a5120200000000fc460247fdc9fbb20000b7 D2 capture {"raw": "a5120200000000fc460247fdc9fbb20000b7", "label": "D2 capture", "kind": "short", "opcode": "0x02", "frag_index": null, "checksum_ok": true, "declared_length": 18}
2026-09-27T21:11:34.628+00:00 RX a5120200000000fc460247fdc9fbb20000b7 D2 capture {"raw": "a5120200000000fc460247fdc9fbb20000b7", "label": "D2 capture", "kind": "short", "opcode": "0x02", "frag_index": null, "checksum_ok": true, "declared_length": 18}
2026-09-27T21:11:34.652+00:00 RX a5120200000000fc460247fdc9fbb20000b7 D2 capture {"raw": "a5120200000000fc460247fdc9fbb20000b7", "label": "D2 capture", "kind": "short", "opcode": "0x02", "frag_index": null, "checksum_ok": true, "declared_length": 18}
2026-09-27T21:11:34.667+00:00 RX a5120200000000fc460247fdc9fbb20000b7 D2 capture {"raw": "a5120200000000fc460247fdc9fbb20000b7", "label": "D2 capture", "kind": "short", "opcode": "0x02", "frag_index": null, "checksum_ok": true, "declared_length": 18}
2026-09-27T21:11:34.682+00:00 RX a5120200000000fc460247fdc9fbb20000b7 D2 capture {"raw": "a5120200000000fc460247fdc9fbb20000b7", "label": "D2 capture", "kind": "short", "opcode": "0x02", "frag_index": null, "checksum_ok": true, "declared_length": 18}
2026-09-27T21:11:34.697+00:00 RX a5120200000000fc460247fdc9fbb20000b7 D2 capture {"raw": "a5120200000000fc460247fdc9fbb20000b7", "label": "D2 capture", "kind": "short", "opcode": "0x02", "frag_index": null, "checksum_ok": true, "declared_length": 18}
2026-09-27T21:11:34.711+00:00 RX a5120200000000fc460247fdc9fbb20000b7 D2 capture {"raw": "a5120200000000fc460247fdc9fbb20000b7", "label": "D2 capture", "kind": "short", "opcode": "0x02", "frag_index": null, "checksum_ok": true, "declared_length": 18}
2026-09-27T21:11:34.738+00:00 RX a5120200000000fc460247fdc9fbb20000b7 D2 capture {"raw": "a5120200000000fc460247fdc9fbb20000b7", "label": "D2 capture", "kind": "short", "opcode": "0x02", "frag_index": null, "checksum_ok": true, "declared_length": 18}
2026-09-27T21:11:34.738+00:00 RX a5120200000000fc460247fdc9fbb20000b7 D2 capture {"raw": "a5120200000000fc460247fdc9fbb20000b7", "label": "D2 capture", "kind": "short", "opcode": "0x02", "frag_index": null, "checksum_ok": true, "declared_length": 18}
2026-09-27T21:11:34.757+00:00 RX a5120200000000fc460247fdc9fbb20000b7 D2 capture {"raw": "a5120200000000fc460247fdc9fbb20000b7", "label": "D2 capture", "kind": "short", "opcode": "0x02", "frag_index": null, "checksum_ok": true, "declared_length": 18}
2026-09-27T21:11:34.773+00:00 RX a5120200000000fc460247fdc9fbb20000b7 D2 capture {"raw": "a5120200000000fc460247fdc9fbb20000b7", "label": "D2 capture", "kind": "short", "opcode": "0x02", "frag_index": null, "checksum_ok": true, "declared_length": 18}
2026-09-27T21:11:34.787+00:00 RX a5120200000000fc460247fdc9fbb20000b7 D2 capture {"raw": "a5120200000000fc460247fdc9fbb20000b7", "label": "D2 capture", "kind": "short", "opcode": "0x02", "frag_index": null, "checksum_ok": true, "declared_length": 18}
2026-09-27T21:11:34.801+00:00 RX a5120200000000fc460247fdc9fbb20000b7 D2 capture {"raw": "a5120200000000fc460247fdc9fbb20000b7", "label": "D2 capture", "kind": "short", "opcode": "0x02", "frag_index": null, "checksum_ok": true, "declared_length": 18}
2026-09-27T21:11:34.817+00:00 RX a5120200000000fc460247fdc9fbb20000b7 D2 capture {"raw": "a5120200000000fc460247fdc9fbb20000b7", "label": "D2 capture", "kind": "short", "opcode": "0x02", "frag_index": null, "checksum_ok": true, "declared_length": 18}
2026-09-27T21:11:34.831+00:00 RX a5120200000000fc460247fdc9fbb20000b7 D2 capture {"raw": "a5120200000000fc460247fdc9fbb20000b7", "label": "D2 capture", "kind": "short", "opcode": "0x02", "frag_index": null, "checksum_ok": true, "declared_length": 18}
2026-09-27T21:11:34.846+00:00 RX a5120200000000fc460247fdc9fbb20000b7 D2 capture {"raw": "a5120200000000fc460247fdc9fbb20000b7", "label": "D2 capture", "kind": "short", "opcode": "0x02", "frag_index": null, "checksum_ok": true, "declared_length": 18}
2026-09-27T21:11:34.861+00:00 RX a5120200000000fc460247fdc9fbb20000b7 D2 capture {"raw": "a5120200000000fc460247fdc9fbb20000b7", "label": "D2 capture", "kind": "short", "opcode": "0x02", "frag_index": null, "checksum_ok": true, "declared_length": 18}
2026-09-27T21:11:34.879+00:00 RX a5120200000000fc460247fdc9fbb20000b7 D2 capture {"raw": "a5120200000000fc460247fdc9fbb20000b7", "label": "D2 capture", "kind": "short", "opcode": "0x02", "frag_index": null, "checksum_ok": true, "declared_length": 18}
2026-09-27T21:11:34.892+00:00 RX a5120200000000fc460247fdc9fbb20000b7 D2 capture {"raw": "a5120200000000fc460247fdc9fbb20000b7", "label": "D2 capture", "kind": "short", "opcode": "0x02", "frag_index": null, "checksum_ok": true, "declared_length": 18}
2026-09-27T21:11:34.906+00:00 RX a5120200000000fc460247fdc9fbb20000b7 D2 capture {"raw": "a5120200000000fc460247fdc9fbb20000b7", "label": "D2 capture", "kind": "short", "opcode": "0x02", "frag_index": null, "checksum_ok": true, "declared_length": 18}
2026-09-27T21:11:34.923+00:00 RX a5120200000000fc460247fdc9fbb20000b7 D2 capture {"raw": "a5120200000000fc460247fdc9fbb20000b7", "label": "D2 capture", "kind": "short", "opcode": "0x02", "frag_index": null, "checksum_ok": true, "declared_length": 18}
2026-09-27T21:11:34.936+00:00 RX a5120200000000fc460247fdc9fbb20000b7 D2 capture {"raw": "a5120200000000fc460247fdc9fbb20000b7", "label": "D2 capture", "kind": "short", "opcode": "0x02", "frag_index": null, "checksum_ok": true, "declared_length": 18}
2026-09-27T21:11:34.953+00:00 RX a5120200000000fc460247fdc9fbb20000b7 D2 capture {"raw": "a5120200000000fc460247fdc9fbb20000b7", "label": "D2 capture", "kind": "short", "opcode": "0x02", "frag_index": null, "checksum_ok": true, "declared_length": 18}
2026-09-27T21:11:34.968+00:00 RX a5120200000000fc460247fdc9fbb20000b7 D2 capture {"raw": "a5120200000000fc460247fdc9fbb20000b7", "label": "D2 capture", "kind": "short", "opcode": "0x02", "frag_index": null, "checksum_ok": true, "declared_length": 18}
2026-09-27T21:11:34.983+00:00 RX a5120200000000fc460247fdc9fbb20000b7 D2 capture {"raw": "a5120200000000fc460247fdc9fbb20000b7", "label": "D2 capture", "kind": "short", "opcode": "0x02", "frag_index": null, "checksum_ok": true, "declared_length": 18}
2026-09-27T21:11:34.997+00:00 RX a5120200000000fc460247fdc9fbb20000b7 D2 capture {"raw": "a5120200000000fc460247fdc9fbb20000b7", "label": "D2 capture", "kind": "short", "opcode": "0x02", "frag_index": null, "checksum_ok": true, "declared_length": 18}
2026-09-27T21:11:35.019+00:00 RX a5120200000000fc460247fdc9fbb20000b7 D2 capture {"raw": "a5120200000000fc460247fdc9fbb20000b7", "label": "D2 capture", "kind": "short", "opcode": "0x02", "frag_index": null, "checksum_ok": true, "declared_length": 18}
2026-09-27T21:11:35.033+00:00 RX a5120200000000fc460247fdc9fbb20000b7 D2 capture {"raw": "a5120200000000fc460247fdc9fbb20000b7", "label": "D2 capture", "kind": "short", "opcode": "0x02", "frag_index": null, "checksum_ok": true, "declared_length": 18}
2026-09-27T21:11:35.048+00:00 RX a5120200000000fc460247fdc9fbb20000b7 D2 capture {"raw": "a5120200000000fc460247fdc9fbb20000b7", "label": "D2 capture", "kind": "short", "opcode": "0x02", "frag_index": null, "checksum_ok": true, "declared_length": 18}
2026-09-27T21:11:35.064+00:00 RX a5120200000000fc460247fdc9fbb20000b7 D2 capture {"raw": "a5120200000000fc460247fdc9fbb20000b7", "label": "D2 capture", "kind": "short", "opcode": "0x02", "frag_index": null, "checksum_ok": true, "declared_length": 18}
2026-09-27T21:11:35.079+00:00 RX a5120200000000fc460247fdc9fbb20000b7 D2 capture {"raw": "a5120200000000fc460247fdc9fbb20000b7", "label": "D2 capture", "kind": "short", "opcode": "0x02", "frag_index": null, "checksum_ok": true, "declared_length": 18}
2026-09-27T21:11:35.093+00:00 RX a5120200000000fc460247fdc9fbb20000b7 D2 capture {"raw": "a5120200000000fc460247fdc9fbb20000b7", "label": "D2 capture", "kind": "short", "opcode": "0x02", "frag_index": null, "checksum_ok": true, "declared_length": 18}
2026-09-27T21:11:35.108+00:00 RX a5120200000000fc460247fdc9fbb20000b7 D2 capture {"raw": "a5120200000000fc460247fdc9fbb20000b7", "label": "D2 capture", "kind": "short", "opcode": "0x02", "frag_index": null, "checksum_ok": true, "declared_length": 18}
2026-09-27T21:11:35.132+00:00 RX a5120200000000fc460247fdc9fbb20000b7 D2 capture {"raw": "a5120200000000fc460247fdc9fbb20000b7", "label": "D2 capture", "kind": "short", "opcode": "0x02", "frag_index": null, "checksum_ok": true, "declared_length": 18}
2026-09-27T21:11:35.147+00:00 RX a5120200000000fc460247fdc9fbb20000b7 D2 capture {"raw": "a5120200000000fc460247fdc9fbb20000b7", "label": "D2 capture", "kind": "short", "opcode": "0x02", "frag_index": null, "checksum_ok": true, "declared_length": 18}
2026-09-27T21:11:35.161+00:00 RX a5120200000000fc460247fdc9fbb20000b7 D2 capture {"raw": "a5120200000000fc460247fdc9fbb20000b7", "label": "D2 capture", "kind": "short", "opcode": "0x02", "frag_index": null, "checksum_ok": true, "declared_length": 18}
2026-09-27T21:11:35.176+00:00 RX a5120200000000fc460247fdc9fbb20000b7 D2 capture {"raw": "a5120200000000fc460247fdc9fbb20000b7", "label": "D2 capture", "kind": "short", "opcode": "0x02", "frag_index": null, "checksum_ok": true, "declared_length": 18}
2026-09-27T21:11:35.193+00:00 RX a5120200000000fc460247fdc9fbb20000b7 D2 capture {"raw": "a5120200000000fc460247fdc9fbb20000b7", "label": "D2 capture", "kind": "short", "opcode": "0x02", "frag_index": null, "checksum_ok": true, "declared_length": 18}
2026-09-27T21:11:35.208+00:00 RX a5120200000000fc460247fdc9fbb20000b7 D2 capture {"raw": "a5120200000000fc460247fdc9fbb20000b7", "label": "D2 capture", "kind": "short", "opcode": "0x02", "frag_index": null, "checksum_ok": true, "declared_length": 18}
2026-09-27T21:11:35.223+00:00 RX a5120200000000fc460247fdc9fbb20000b7 D2 capture {"raw": "a5120200000000fc460247fdc9fbb20000b7", "label": "D2 capture", "kind": "short", "opcode": "0x02", "frag_index": null, "checksum_ok": true, "declared_length": 18}
2026-09-27T21:11:35.237+00:00 RX a5120200000000fc460247fdc9fbb20000b7 D2 capture {"raw": "a5120200000000fc460247fdc9fbb20000b7", "label": "D2 capture", "kind": "short", "opcode": "0x02", "frag_index": null, "checksum_ok": true, "declared_length": 18}
2026-09-27T21:11:35.259+00:00 RX a5120200000000fc460247fdc9fbb20000b7 D2 capture {"raw": "a5120200000000fc460247fdc9fbb20000b7", "label": "D2 capture", "kind": "short", "opcode": "0x02", "frag_index": null, "checksum_ok": true, "declared_length": 18}
2026-09-27T21:11:35.275+00:00 RX a5120200000000fc460247fdc9fbb20000b7 D2 capture {"raw": "a5120200000000fc460247fdc9fbb20000b7", "label": "D2 capture", "kind": "short", "opcode": "0x02", "frag_index": null, "checksum_ok": true, "declared_length": 18}
2026-09-27T21:11:35.289+00:00 RX a5120200000080fc460247fdc9fbb2000037 D2 capture {"raw": "a5120200000080fc460247fdc9fbb2000037", "label": "D2 capture", "kind": "short", "opcode": "0x02", "frag_index": null, "checksum_ok": true, "declared_length": 18}
2026-09-27T21:11:35.304+00:00 RX a5120200000080fc460247fdc9fbb2000037 D2 capture {"raw": "a5120200000080fc460247fdc9fbb2000037", "label": "D2 capture", "kind": "short", "opcode": "0x02", "frag_index": null, "checksum_ok": true, "declared_length": 18}
2026-09-27T21:11:35.320+00:00 RX a5120200000080fc460247fdc9fbb2000037 D2 capture {"raw": "a5120200000080fc460247fdc9fbb2000037", "label": "D2 capture", "kind": "short", "opcode": "0x02", "frag_index": null, "checksum_ok": true, "declared_length": 18}
2026-09-27T21:11:35.334+00:00 RX a5120200000080fc460247fdc9fbb2000037 D2 capture {"raw": "a5120200000080fc460247fdc9fbb2000037", "label": "D2 capture", "kind": "short", "opcode": "0x02", "frag_index": null, "checksum_ok": true, "declared_length": 18}
2026-09-27T21:11:35.348+00:00 RX a5120200000080fc460247fdc9fbb2000037 D2 capture {"raw": "a5120200000080fc460247fdc9fbb2000037", "label": "D2 capture", "kind": "short", "opcode": "0x02", "frag_index": null, "checksum_ok": true, "declared_length": 18}
2026-09-27T21:11:35.372+00:00 RX a5120200000080fc460247fdc9fbb2000037 D2 capture {"raw": "a5120200000080fc460247fdc9fbb2000037", "label": "D2 capture", "kind": "short", "opcode": "0x02", "frag_index": null, "checksum_ok": true, "declared_length": 18}
2026-09-27T21:11:35.387+00:00 RX a5120200000080fc460247fdc9fbb2000037 D2 capture {"raw": "a5120200000080fc460247fdc9fbb2000037", "label": "D2 capture", "kind": "short", "opcode": "0x02", "frag_index": null, "checksum_ok": true, "declared_length": 18}
2026-09-27T21:11:35.401+00:00 RX a5120200000080fc460247fdc9fbb2000037 D2 capture {"raw": "a5120200000080fc460247fdc9fbb2000037", "label": "D2 capture", "kind": "short", "opcode": "0x02", "frag_index": null, "checksum_ok": true, "declared_length": 18}
2026-09-27T21:11:35.417+00:00 RX a5120200000080fc460247fdc9fbb2000037 D2 capture {"raw": "a5120200000080fc460247fdc9fbb2000037", "label": "D2 capture", "kind": "short", "opcode": "0x02", "frag_index": null, "checksum_ok": true, "declared_length": 18}
2026-09-27T21:11:35.431+00:00 RX a5120200000080fc460247fdc9fbb2000037 D2 capture {"raw": "a5120200000080fc460247fdc9fbb2000037", "label": "D2 capture", "kind": "short", "opcode": "0x02", "frag_index": null, "checksum_ok": true, "declared_length": 18}
2026-09-27T21:11:35.461+00:00 RX a5120200000080fc460247fdc9fbb2000037 D2 capture {"raw": "a5120200000080fc460247fdc9fbb2000037", "label": "D2 capture", "kind": "short", "opcode": "0x02", "frag_index": null, "checksum_ok": true, "declared_length": 18}
2026-09-27T21:11:35.462+00:00 RX a5120200000080fc460247fdc9fbb2000037 D2 capture {"raw": "a5120200000080fc460247fdc9fbb2000037", "label": "D2 capture", "kind": "short", "opcode": "0x02", "frag_index": null, "checksum_ok": true, "declared_length": 18}
2026-09-27T21:11:35.476+00:00 RX a5120200000080fc460247fdc9fbb2000037 D2 capture {"raw": "a5120200000080fc460247fdc9fbb2000037", "label": "D2 capture", "kind": "short", "opcode": "0x02", "frag_index": null, "checksum_ok": true, "declared_length": 18}
2026-09-27T21:11:35.498+00:00 RX a5120200000080fc460247fdc9fbb2000037 D2 capture {"raw": "a5120200000080fc460247fdc9fbb2000037", "label": "D2 capture", "kind": "short", "opcode": "0x02", "frag_index": null, "checksum_ok": true, "declared_length": 18}
2026-09-27T21:11:35.513+00:00 RX a5120200000080fc460247fdc9fbb2000037 D2 capture {"raw": "a5120200000080fc460247fdc9fbb2000037", "label": "D2 capture", "kind": "short", "opcode": "0x02", "frag_index": null, "checksum_ok": true, "declared_length": 18}
2026-09-27T21:11:35.529+00:00 RX a5120200000080fc460247fdc9fbb2000037 D2 capture {"raw": "a5120200000080fc460247fdc9fbb2000037", "label": "D2 capture", "kind": "short", "opcode": "0x02", "frag_index": null, "checksum_ok": true, "declared_length": 18}
2026-09-27T21:11:35.544+00:00 RX a5120200000080fc460247fdc9fbb2000037 D2 capture {"raw": "a5120200000080fc460247fdc9fbb2000037", "label": "D2 capture", "kind": "short", "opcode": "0x02", "frag_index": null, "checksum_ok": true, "declared_length": 18}
2026-09-27T21:11:35.559+00:00 RX a5120200000000fc460247fdc9fbb20000b7 D2 capture {"raw": "a5120200000000fc460247fdc9fbb20000b7", "label": "D2 capture", "kind": "short", "opcode": "0x02", "frag_index": null, "checksum_ok": true, "declared_length": 18}
2026-09-27T21:11:35.574+00:00 RX a5120200000000fc460247fdc9fbb20000b7 D2 capture {"raw": "a5120200000000fc460247fdc9fbb20000b7", "label": "D2 capture", "kind": "short", "opcode": "0x02", "frag_index": null, "checksum_ok": true, "declared_length": 18}
2026-09-27T21:11:35.589+00:00 RX a5120200000000fc460247fdc9fbb20000b7 D2 capture {"raw": "a5120200000000fc460247fdc9fbb20000b7", "label": "D2 capture", "kind": "short", "opcode": "0x02", "frag_index": null, "checksum_ok": true, "declared_length": 18}
2026-09-27T21:11:35.612+00:00 RX a5120200000000fc460247fdc9fbb20000b7 D2 capture {"raw": "a5120200000000fc460247fdc9fbb20000b7", "label": "D2 capture", "kind": "short", "opcode": "0x02", "frag_index": null, "checksum_ok": true, "declared_length": 18}
2026-09-27T21:11:35.627+00:00 RX a5120200000000fc460247fdc9fbb20000b7 D2 capture {"raw": "a5120200000000fc460247fdc9fbb20000b7", "label": "D2 capture", "kind": "short", "opcode": "0x02", "frag_index": null, "checksum_ok": true, "declared_length": 18}
2026-09-27T21:11:35.642+00:00 RX a5120200000000fc460247fdc9fbb20000b7 D2 capture {"raw": "a5120200000000fc460247fdc9fbb20000b7", "label": "D2 capture", "kind": "short", "opcode": "0x02", "frag_index": null, "checksum_ok": true, "declared_length": 18}
2026-09-27T21:11:35.657+00:00 RX a5120200000000fc460247fdc9fbb20000b7 D2 capture {"raw": "a5120200000000fc460247fdc9fbb20000b7", "label": "D2 capture", "kind": "short", "opcode": "0x02", "frag_index": null, "checksum_ok": true, "declared_length": 18}
2026-09-27T21:11:35.673+00:00 RX a5120200000000fc460247fdc9fbb20000b7 D2 capture {"raw": "a5120200000000fc460247fdc9fbb20000b7", "label": "D2 capture", "kind": "short", "opcode": "0x02", "frag_index": null, "checksum_ok": true, "declared_length": 18}
2026-09-27T21:11:35.687+00:00 RX a5120200000000fc460247fdc9fbb20000b7 D2 capture {"raw": "a5120200000000fc460247fdc9fbb20000b7", "label": "D2 capture", "kind": "short", "opcode": "0x02", "frag_index": null, "checksum_ok": true, "declared_length": 18}
2026-09-27T21:11:35.701+00:00 RX a5120200000000fc460247fdc9fbb20000b7 D2 capture {"raw": "a5120200000000fc460247fdc9fbb20000b7", "label": "D2 capture", "kind": "short", "opcode": "0x02", "frag_index": null, "checksum_ok": true, "declared_length": 18}
2026-09-27T21:11:35.717+00:00 RX a5120200000000fc460247fdc9fbb20000b7 D2 capture {"raw": "a5120200000000fc460247fdc9fbb20000b7", "label": "D2 capture", "kind": "short", "opcode": "0x02", "frag_index": null, "checksum_ok": true, "declared_length": 18}
2026-09-27T21:11:35.740+00:00 RX a5120200000000fc460247fdc9fbb20000b7 D2 capture {"raw": "a5120200000000fc460247fdc9fbb20000b7", "label": "D2 capture", "kind": "short", "opcode": "0x02", "frag_index": null, "checksum_ok": true, "declared_length": 18}
2026-09-27T21:11:35.753+00:00 RX a5120200000000fc460247fdc9fbb20000b7 D2 capture {"raw": "a5120200000000fc460247fdc9fbb20000b7", "label": "D2 capture", "kind": "short", "opcode": "0x02", "frag_index": null, "checksum_ok": true, "declared_length": 18}
2026-09-27T21:11:35.770+00:00 RX a5120200000000fc460247fdc9fbb20000b7 D2 capture {"raw": "a5120200000000fc460247fdc9fbb20000b7", "label": "D2 capture", "kind": "short", "opcode": "0x02", "frag_index": null, "checksum_ok": true, "declared_length": 18}
2026-09-27T21:11:35.783+00:00 RX a5120200000000fc460247fdc9fbb20000b7 D2 capture {"raw": "a5120200000000fc460247fdc9fbb20000b7", "label": "D2 capture", "kind": "short", "opcode": "0x02", "frag_index": null, "checksum_ok": true, "declared_length": 18}
2026-09-27T21:11:35.800+00:00 RX a5120200000000fc460247fdc9fbb20000b7 D2 capture {"raw": "a5120200000000fc460247fdc9fbb20000b7", "label": "D2 capture", "kind": "short", "opcode": "0x02", "frag_index": null, "checksum_ok": true, "declared_length": 18}
2026-09-27T21:11:35.814+00:00 RX a5120200000000fc460247fdc9fbb20000b7 D2 capture {"raw": "a5120200000000fc460247fdc9fbb20000b7", "label": "D2 capture", "kind": "short", "opcode": "0x02", "frag_index": null, "checksum_ok": true, "declared_length": 18}
2026-09-27T21:11:35.830+00:00 RX a5120200000000fc460247fdc9fbb20000b7 D2 capture {"raw": "a5120200000000fc460247fdc9fbb20000b7", "label": "D2 capture", "kind": "short", "opcode": "0x02", "frag_index": null, "checksum_ok": true, "declared_length": 18}
2026-09-27T21:11:35.853+00:00 RX a5120200000000fc460247fdc9fbb20000b7 D2 capture {"raw": "a5120200000000fc460247fdc9fbb20000b7", "label": "D2 capture", "kind": "short", "opcode": "0x02", "frag_index": null, "checksum_ok": true, "declared_length": 18}
2026-09-27T21:11:35.868+00:00 RX a5120200000000fc460247fdc9fbb20000b7 D2 capture {"raw": "a5120200000000fc460247fdc9fbb20000b7", "label": "D2 capture", "kind": "short", "opcode": "0x02", "frag_index": null, "checksum_ok": true, "declared_length": 18}
2026-09-27T21:11:35.882+00:00 RX a5120200000000fc460247fdc9fbb20000b7 D2 capture {"raw": "a5120200000000fc460247fdc9fbb20000b7", "label": "D2 capture", "kind": "short", "opcode": "0x02", "frag_index": null, "checksum_ok": true, "declared_length": 18}
2026-09-27T21:11:35.897+00:00 RX a5120200000000fc460247fdc9fbb20000b7 D2 capture {"raw": "a5120200000000fc460247fdc9fbb20000b7", "label": "D2 capture", "kind": "short", "opcode": "0x02", "frag_index": null, "checksum_ok": true, "declared_length": 18}
2026-09-27T21:11:35.912+00:00 RX a5120200000000fc460247fdc9fbb20000b7 D2 capture {"raw": "a5120200000000fc460247fdc9fbb20000b7", "label": "D2 capture", "kind": "short", "opcode": "0x02", "frag_index": null, "checksum_ok": true, "declared_length": 18}
2026-09-27T21:11:35.928+00:00 RX a5120200000000fc460247fdc9fbb20000b7 D2 capture {"raw": "a5120200000000fc460247fdc9fbb20000b7", "label": "D2 capture", "kind": "short", "opcode": "0x02", "frag_index": null, "checksum_ok": true, "declared_length": 18}
2026-09-27T21:11:35.943+00:00 RX a5120200000000fc460247fdc9fbb20000b7 D2 capture {"raw": "a5120200000000fc460247fdc9fbb20000b7", "label": "D2 capture", "kind": "short", "opcode": "0x02", "frag_index": null, "checksum_ok": true, "declared_length": 18}
2026-09-27T21:11:35.956+00:00 RX a5120200000000fc460247fdc9fbb20000b7 D2 capture {"raw": "a5120200000000fc460247fdc9fbb20000b7", "label": "D2 capture", "kind": "short", "opcode": "0x02", "frag_index": null, "checksum_ok": true, "declared_length": 18}
2026-09-27T21:11:35.972+00:00 RX a5120200000000fc460247fdc9fbb20000b7 D2 capture {"raw": "a5120200000000fc460247fdc9fbb20000b7", "label": "D2 capture", "kind": "short", "opcode": "0x02", "frag_index": null, "checksum_ok": true, "declared_length": 18}
2026-09-27T21:11:35.987+00:00 RX a5120200000000fc460247fdc9fbb20000b7 D2 capture {"raw": "a5120200000000fc460247fdc9fbb20000b7", "label": "D2 capture", "kind": "short", "opcode": "0x02", "frag_index": null, "checksum_ok": true, "declared_length": 18}
2026-09-27T21:11:36.016+00:00 RX a5120200000000fc460247fdc9fbb20000b7 D2 capture {"raw": "a5120200000000fc460247fdc9fbb20000b7", "label": "D2 capture", "kind": "short", "opcode": "0x02", "frag_index": null, "checksum_ok": true, "declared_length": 18}
2026-09-27T21:11:36.017+00:00 RX a5120200000000fc460247fdc9fbb20000b7 D2 capture {"raw": "a5120200000000fc460247fdc9fbb20000b7", "label": "D2 capture", "kind": "short", "opcode": "0x02", "frag_index": null, "checksum_ok": true, "declared_length": 18}
2026-09-27T21:11:36.038+00:00 RX a5120200000000fc460247fdc9fbb20000b7 D2 capture {"raw": "a5120200000000fc460247fdc9fbb20000b7", "label": "D2 capture", "kind": "short", "opcode": "0x02", "frag_index": null, "checksum_ok": true, "declared_length": 18}
2026-09-27T21:11:36.054+00:00 RX a5120200000000fc460247fdc9fbb20000b7 D2 capture {"raw": "a5120200000000fc460247fdc9fbb20000b7", "label": "D2 capture", "kind": "short", "opcode": "0x02", "frag_index": null, "checksum_ok": true, "declared_length": 18}
2026-09-27T21:11:36.068+00:00 RX a5120200000000fc460247fdc9fbb20000b7 D2 capture {"raw": "a5120200000000fc460247fdc9fbb20000b7", "label": "D2 capture", "kind": "short", "opcode": "0x02", "frag_index": null, "checksum_ok": true, "declared_length": 18}
2026-09-27T21:11:36.099+00:00 RX a5120200000000fc460247fdc9fbb20000b7 D2 capture {"raw": "a5120200000000fc460247fdc9fbb20000b7", "label": "D2 capture", "kind": "short", "opcode": "0x02", "frag_index": null, "checksum_ok": true, "declared_length": 18}
2026-09-27T21:11:36.100+00:00 RX a5120200000000fc460247fdc9fbb20000b7 D2 capture {"raw": "a5120200000000fc460247fdc9fbb20000b7", "label": "D2 capture", "kind": "short", "opcode": "0x02", "frag_index": null, "checksum_ok": true, "declared_length": 18}
2026-09-27T21:11:36.114+00:00 RX a5120200000000fc460247fdc9fbb20000b7 D2 capture {"raw": "a5120200000000fc460247fdc9fbb20000b7", "label": "D2 capture", "kind": "short", "opcode": "0x02", "frag_index": null, "checksum_ok": true, "declared_length": 18}
2026-09-27T21:11:36.130+00:00 RX a5120200000000fc460247fdc9fbb20000b7 D2 capture {"raw": "a5120200000000fc460247fdc9fbb20000b7", "label": "D2 capture", "kind": "short", "opcode": "0x02", "frag_index": null, "checksum_ok": true, "declared_length": 18}
2026-09-27T21:11:36.144+00:00 RX a5120200000000fc460247fdc9fbb20000b7 D2 capture {"raw": "a5120200000000fc460247fdc9fbb20000b7", "label": "D2 capture", "kind": "short", "opcode": "0x02", "frag_index": null, "checksum_ok": true, "declared_length": 18}
2026-09-27T21:11:36.174+00:00 RX a5120200000000fc460247fdc9fbb20000b7 D2 capture {"raw": "a5120200000000fc460247fdc9fbb20000b7", "label": "D2 capture", "kind": "short", "opcode": "0x02", "frag_index": null, "checksum_ok": true, "declared_length": 18}
2026-09-27T21:11:36.175+00:00 RX a5120200000000fc460247fdc9fbb20000b7 D2 capture {"raw": "a5120200000000fc460247fdc9fbb20000b7", "label": "D2 capture", "kind": "short", "opcode": "0x02", "frag_index": null, "checksum_ok": true, "declared_length": 18}
2026-09-27T21:11:36.197+00:00 RX a5120200000000fc460247fdc9fbb20000b7 D2 capture {"raw": "a5120200000000fc460247fdc9fbb20000b7", "label": "D2 capture", "kind": "short", "opcode": "0x02", "frag_index": null, "checksum_ok": true, "declared_length": 18}
2026-09-27T21:11:36.212+00:00 RX a5120200000000fc460247fdc9fbb20000b7 D2 capture {"raw": "a5120200000000fc460247fdc9fbb20000b7", "label": "D2 capture", "kind": "short", "opcode": "0x02", "frag_index": null, "checksum_ok": true, "declared_length": 18}
2026-09-27T21:11:36.228+00:00 RX a5120200000000fc460247fdc9fbb20000b7 D2 capture {"raw": "a5120200000000fc460247fdc9fbb20000b7", "label": "D2 capture", "kind": "short", "opcode": "0x02", "frag_index": null, "checksum_ok": true, "declared_length": 18}
2026-09-27T21:11:36.243+00:00 RX a5120200000000fc460247fdc9fbb20000b7 D2 capture {"raw": "a5120200000000fc460247fdc9fbb20000b7", "label": "D2 capture", "kind": "short", "opcode": "0x02", "frag_index": null, "checksum_ok": true, "declared_length": 18}
2026-09-27T21:11:36.256+00:00 RX a5120200000000fc460247fdc9fbb20000b7 D2 capture {"raw": "a5120200000000fc460247fdc9fbb20000b7", "label": "D2 capture", "kind": "short", "opcode": "0x02", "frag_index": null, "checksum_ok": true, "declared_length": 18}
2026-09-27T21:11:36.278+00:00 RX a5120200000000fc460247fdc9fbb20000b7 D2 capture {"raw": "a5120200000000fc460247fdc9fbb20000b7", "label": "D2 capture", "kind": "short", "opcode": "0x02", "frag_index": null, "checksum_ok": true, "declared_length": 18}
2026-09-27T21:11:36.295+00:00 RX a5120200000000fc460247fdc9fbb20000b7 D2 capture {"raw": "a5120200000000fc460247fdc9fbb20000b7", "label": "D2 capture", "kind": "short", "opcode": "0x02", "frag_index": null, "checksum_ok": true, "declared_length": 18}
2026-09-27T21:11:36.310+00:00 RX a5120200000000fc460247fdc9fbb20000b7 D2 capture {"raw": "a5120200000000fc460247fdc9fbb20000b7", "label": "D2 capture", "kind": "short", "opcode": "0x02", "frag_index": null, "checksum_ok": true, "declared_length": 18}
2026-09-27T21:11:36.324+00:00 RX a5120200000000fc460247fdc9fbb20000b7 D2 capture {"raw": "a5120200000000fc460247fdc9fbb20000b7", "label": "D2 capture", "kind": "short", "opcode": "0x02", "frag_index": null, "checksum_ok": true, "declared_length": 18}
2026-09-27T21:11:36.348+00:00 RX a5120200000000fc460247fdc9fbb20000b7 D2 capture {"raw": "a5120200000000fc460247fdc9fbb20000b7", "label": "D2 capture", "kind": "short", "opcode": "0x02", "frag_index": null, "checksum_ok": true, "declared_length": 18}
2026-09-27T21:11:36.348+00:00 RX a5120200000000fc460247fdc9fbb20000b7 D2 capture {"raw": "a5120200000000fc460247fdc9fbb20000b7", "label": "D2 capture", "kind": "short", "opcode": "0x02", "frag_index": null, "checksum_ok": true, "declared_length": 18}
2026-09-27T21:11:36.376+00:00 RX a5120200000000fc460247fdc9fbb20000b7 D2 capture {"raw": "a5120200000000fc460247fdc9fbb20000b7", "label": "D2 capture", "kind": "short", "opcode": "0x02", "frag_index": null, "checksum_ok": true, "declared_length": 18}
2026-09-27T21:11:36.391+00:00 RX a5120200000000fc460247fdc9fbb20000b7 D2 capture {"raw": "a5120200000000fc460247fdc9fbb20000b7", "label": "D2 capture", "kind": "short", "opcode": "0x02", "frag_index": null, "checksum_ok": true, "declared_length": 18}
2026-09-27T21:11:36.407+00:00 RX a5120200000000fc460247fdc9fbb20000b7 D2 capture {"raw": "a5120200000000fc460247fdc9fbb20000b7", "label": "D2 capture", "kind": "short", "opcode": "0x02", "frag_index": null, "checksum_ok": true, "declared_length": 18}
2026-09-27T21:11:36.423+00:00 RX a5120200000000fc460247fdc9fbb20000b7 D2 capture {"raw": "a5120200000000fc460247fdc9fbb20000b7", "label": "D2 capture", "kind": "short", "opcode": "0x02", "frag_index": null, "checksum_ok": true, "declared_length": 18}
2026-09-27T21:11:36.438+00:00 RX a5120200000000fc460247fdc9fbb20000b7 D2 capture {"raw": "a5120200000000fc460247fdc9fbb20000b7", "label": "D2 capture", "kind": "short", "opcode": "0x02", "frag_index": null, "checksum_ok": true, "declared_length": 18}
2026-09-27T21:11:36.460+00:00 RX a5120200000000fc460247fdc9fbb20000b7 D2 capture {"raw": "a5120200000000fc460247fdc9fbb20000b7", "label": "D2 capture", "kind": "short", "opcode": "0x02", "frag_index": null, "checksum_ok": true, "declared_length": 18}
2026-09-27T21:11:36.474+00:00 RX a5120200000000fc460247fdc9fbb20000b7 D2 capture {"raw": "a5120200000000fc460247fdc9fbb20000b7", "label": "D2 capture", "kind": "short", "opcode": "0x02", "frag_index": null, "checksum_ok": true, "declared_length": 18}
2026-09-27T21:11:36.490+00:00 RX a5120200000000fc460247fdc9fbb20000b7 D2 capture {"raw": "a5120200000000fc460247fdc9fbb20000b7", "label": "D2 capture", "kind": "short", "opcode": "0x02", "frag_index": null, "checksum_ok": true, "declared_length": 18}
2026-09-27T21:11:36.504+00:00 RX a5120200000000fc460247fdc9fbb20000b7 D2 capture {"raw": "a5120200000000fc460247fdc9fbb20000b7", "label": "D2 capture", "kind": "short", "opcode": "0x02", "frag_index": null, "checksum_ok": true, "declared_length": 18}
2026-09-27T21:11:36.519+00:00 RX a5120200000000fc460247fdc9fbb20000b7 D2 capture {"raw": "a5120200000000fc460247fdc9fbb20000b7", "label": "D2 capture", "kind": "short", "opcode": "0x02", "frag_index": null, "checksum_ok": true, "declared_length": 18}
2026-09-27T21:11:36.535+00:00 RX a5120200000000fc460247fdc9fbb20000b7 D2 capture {"raw": "a5120200000000fc460247fdc9fbb20000b7", "label": "D2 capture", "kind": "short", "opcode": "0x02", "frag_index": null, "checksum_ok": true, "declared_length": 18}
2026-09-27T21:11:36.550+00:00 RX a5120200000000fc460247fdc9fbb20000b7 D2 capture {"raw": "a5120200000000fc460247fdc9fbb20000b7", "label": "D2 capture", "kind": "short", "opcode": "0x02", "frag_index": null, "checksum_ok": true, "declared_length": 18}
2026-09-27T21:11:36.573+00:00 RX a5120200000100fc460247fdc9fbb283003b D2 capture {"raw": "a5120200000100fc460247fdc9fbb283003b", "label": "D2 capture", "kind": "short", "opcode": "0x02", "frag_index": null, "checksum_ok": true, "declared_length": 18}
2026-09-27T21:11:36.587+00:00 RX a5120200000100fc460247fdc9fbb2ff00b7 D2 capture {"raw": "a5120200000100fc460247fdc9fbb2ff00b7", "label": "D2 capture", "kind": "short", "opcode": "0x02", "frag_index": null, "checksum_ok": true, "declared_length": 18}
2026-09-27T21:11:36.601+00:00 RX a5120200000100fc460247fdc9fbb2ff00b7 D2 capture {"raw": "a5120200000100fc460247fdc9fbb2ff00b7", "label": "D2 capture", "kind": "short", "opcode": "0x02", "frag_index": null, "checksum_ok": true, "declared_length": 18}
2026-09-27T21:11:36.616+00:00 RX a5120200000100fc460247fdc9fbb2ff00b7 D2 capture {"raw": "a5120200000100fc460247fdc9fbb2ff00b7", "label": "D2 capture", "kind": "short", "opcode": "0x02", "frag_index": null, "checksum_ok": true, "declared_length": 18}
2026-09-27T21:11:36.631+00:00 RX a5120200000100fc460247fdc9fbb2ff00b7 D2 capture {"raw": "a5120200000100fc460247fdc9fbb2ff00b7", "label": "D2 capture", "kind": "short", "opcode": "0x02", "frag_index": null, "checksum_ok": true, "declared_length": 18}
2026-09-27T21:11:36.646+00:00 RX a5120200000100fc460247fdc9fbb2ff00b7 D2 capture {"raw": "a5120200000100fc460247fdc9fbb2ff00b7", "label": "D2 capture", "kind": "short", "opcode": "0x02", "frag_index": null, "checksum_ok": true, "declared_length": 18}
2026-09-27T21:11:36.661+00:00 RX a5120200000100fc460247fdc9fbb2ff00b7 D2 capture {"raw": "a5120200000100fc460247fdc9fbb2ff00b7", "label": "D2 capture", "kind": "short", "opcode": "0x02", "frag_index": null, "checksum_ok": true, "declared_length": 18}
2026-09-27T21:11:36.676+00:00 RX a5120200000100fc460247fdc9fbb2ff00b7 D2 capture {"raw": "a5120200000100fc460247fdc9fbb2ff00b7", "label": "D2 capture", "kind": "short", "opcode": "0x02", "frag_index": null, "checksum_ok": true, "declared_length": 18}
2026-09-27T21:11:36.694+00:00 RX a5120200000100fc460247fdc9fbb2ff00b7 D2 capture {"raw": "a5120200000100fc460247fdc9fbb2ff00b7", "label": "D2 capture", "kind": "short", "opcode": "0x02", "frag_index": null, "checksum_ok": true, "declared_length": 18}
2026-09-27T21:11:36.708+00:00 RX a5120200000100fc460247fdc9fbb2ff00b7 D2 capture {"raw": "a5120200000100fc460247fdc9fbb2ff00b7", "label": "D2 capture", "kind": "short", "opcode": "0x02", "frag_index": null, "checksum_ok": true, "declared_length": 18}
2026-09-27T21:11:36.737+00:00 RX a5120200000100fc460247fdc9fbb2ff00b7 D2 capture {"raw": "a5120200000100fc460247fdc9fbb2ff00b7", "label": "D2 capture", "kind": "short", "opcode": "0x02", "frag_index": null, "checksum_ok": true, "declared_length": 18}
2026-09-27T21:11:36.738+00:00 RX a5120200000100fc460247fdc9fbb2ff00b7 D2 capture {"raw": "a5120200000100fc460247fdc9fbb2ff00b7", "label": "D2 capture", "kind": "short", "opcode": "0x02", "frag_index": null, "checksum_ok": true, "declared_length": 18}
2026-09-27T21:11:36.761+00:00 RX a5120200000100fc460247fdc9fbb2ff00b7 D2 capture {"raw": "a5120200000100fc460247fdc9fbb2ff00b7", "label": "D2 capture", "kind": "short", "opcode": "0x02", "frag_index": null, "checksum_ok": true, "declared_length": 18}
2026-09-27T21:11:58.241+00:00 RX a5120200000400fc460247fc8c009a00006a D2 capture {"raw": "a5120200000400fc460247fc8c009a00006a", "label": "D2 capture", "kind": "short", "opcode": "0x02", "frag_index": null, "checksum_ok": true, "declared_length": 18}
2026-09-27T21:11:58.256+00:00 RX a5120200000400fc460247fc8c009a00006a D2 capture {"raw": "a5120200000400fc460247fc8c009a00006a", "label": "D2 capture", "kind": "short", "opcode": "0x02", "frag_index": null, "checksum_ok": true, "declared_length": 18}
2026-09-27T21:11:58.271+00:00 RX a5120200000400fc460247fc8c009a00006a D2 capture {"raw": "a5120200000400fc460247fc8c009a00006a", "label": "D2 capture", "kind": "short", "opcode": "0x02", "frag_index": null, "checksum_ok": true, "declared_length": 18}
2026-09-27T21:11:58.286+00:00 RX a5120200000400fc460247fc8c007d00004d D2 capture {"raw": "a5120200000400fc460247fc8c007d00004d", "label": "D2 capture", "kind": "short", "opcode": "0x02", "frag_index": null, "checksum_ok": true, "declared_length": 18}
2026-09-27T21:11:58.300+00:00 RX a5120200000400fc460247fc8c007d00004d D2 capture {"raw": "a5120200000400fc460247fc8c007d00004d", "label": "D2 capture", "kind": "short", "opcode": "0x02", "frag_index": null, "checksum_ok": true, "declared_length": 18}
2026-09-27T21:11:58.316+00:00 RX a5120200000400fc460247fc8c007d00004d D2 capture {"raw": "a5120200000400fc460247fc8c007d00004d", "label": "D2 capture", "kind": "short", "opcode": "0x02", "frag_index": null, "checksum_ok": true, "declared_length": 18}
2026-09-27T21:11:58.338+00:00 RX a5120200000400fc460247fc8c007d00004d D2 capture {"raw": "a5120200000400fc460247fc8c007d00004d", "label": "D2 capture", "kind": "short", "opcode": "0x02", "frag_index": null, "checksum_ok": true, "declared_length": 18}
2026-09-27T21:11:58.353+00:00 RX a5120200000400fc460247fc8c007d00004d D2 capture {"raw": "a5120200000400fc460247fc8c007d00004d", "label": "D2 capture", "kind": "short", "opcode": "0x02", "frag_index": null, "checksum_ok": true, "declared_length": 18}
2026-09-27T21:11:58.374+00:00 RX a5120200000400fc460247fc8c007d00004d D2 capture {"raw": "a5120200000400fc460247fc8c007d00004d", "label": "D2 capture", "kind": "short", "opcode": "0x02", "frag_index": null, "checksum_ok": true, "declared_length": 18}
2026-09-27T21:11:58.375+00:00 RX a5120200000400fc460247fc8cfe5b000029 D2 capture {"raw": "a5120200000400fc460247fc8cfe5b000029", "label": "D2 capture", "kind": "short", "opcode": "0x02", "frag_index": null, "checksum_ok": true, "declared_length": 18}
2026-09-27T21:11:58.398+00:00 RX a5120200000400fc460247fc8cfdbb000088 D2 capture {"raw": "a5120200000400fc460247fc8cfdbb000088", "label": "D2 capture", "kind": "short", "opcode": "0x02", "frag_index": null, "checksum_ok": true, "declared_length": 18}
2026-09-27T21:11:58.413+00:00 RX a5120200000400fc460247fc8cfcfa0000c6 D2 capture {"raw": "a5120200000400fc460247fc8cfcfa0000c6", "label": "D2 capture", "kind": "short", "opcode": "0x02", "frag_index": null, "checksum_ok": true, "declared_length": 18}
2026-09-27T21:11:58.443+00:00 RX a5120200000400fc460247fc8cfc56000022 D2 capture {"raw": "a5120200000400fc460247fc8cfc56000022", "label": "D2 capture", "kind": "short", "opcode": "0x02", "frag_index": null, "checksum_ok": true, "declared_length": 18}
2026-09-27T21:11:58.443+00:00 RX a5120200000400fc460247fc8cfc56000022 D2 capture {"raw": "a5120200000400fc460247fc8cfc56000022", "label": "D2 capture", "kind": "short", "opcode": "0x02", "frag_index": null, "checksum_ok": true, "declared_length": 18}
2026-09-27T21:11:58.464+00:00 RX a5120200000400fc460247fc8cfc56000022 D2 capture {"raw": "a5120200000400fc460247fc8cfc56000022", "label": "D2 capture", "kind": "short", "opcode": "0x02", "frag_index": null, "checksum_ok": true, "declared_length": 18}
2026-09-27T21:11:58.479+00:00 RX a5120200000400fc460247fc8cfc140000e0 D2 capture {"raw": "a5120200000400fc460247fc8cfc140000e0", "label": "D2 capture", "kind": "short", "opcode": "0x02", "frag_index": null, "checksum_ok": true, "declared_length": 18}
2026-09-27T21:11:58.494+00:00 RX a5120200000400fc460247fc8cfc140000e0 D2 capture {"raw": "a5120200000400fc460247fc8cfc140000e0", "label": "D2 capture", "kind": "short", "opcode": "0x02", "frag_index": null, "checksum_ok": true, "declared_length": 18}
2026-09-27T21:11:58.518+00:00 RX a5120200000400fc460247fc8cfc140000e0 D2 capture {"raw": "a5120200000400fc460247fc8cfc140000e0", "label": "D2 capture", "kind": "short", "opcode": "0x02", "frag_index": null, "checksum_ok": true, "declared_length": 18}
2026-09-27T21:11:58.533+00:00 RX a5120200000400fc460247fc8cfc140000e0 D2 capture {"raw": "a5120200000400fc460247fc8cfc140000e0", "label": "D2 capture", "kind": "short", "opcode": "0x02", "frag_index": null, "checksum_ok": true, "declared_length": 18}
2026-09-27T21:11:58.548+00:00 RX a5120200000400fc460247fc8cfc140000e0 D2 capture {"raw": "a5120200000400fc460247fc8cfc140000e0", "label": "D2 capture", "kind": "short", "opcode": "0x02", "frag_index": null, "checksum_ok": true, "declared_length": 18}
2026-09-27T21:11:58.563+00:00 RX a5120200000400fc460247fc8cfbf30000be D2 capture {"raw": "a5120200000400fc460247fc8cfbf30000be", "label": "D2 capture", "kind": "short", "opcode": "0x02", "frag_index": null, "checksum_ok": true, "declared_length": 18}
2026-09-27T21:11:58.578+00:00 RX a5120200000400fc460247fc8cfbf30000be D2 capture {"raw": "a5120200000400fc460247fc8cfbf30000be", "label": "D2 capture", "kind": "short", "opcode": "0x02", "frag_index": null, "checksum_ok": true, "declared_length": 18}
2026-09-27T21:11:58.601+00:00 RX a5120200000400fc460247fc8cfbf30000be D2 capture {"raw": "a5120200000400fc460247fc8cfbf30000be", "label": "D2 capture", "kind": "short", "opcode": "0x02", "frag_index": null, "checksum_ok": true, "declared_length": 18}
2026-09-27T21:11:58.615+00:00 RX a5120200000400fc460247fc8cfbf30000be D2 capture {"raw": "a5120200000400fc460247fc8cfbf30000be", "label": "D2 capture", "kind": "short", "opcode": "0x02", "frag_index": null, "checksum_ok": true, "declared_length": 18}
2026-09-27T21:11:58.631+00:00 RX a5120200000400fc460247fc8cfbf30000be D2 capture {"raw": "a5120200000400fc460247fc8cfbf30000be", "label": "D2 capture", "kind": "short", "opcode": "0x02", "frag_index": null, "checksum_ok": true, "declared_length": 18}
2026-09-27T21:11:58.644+00:00 RX a5120200000400fc460247fc8cfbf30000be D2 capture {"raw": "a5120200000400fc460247fc8cfbf30000be", "label": "D2 capture", "kind": "short", "opcode": "0x02", "frag_index": null, "checksum_ok": true, "declared_length": 18}
2026-09-27T21:11:58.659+00:00 RX a5120200000400fc460247fc8cfbf30000be D2 capture {"raw": "a5120200000400fc460247fc8cfbf30000be", "label": "D2 capture", "kind": "short", "opcode": "0x02", "frag_index": null, "checksum_ok": true, "declared_length": 18}
2026-09-27T21:11:58.675+00:00 RX a5120200000400fc460247fc8cfbf30000be D2 capture {"raw": "a5120200000400fc460247fc8cfbf30000be", "label": "D2 capture", "kind": "short", "opcode": "0x02", "frag_index": null, "checksum_ok": true, "declared_length": 18}
2026-09-27T21:11:58.697+00:00 RX a5120200000400fc460247fc8cfbf30000be D2 capture {"raw": "a5120200000400fc460247fc8cfbf30000be", "label": "D2 capture", "kind": "short", "opcode": "0x02", "frag_index": null, "checksum_ok": true, "declared_length": 18}
2026-09-27T21:11:58.711+00:00 RX a5120200000000fc460247fc8cfbf30000ba D2 capture {"raw": "a5120200000000fc460247fc8cfbf30000ba", "label": "D2 capture", "kind": "short", "opcode": "0x02", "frag_index": null, "checksum_ok": true, "declared_length": 18}
2026-09-27T21:11:58.726+00:00 RX a5120200000000fc460247fc8cfbf30000ba D2 capture {"raw": "a5120200000000fc460247fc8cfbf30000ba", "label": "D2 capture", "kind": "short", "opcode": "0x02", "frag_index": null, "checksum_ok": true, "declared_length": 18}
2026-09-27T21:11:58.741+00:00 RX a5120200000000fc460247fc8cfbf30000ba D2 capture {"raw": "a5120200000000fc460247fc8cfbf30000ba", "label": "D2 capture", "kind": "short", "opcode": "0x02", "frag_index": null, "checksum_ok": true, "declared_length": 18}
2026-09-27T21:11:58.772+00:00 RX a5120200000000fc460247fc8cfbf30000ba D2 capture {"raw": "a5120200000000fc460247fc8cfbf30000ba", "label": "D2 capture", "kind": "short", "opcode": "0x02", "frag_index": null, "checksum_ok": true, "declared_length": 18}
2026-09-27T21:11:58.772+00:00 RX a5120200000000fc460247fc8cfbf30000ba D2 capture {"raw": "a5120200000000fc460247fc8cfbf30000ba", "label": "D2 capture", "kind": "short", "opcode": "0x02", "frag_index": null, "checksum_ok": true, "declared_length": 18}
2026-09-27T21:11:58.787+00:00 RX a5120200000000fc460247fc8cfbf30000ba D2 capture {"raw": "a5120200000000fc460247fc8cfbf30000ba", "label": "D2 capture", "kind": "short", "opcode": "0x02", "frag_index": null, "checksum_ok": true, "declared_length": 18}
2026-09-27T21:11:58.811+00:00 RX a5120200000000fc460247fc8cfbf30000ba D2 capture {"raw": "a5120200000000fc460247fc8cfbf30000ba", "label": "D2 capture", "kind": "short", "opcode": "0x02", "frag_index": null, "checksum_ok": true, "declared_length": 18}
2026-09-27T21:11:58.825+00:00 RX a5120200000000fc460247fc8cfbf30000ba D2 capture {"raw": "a5120200000000fc460247fc8cfbf30000ba", "label": "D2 capture", "kind": "short", "opcode": "0x02", "frag_index": null, "checksum_ok": true, "declared_length": 18}
2026-09-27T21:11:58.846+00:00 RX a5120200000000fc460247fc8cfbf30000ba D2 capture {"raw": "a5120200000000fc460247fc8cfbf30000ba", "label": "D2 capture", "kind": "short", "opcode": "0x02", "frag_index": null, "checksum_ok": true, "declared_length": 18}
2026-09-27T21:11:58.847+00:00 RX a5120200000000fc460247fc8cfbf30000ba D2 capture {"raw": "a5120200000000fc460247fc8cfbf30000ba", "label": "D2 capture", "kind": "short", "opcode": "0x02", "frag_index": null, "checksum_ok": true, "declared_length": 18}
2026-09-27T21:11:58.871+00:00 RX a5120200000000fc460247fc8cfbf30000ba D2 capture {"raw": "a5120200000000fc460247fc8cfbf30000ba", "label": "D2 capture", "kind": "short", "opcode": "0x02", "frag_index": null, "checksum_ok": true, "declared_length": 18}
2026-09-27T21:11:58.892+00:00 RX a5120200000000fc460247fc8cfbf30000ba D2 capture {"raw": "a5120200000000fc460247fc8cfbf30000ba", "label": "D2 capture", "kind": "short", "opcode": "0x02", "frag_index": null, "checksum_ok": true, "declared_length": 18}
2026-09-27T21:11:58.906+00:00 RX a5120200000000fc460247fc8cfbf30000ba D2 capture {"raw": "a5120200000000fc460247fc8cfbf30000ba", "label": "D2 capture", "kind": "short", "opcode": "0x02", "frag_index": null, "checksum_ok": true, "declared_length": 18}
2026-09-27T21:11:58.922+00:00 RX a5120200000000fc460247fc8cfbf30000ba D2 capture {"raw": "a5120200000000fc460247fc8cfbf30000ba", "label": "D2 capture", "kind": "short", "opcode": "0x02", "frag_index": null, "checksum_ok": true, "declared_length": 18}
2026-09-27T21:11:58.936+00:00 RX a5120200000000fc460247fc8cfbf30000ba D2 capture {"raw": "a5120200000000fc460247fc8cfbf30000ba", "label": "D2 capture", "kind": "short", "opcode": "0x02", "frag_index": null, "checksum_ok": true, "declared_length": 18}
2026-09-27T21:11:58.952+00:00 RX a5120200000000fc460247fc8cfbf30000ba D2 capture {"raw": "a5120200000000fc460247fc8cfbf30000ba", "label": "D2 capture", "kind": "short", "opcode": "0x02", "frag_index": null, "checksum_ok": true, "declared_length": 18}
2026-09-27T21:11:58.966+00:00 RX a5120200000000fc460247fc8cfbf30000ba D2 capture {"raw": "a5120200000000fc460247fc8cfbf30000ba", "label": "D2 capture", "kind": "short", "opcode": "0x02", "frag_index": null, "checksum_ok": true, "declared_length": 18}
2026-09-27T21:11:58.989+00:00 RX a5120200000000fc460247fc8cfbf30000ba D2 capture {"raw": "a5120200000000fc460247fc8cfbf30000ba", "label": "D2 capture", "kind": "short", "opcode": "0x02", "frag_index": null, "checksum_ok": true, "declared_length": 18}
2026-09-27T21:11:59.005+00:00 RX a5120200000000fc460247fc8cfbf30000ba D2 capture {"raw": "a5120200000000fc460247fc8cfbf30000ba", "label": "D2 capture", "kind": "short", "opcode": "0x02", "frag_index": null, "checksum_ok": true, "declared_length": 18}
2026-09-27T21:11:59.019+00:00 RX a5120200000000fc460247fc8cfbf30000ba D2 capture {"raw": "a5120200000000fc460247fc8cfbf30000ba", "label": "D2 capture", "kind": "short", "opcode": "0x02", "frag_index": null, "checksum_ok": true, "declared_length": 18}
2026-09-27T21:11:59.049+00:00 RX a5120200000000fc460247fc8cfbf30000ba D2 capture {"raw": "a5120200000000fc460247fc8cfbf30000ba", "label": "D2 capture", "kind": "short", "opcode": "0x02", "frag_index": null, "checksum_ok": true, "declared_length": 18}
2026-09-27T21:11:59.050+00:00 RX a5120200000000fc460247fc8cfbf30000ba D2 capture {"raw": "a5120200000000fc460247fc8cfbf30000ba", "label": "D2 capture", "kind": "short", "opcode": "0x02", "frag_index": null, "checksum_ok": true, "declared_length": 18}
2026-09-27T21:11:59.072+00:00 RX a5120200000000fc460247fc8cfbf30000ba D2 capture {"raw": "a5120200000000fc460247fc8cfbf30000ba", "label": "D2 capture", "kind": "short", "opcode": "0x02", "frag_index": null, "checksum_ok": true, "declared_length": 18}
2026-09-27T21:11:59.096+00:00 RX a5120200000000fc460247fc8cfbf30000ba D2 capture {"raw": "a5120200000000fc460247fc8cfbf30000ba", "label": "D2 capture", "kind": "short", "opcode": "0x02", "frag_index": null, "checksum_ok": true, "declared_length": 18}
2026-09-27T21:11:59.097+00:00 RX a5120200000000fc460247fc8cfbf30000ba D2 capture {"raw": "a5120200000000fc460247fc8cfbf30000ba", "label": "D2 capture", "kind": "short", "opcode": "0x02", "frag_index": null, "checksum_ok": true, "declared_length": 18}
2026-09-27T21:11:59.117+00:00 RX a5120200000000fc460247fc8cfbf30000ba D2 capture {"raw": "a5120200000000fc460247fc8cfbf30000ba", "label": "D2 capture", "kind": "short", "opcode": "0x02", "frag_index": null, "checksum_ok": true, "declared_length": 18}
2026-09-27T21:11:59.133+00:00 RX a5120200000000fc460247fc8cfbf30000ba D2 capture {"raw": "a5120200000000fc460247fc8cfbf30000ba", "label": "D2 capture", "kind": "short", "opcode": "0x02", "frag_index": null, "checksum_ok": true, "declared_length": 18}
2026-09-27T21:11:59.148+00:00 RX a5120200000000fc460247fc8cfbf30000ba D2 capture {"raw": "a5120200000000fc460247fc8cfbf30000ba", "label": "D2 capture", "kind": "short", "opcode": "0x02", "frag_index": null, "checksum_ok": true, "declared_length": 18}
2026-09-27T21:11:59.170+00:00 RX a5120200000000fc460247fc8cfbf30000ba D2 capture {"raw": "a5120200000000fc460247fc8cfbf30000ba", "label": "D2 capture", "kind": "short", "opcode": "0x02", "frag_index": null, "checksum_ok": true, "declared_length": 18}
2026-09-27T21:11:59.185+00:00 RX a5120200000000fc460247fc8cfbf30000ba D2 capture {"raw": "a5120200000000fc460247fc8cfbf30000ba", "label": "D2 capture", "kind": "short", "opcode": "0x02", "frag_index": null, "checksum_ok": true, "declared_length": 18}
2026-09-27T21:11:59.202+00:00 RX a5120200000000fc460247fc8cfbf30000ba D2 capture {"raw": "a5120200000000fc460247fc8cfbf30000ba", "label": "D2 capture", "kind": "short", "opcode": "0x02", "frag_index": null, "checksum_ok": true, "declared_length": 18}
2026-09-27T21:11:59.215+00:00 RX a5120200000000fc460247fc8cfbf30000ba D2 capture {"raw": "a5120200000000fc460247fc8cfbf30000ba", "label": "D2 capture", "kind": "short", "opcode": "0x02", "frag_index": null, "checksum_ok": true, "declared_length": 18}
2026-09-27T21:11:59.230+00:00 RX a5120200000000fc460247fc8cfbf30000ba D2 capture {"raw": "a5120200000000fc460247fc8cfbf30000ba", "label": "D2 capture", "kind": "short", "opcode": "0x02", "frag_index": null, "checksum_ok": true, "declared_length": 18}
2026-09-27T21:11:59.244+00:00 RX a5120200000000fc460247fc8cfbf30000ba D2 capture {"raw": "a5120200000000fc460247fc8cfbf30000ba", "label": "D2 capture", "kind": "short", "opcode": "0x02", "frag_index": null, "checksum_ok": true, "declared_length": 18}
2026-09-27T21:11:59.266+00:00 RX a5120200000000fc460247fc8cfbf30000ba D2 capture {"raw": "a5120200000000fc460247fc8cfbf30000ba", "label": "D2 capture", "kind": "short", "opcode": "0x02", "frag_index": null, "checksum_ok": true, "declared_length": 18}
2026-09-27T21:11:59.282+00:00 RX a5120200000000fc460247fc8cfbf30000ba D2 capture {"raw": "a5120200000000fc460247fc8cfbf30000ba", "label": "D2 capture", "kind": "short", "opcode": "0x02", "frag_index": null, "checksum_ok": true, "declared_length": 18}
2026-09-27T21:11:59.296+00:00 RX a5120200000000fc460247fc8cfbf30000ba D2 capture {"raw": "a5120200000000fc460247fc8cfbf30000ba", "label": "D2 capture", "kind": "short", "opcode": "0x02", "frag_index": null, "checksum_ok": true, "declared_length": 18}
2026-09-27T21:11:59.311+00:00 RX a5120200000000fc460247fc8cfbf30000ba D2 capture {"raw": "a5120200000000fc460247fc8cfbf30000ba", "label": "D2 capture", "kind": "short", "opcode": "0x02", "frag_index": null, "checksum_ok": true, "declared_length": 18}
2026-09-27T21:11:59.326+00:00 RX a5120200000000fc460247fc8cfbf30000ba D2 capture {"raw": "a5120200000000fc460247fc8cfbf30000ba", "label": "D2 capture", "kind": "short", "opcode": "0x02", "frag_index": null, "checksum_ok": true, "declared_length": 18}
2026-09-27T21:11:59.350+00:00 RX a5120200000000fc460247fc8cfbf30000ba D2 capture {"raw": "a5120200000000fc460247fc8cfbf30000ba", "label": "D2 capture", "kind": "short", "opcode": "0x02", "frag_index": null, "checksum_ok": true, "declared_length": 18}
2026-09-27T21:11:59.366+00:00 RX a5120200000000fc460247fc8cfbf30000ba D2 capture {"raw": "a5120200000000fc460247fc8cfbf30000ba", "label": "D2 capture", "kind": "short", "opcode": "0x02", "frag_index": null, "checksum_ok": true, "declared_length": 18}
2026-09-27T21:11:59.388+00:00 RX a5120200000000fc460247fc8cfbf30000ba D2 capture {"raw": "a5120200000000fc460247fc8cfbf30000ba", "label": "D2 capture", "kind": "short", "opcode": "0x02", "frag_index": null, "checksum_ok": true, "declared_length": 18}
2026-09-27T21:11:59.389+00:00 RX a5120200000000fc460247fc8cfbf30000ba D2 capture {"raw": "a5120200000000fc460247fc8cfbf30000ba", "label": "D2 capture", "kind": "short", "opcode": "0x02", "frag_index": null, "checksum_ok": true, "declared_length": 18}
2026-09-27T21:11:59.410+00:00 RX a5120200000000fc460247fc8cfbf30000ba D2 capture {"raw": "a5120200000000fc460247fc8cfbf30000ba", "label": "D2 capture", "kind": "short", "opcode": "0x02", "frag_index": null, "checksum_ok": true, "declared_length": 18}
2026-09-27T21:11:59.426+00:00 RX a5120200000000fc460247fc8cfbf30000ba D2 capture {"raw": "a5120200000000fc460247fc8cfbf30000ba", "label": "D2 capture", "kind": "short", "opcode": "0x02", "frag_index": null, "checksum_ok": true, "declared_length": 18}
2026-09-27T21:11:59.448+00:00 RX a5120200000000fc460247fc8cfbf30000ba D2 capture {"raw": "a5120200000000fc460247fc8cfbf30000ba", "label": "D2 capture", "kind": "short", "opcode": "0x02", "frag_index": null, "checksum_ok": true, "declared_length": 18}
2026-09-27T21:11:59.461+00:00 RX a5120200000000fc460247fc8cfbf30000ba D2 capture {"raw": "a5120200000000fc460247fc8cfbf30000ba", "label": "D2 capture", "kind": "short", "opcode": "0x02", "frag_index": null, "checksum_ok": true, "declared_length": 18}
2026-09-27T21:11:59.487+00:00 RX a5120200000000fc460247fc8cfbf30000ba D2 capture {"raw": "a5120200000000fc460247fc8cfbf30000ba", "label": "D2 capture", "kind": "short", "opcode": "0x02", "frag_index": null, "checksum_ok": true, "declared_length": 18}
2026-09-27T21:11:59.487+00:00 RX a5120200000000fc460247fc8cfbf30000ba D2 capture {"raw": "a5120200000000fc460247fc8cfbf30000ba", "label": "D2 capture", "kind": "short", "opcode": "0x02", "frag_index": null, "checksum_ok": true, "declared_length": 18}
2026-09-27T21:11:59.507+00:00 RX a5120200000000fc460247fc8cfbf30000ba D2 capture {"raw": "a5120200000000fc460247fc8cfbf30000ba", "label": "D2 capture", "kind": "short", "opcode": "0x02", "frag_index": null, "checksum_ok": true, "declared_length": 18}
2026-09-27T21:11:59.529+00:00 RX a5120200000000fc460247fc8cfbf30000ba D2 capture {"raw": "a5120200000000fc460247fc8cfbf30000ba", "label": "D2 capture", "kind": "short", "opcode": "0x02", "frag_index": null, "checksum_ok": true, "declared_length": 18}
2026-09-27T21:11:59.552+00:00 RX a5120200000000fc460247fc8cfbf30000ba D2 capture {"raw": "a5120200000000fc460247fc8cfbf30000ba", "label": "D2 capture", "kind": "short", "opcode": "0x02", "frag_index": null, "checksum_ok": true, "declared_length": 18}
2026-09-27T21:11:59.552+00:00 RX a5120200000000fc460247fc8cfbf30000ba D2 capture {"raw": "a5120200000000fc460247fc8cfbf30000ba", "label": "D2 capture", "kind": "short", "opcode": "0x02", "frag_index": null, "checksum_ok": true, "declared_length": 18}
2026-09-27T21:11:59.574+00:00 RX a5120200000000fc460247fc8cfbf30000ba D2 capture {"raw": "a5120200000000fc460247fc8cfbf30000ba", "label": "D2 capture", "kind": "short", "opcode": "0x02", "frag_index": null, "checksum_ok": true, "declared_length": 18}
2026-09-27T21:11:59.589+00:00 RX a5120200000000fc460247fc8cfbf30000ba D2 capture {"raw": "a5120200000000fc460247fc8cfbf30000ba", "label": "D2 capture", "kind": "short", "opcode": "0x02", "frag_index": null, "checksum_ok": true, "declared_length": 18}
2026-09-27T21:11:59.605+00:00 RX a5120200000000fc460247fc8cfbf30000ba D2 capture {"raw": "a5120200000000fc460247fc8cfbf30000ba", "label": "D2 capture", "kind": "short", "opcode": "0x02", "frag_index": null, "checksum_ok": true, "declared_length": 18}
2026-09-27T21:11:59.628+00:00 RX a5120200000000fc460247fc8cfbf30000ba D2 capture {"raw": "a5120200000000fc460247fc8cfbf30000ba", "label": "D2 capture", "kind": "short", "opcode": "0x02", "frag_index": null, "checksum_ok": true, "declared_length": 18}
2026-09-27T21:11:59.658+00:00 RX a5120200000000fc460247fc8cfbf30000ba D2 capture {"raw": "a5120200000000fc460247fc8cfbf30000ba", "label": "D2 capture", "kind": "short", "opcode": "0x02", "frag_index": null, "checksum_ok": true, "declared_length": 18}
2026-09-27T21:11:59.659+00:00 RX a5120200000000fc460247fc8cfbf30000ba D2 capture {"raw": "a5120200000000fc460247fc8cfbf30000ba", "label": "D2 capture", "kind": "short", "opcode": "0x02", "frag_index": null, "checksum_ok": true, "declared_length": 18}
2026-09-27T21:11:59.681+00:00 RX a5120200000000fc460247fc8cfbf30000ba D2 capture {"raw": "a5120200000000fc460247fc8cfbf30000ba", "label": "D2 capture", "kind": "short", "opcode": "0x02", "frag_index": null, "checksum_ok": true, "declared_length": 18}
2026-09-27T21:11:59.682+00:00 RX a5120200000000fc460247fc8cfbf30000ba D2 capture {"raw": "a5120200000000fc460247fc8cfbf30000ba", "label": "D2 capture", "kind": "short", "opcode": "0x02", "frag_index": null, "checksum_ok": true, "declared_length": 18}
2026-09-27T21:11:59.703+00:00 RX a5120200000000fc460247fc8cfbf30000ba D2 capture {"raw": "a5120200000000fc460247fc8cfbf30000ba", "label": "D2 capture", "kind": "short", "opcode": "0x02", "frag_index": null, "checksum_ok": true, "declared_length": 18}
2026-09-27T21:11:59.718+00:00 RX a5120200000000fc460247fc8cfbf30000ba D2 capture {"raw": "a5120200000000fc460247fc8cfbf30000ba", "label": "D2 capture", "kind": "short", "opcode": "0x02", "frag_index": null, "checksum_ok": true, "declared_length": 18}
2026-09-27T21:11:59.739+00:00 RX a5120200000000fc460247fc8cfbf30000ba D2 capture {"raw": "a5120200000000fc460247fc8cfbf30000ba", "label": "D2 capture", "kind": "short", "opcode": "0x02", "frag_index": null, "checksum_ok": true, "declared_length": 18}
2026-09-27T21:11:59.755+00:00 RX a5120200000000fc460247fc8cfbf30000ba D2 capture {"raw": "a5120200000000fc460247fc8cfbf30000ba", "label": "D2 capture", "kind": "short", "opcode": "0x02", "frag_index": null, "checksum_ok": true, "declared_length": 18}
2026-09-27T21:11:59.770+00:00 RX a5120200000800fc460247fc8cfbf30000c2 D2 capture {"raw": "a5120200000800fc460247fc8cfbf30000c2", "label": "D2 capture", "kind": "short", "opcode": "0x02", "frag_index": null, "checksum_ok": true, "declared_length": 18}
2026-09-27T21:11:59.785+00:00 RX a5120200000800fc460247fc8cfbf30000c2 D2 capture {"raw": "a5120200000800fc460247fc8cfbf30000c2", "label": "D2 capture", "kind": "short", "opcode": "0x02", "frag_index": null, "checksum_ok": true, "declared_length": 18}
2026-09-27T21:11:59.800+00:00 RX a5120200000800fc460247fc8cfbf30000c2 D2 capture {"raw": "a5120200000800fc460247fc8cfbf30000c2", "label": "D2 capture", "kind": "short", "opcode": "0x02", "frag_index": null, "checksum_ok": true, "declared_length": 18}
2026-09-27T21:11:59.822+00:00 RX a5120200000800fc460247fc8cfbf30000c2 D2 capture {"raw": "a5120200000800fc460247fc8cfbf30000c2", "label": "D2 capture", "kind": "short", "opcode": "0x02", "frag_index": null, "checksum_ok": true, "declared_length": 18}
2026-09-27T21:11:59.836+00:00 RX a5120200000800fc460247fc8cfbf30000c2 D2 capture {"raw": "a5120200000800fc460247fc8cfbf30000c2", "label": "D2 capture", "kind": "short", "opcode": "0x02", "frag_index": null, "checksum_ok": true, "declared_length": 18}
2026-09-27T21:11:59.851+00:00 RX a5120200000800fc460247fc8cfbf30000c2 D2 capture {"raw": "a5120200000800fc460247fc8cfbf30000c2", "label": "D2 capture", "kind": "short", "opcode": "0x02", "frag_index": null, "checksum_ok": true, "declared_length": 18}
2026-09-27T21:11:59.885+00:00 RX a5120200000800fc460247fc8cfbf30000c2 D2 capture {"raw": "a5120200000800fc460247fc8cfbf30000c2", "label": "D2 capture", "kind": "short", "opcode": "0x02", "frag_index": null, "checksum_ok": true, "declared_length": 18}
2026-09-27T21:11:59.885+00:00 RX a5120200000800fc460247fc8cfbf30000c2 D2 capture {"raw": "a5120200000800fc460247fc8cfbf30000c2", "label": "D2 capture", "kind": "short", "opcode": "0x02", "frag_index": null, "checksum_ok": true, "declared_length": 18}
2026-09-27T21:11:59.898+00:00 RX a5120200000800fc460247fc8cfbf30000c2 D2 capture {"raw": "a5120200000800fc460247fc8cfbf30000c2", "label": "D2 capture", "kind": "short", "opcode": "0x02", "frag_index": null, "checksum_ok": true, "declared_length": 18}
2026-09-27T21:11:59.921+00:00 RX a5120200000800fc460247fc8cfbf30000c2 D2 capture {"raw": "a5120200000800fc460247fc8cfbf30000c2", "label": "D2 capture", "kind": "short", "opcode": "0x02", "frag_index": null, "checksum_ok": true, "declared_length": 18}
2026-09-27T21:11:59.936+00:00 RX a5120200000800fc460247fc8cfbf30000c2 D2 capture {"raw": "a5120200000800fc460247fc8cfbf30000c2", "label": "D2 capture", "kind": "short", "opcode": "0x02", "frag_index": null, "checksum_ok": true, "declared_length": 18}
2026-09-27T21:11:59.951+00:00 RX a5120200000800fc460247fc8cfbf30000c2 D2 capture {"raw": "a5120200000800fc460247fc8cfbf30000c2", "label": "D2 capture", "kind": "short", "opcode": "0x02", "frag_index": null, "checksum_ok": true, "declared_length": 18}
2026-09-27T21:11:59.966+00:00 RX a5120200000800fc460247fc8cfbf30000c2 D2 capture {"raw": "a5120200000800fc460247fc8cfbf30000c2", "label": "D2 capture", "kind": "short", "opcode": "0x02", "frag_index": null, "checksum_ok": true, "declared_length": 18}
2026-09-27T21:11:59.980+00:00 RX a5120200000800fc460247fc8cfbf30000c2 D2 capture {"raw": "a5120200000800fc460247fc8cfbf30000c2", "label": "D2 capture", "kind": "short", "opcode": "0x02", "frag_index": null, "checksum_ok": true, "declared_length": 18}
2026-09-27T21:12:00.003+00:00 RX a5120200000800fc460247fc8cfbf30000c2 D2 capture {"raw": "a5120200000800fc460247fc8cfbf30000c2", "label": "D2 capture", "kind": "short", "opcode": "0x02", "frag_index": null, "checksum_ok": true, "declared_length": 18}
2026-09-27T21:12:00.016+00:00 RX a5120200000800fc460247fc8cfbf30000c2 D2 capture {"raw": "a5120200000800fc460247fc8cfbf30000c2", "label": "D2 capture", "kind": "short", "opcode": "0x02", "frag_index": null, "checksum_ok": true, "declared_length": 18}
2026-09-27T21:12:00.050+00:00 RX a5120200000800fc460247fc8cfbf30000c2 D2 capture {"raw": "a5120200000800fc460247fc8cfbf30000c2", "label": "D2 capture", "kind": "short", "opcode": "0x02", "frag_index": null, "checksum_ok": true, "declared_length": 18}
2026-09-27T21:12:00.050+00:00 RX a5120200000800fc460247fc8cfbf30000c2 D2 capture {"raw": "a5120200000800fc460247fc8cfbf30000c2", "label": "D2 capture", "kind": "short", "opcode": "0x02", "frag_index": null, "checksum_ok": true, "declared_length": 18}
2026-09-27T21:12:00.063+00:00 RX a5120200000800fc460247fc8cfbf30000c2 D2 capture {"raw": "a5120200000800fc460247fc8cfbf30000c2", "label": "D2 capture", "kind": "short", "opcode": "0x02", "frag_index": null, "checksum_ok": true, "declared_length": 18}
2026-09-27T21:12:00.078+00:00 RX a5120200000800fc460247fc8cfbf30000c2 D2 capture {"raw": "a5120200000800fc460247fc8cfbf30000c2", "label": "D2 capture", "kind": "short", "opcode": "0x02", "frag_index": null, "checksum_ok": true, "declared_length": 18}
2026-09-27T21:12:00.101+00:00 RX a5120200000800fc460247fc8cfbf30000c2 D2 capture {"raw": "a5120200000800fc460247fc8cfbf30000c2", "label": "D2 capture", "kind": "short", "opcode": "0x02", "frag_index": null, "checksum_ok": true, "declared_length": 18}
2026-09-27T21:12:00.114+00:00 RX a5120200000800fc460247fc8cfbf30000c2 D2 capture {"raw": "a5120200000800fc460247fc8cfbf30000c2", "label": "D2 capture", "kind": "short", "opcode": "0x02", "frag_index": null, "checksum_ok": true, "declared_length": 18}
2026-09-27T21:12:00.129+00:00 RX a5120200000000fc460247fc8cfbf30000ba D2 capture {"raw": "a5120200000000fc460247fc8cfbf30000ba", "label": "D2 capture", "kind": "short", "opcode": "0x02", "frag_index": null, "checksum_ok": true, "declared_length": 18}
2026-09-27T21:12:00.144+00:00 RX a5120200000000fc460247fc8cfbf30000ba D2 capture {"raw": "a5120200000000fc460247fc8cfbf30000ba", "label": "D2 capture", "kind": "short", "opcode": "0x02", "frag_index": null, "checksum_ok": true, "declared_length": 18}
2026-09-27T21:12:00.159+00:00 RX a5120200000000fc460247fc8cfbf30000ba D2 capture {"raw": "a5120200000000fc460247fc8cfbf30000ba", "label": "D2 capture", "kind": "short", "opcode": "0x02", "frag_index": null, "checksum_ok": true, "declared_length": 18}
2026-09-27T21:12:00.184+00:00 RX a5120200000000fc460247fc8cfbf30000ba D2 capture {"raw": "a5120200000000fc460247fc8cfbf30000ba", "label": "D2 capture", "kind": "short", "opcode": "0x02", "frag_index": null, "checksum_ok": true, "declared_length": 18}
2026-09-27T21:12:00.205+00:00 RX a5120200000000fc460247fc8cfbf30000ba D2 capture {"raw": "a5120200000000fc460247fc8cfbf30000ba", "label": "D2 capture", "kind": "short", "opcode": "0x02", "frag_index": null, "checksum_ok": true, "declared_length": 18}
2026-09-27T21:12:00.206+00:00 RX a5120200000000fc460247fc8cfbf30000ba D2 capture {"raw": "a5120200000000fc460247fc8cfbf30000ba", "label": "D2 capture", "kind": "short", "opcode": "0x02", "frag_index": null, "checksum_ok": true, "declared_length": 18}
2026-09-27T21:12:00.228+00:00 RX a5120200000000fc460247fc8cfbf30000ba D2 capture {"raw": "a5120200000000fc460247fc8cfbf30000ba", "label": "D2 capture", "kind": "short", "opcode": "0x02", "frag_index": null, "checksum_ok": true, "declared_length": 18}
2026-09-27T21:12:00.241+00:00 RX a5120200000000fc460247fc8cfbf30000ba D2 capture {"raw": "a5120200000000fc460247fc8cfbf30000ba", "label": "D2 capture", "kind": "short", "opcode": "0x02", "frag_index": null, "checksum_ok": true, "declared_length": 18}
2026-09-27T21:12:00.258+00:00 RX a5120200000000fc460247fc8cfbf30000ba D2 capture {"raw": "a5120200000000fc460247fc8cfbf30000ba", "label": "D2 capture", "kind": "short", "opcode": "0x02", "frag_index": null, "checksum_ok": true, "declared_length": 18}
2026-09-27T21:12:00.279+00:00 RX a5120200000000fc460247fc8cfbf30000ba D2 capture {"raw": "a5120200000000fc460247fc8cfbf30000ba", "label": "D2 capture", "kind": "short", "opcode": "0x02", "frag_index": null, "checksum_ok": true, "declared_length": 18}
2026-09-27T21:12:00.294+00:00 RX a5120200000000fc460247fc8cfbf30000ba D2 capture {"raw": "a5120200000000fc460247fc8cfbf30000ba", "label": "D2 capture", "kind": "short", "opcode": "0x02", "frag_index": null, "checksum_ok": true, "declared_length": 18}
2026-09-27T21:12:00.310+00:00 RX a5120200000000fc460247fc8cfbf30000ba D2 capture {"raw": "a5120200000000fc460247fc8cfbf30000ba", "label": "D2 capture", "kind": "short", "opcode": "0x02", "frag_index": null, "checksum_ok": true, "declared_length": 18}
2026-09-27T21:12:00.324+00:00 RX a5120200000000fc460247fc8cfbf30000ba D2 capture {"raw": "a5120200000000fc460247fc8cfbf30000ba", "label": "D2 capture", "kind": "short", "opcode": "0x02", "frag_index": null, "checksum_ok": true, "declared_length": 18}
2026-09-27T21:12:00.340+00:00 RX a5120200000000fc460247fc8cfbf30000ba D2 capture {"raw": "a5120200000000fc460247fc8cfbf30000ba", "label": "D2 capture", "kind": "short", "opcode": "0x02", "frag_index": null, "checksum_ok": true, "declared_length": 18}
2026-09-27T21:12:00.361+00:00 RX a5120200000000fc460247fc8cfbf30000ba D2 capture {"raw": "a5120200000000fc460247fc8cfbf30000ba", "label": "D2 capture", "kind": "short", "opcode": "0x02", "frag_index": null, "checksum_ok": true, "declared_length": 18}
2026-09-27T21:12:00.376+00:00 RX a5120200000000fc460247fc8cfbf30000ba D2 capture {"raw": "a5120200000000fc460247fc8cfbf30000ba", "label": "D2 capture", "kind": "short", "opcode": "0x02", "frag_index": null, "checksum_ok": true, "declared_length": 18}
2026-09-27T21:12:00.399+00:00 RX a5120200000000fc460247fc8cfbf30000ba D2 capture {"raw": "a5120200000000fc460247fc8cfbf30000ba", "label": "D2 capture", "kind": "short", "opcode": "0x02", "frag_index": null, "checksum_ok": true, "declared_length": 18}
2026-09-27T21:12:00.400+00:00 RX a5120200000000fc460247fc8cfbf30000ba D2 capture {"raw": "a5120200000000fc460247fc8cfbf30000ba", "label": "D2 capture", "kind": "short", "opcode": "0x02", "frag_index": null, "checksum_ok": true, "declared_length": 18}
2026-09-27T21:12:00.421+00:00 RX a5120200000000fc460247fc8cfbf30000ba D2 capture {"raw": "a5120200000000fc460247fc8cfbf30000ba", "label": "D2 capture", "kind": "short", "opcode": "0x02", "frag_index": null, "checksum_ok": true, "declared_length": 18}
2026-09-27T21:12:00.437+00:00 RX a5120200000000fc460247fc8cfbf30000ba D2 capture {"raw": "a5120200000000fc460247fc8cfbf30000ba", "label": "D2 capture", "kind": "short", "opcode": "0x02", "frag_index": null, "checksum_ok": true, "declared_length": 18}
2026-09-27T21:12:00.459+00:00 RX a5120200000000fc460247fc8cfbf30000ba D2 capture {"raw": "a5120200000000fc460247fc8cfbf30000ba", "label": "D2 capture", "kind": "short", "opcode": "0x02", "frag_index": null, "checksum_ok": true, "declared_length": 18}
2026-09-27T21:12:00.474+00:00 RX a5120200000000fc460247fc8cfbf30000ba D2 capture {"raw": "a5120200000000fc460247fc8cfbf30000ba", "label": "D2 capture", "kind": "short", "opcode": "0x02", "frag_index": null, "checksum_ok": true, "declared_length": 18}
2026-09-27T21:12:00.490+00:00 RX a5120200000000fc460247fc8cfbf30000ba D2 capture {"raw": "a5120200000000fc460247fc8cfbf30000ba", "label": "D2 capture", "kind": "short", "opcode": "0x02", "frag_index": null, "checksum_ok": true, "declared_length": 18}
2026-09-27T21:12:00.513+00:00 RX a5120200000000fc460247fc8cfbf30000ba D2 capture {"raw": "a5120200000000fc460247fc8cfbf30000ba", "label": "D2 capture", "kind": "short", "opcode": "0x02", "frag_index": null, "checksum_ok": true, "declared_length": 18}
2026-09-27T21:12:00.513+00:00 RX a5120200000000fc460247fc8cfbf30000ba D2 capture {"raw": "a5120200000000fc460247fc8cfbf30000ba", "label": "D2 capture", "kind": "short", "opcode": "0x02", "frag_index": null, "checksum_ok": true, "declared_length": 18}
2026-09-27T21:12:00.551+00:00 RX a5120200000000fc460247fc8cfbf30000ba D2 capture {"raw": "a5120200000000fc460247fc8cfbf30000ba", "label": "D2 capture", "kind": "short", "opcode": "0x02", "frag_index": null, "checksum_ok": true, "declared_length": 18}
2026-09-27T21:12:00.552+00:00 RX a5120200000000fc460247fc8cfbf30000ba D2 capture {"raw": "a5120200000000fc460247fc8cfbf30000ba", "label": "D2 capture", "kind": "short", "opcode": "0x02", "frag_index": null, "checksum_ok": true, "declared_length": 18}
2026-09-27T21:12:00.571+00:00 RX a5120200000000fc460247fc8cfbf30000ba D2 capture {"raw": "a5120200000000fc460247fc8cfbf30000ba", "label": "D2 capture", "kind": "short", "opcode": "0x02", "frag_index": null, "checksum_ok": true, "declared_length": 18}
2026-09-27T21:12:00.596+00:00 RX a5120200000000fc460247fc8cfbf30000ba D2 capture {"raw": "a5120200000000fc460247fc8cfbf30000ba", "label": "D2 capture", "kind": "short", "opcode": "0x02", "frag_index": null, "checksum_ok": true, "declared_length": 18}
2026-09-27T21:12:00.596+00:00 RX a5120200000000fc460247fc8cfbf30000ba D2 capture {"raw": "a5120200000000fc460247fc8cfbf30000ba", "label": "D2 capture", "kind": "short", "opcode": "0x02", "frag_index": null, "checksum_ok": true, "declared_length": 18}
2026-09-27T21:12:00.618+00:00 RX a5120200000000fc460247fc8cfbf30000ba D2 capture {"raw": "a5120200000000fc460247fc8cfbf30000ba", "label": "D2 capture", "kind": "short", "opcode": "0x02", "frag_index": null, "checksum_ok": true, "declared_length": 18}
2026-09-27T21:12:00.641+00:00 RX a5120200000000fc460247fc8cfbf30000ba D2 capture {"raw": "a5120200000000fc460247fc8cfbf30000ba", "label": "D2 capture", "kind": "short", "opcode": "0x02", "frag_index": null, "checksum_ok": true, "declared_length": 18}
2026-09-27T21:12:00.663+00:00 RX a5120200000000fc460247fc8cfbf30000ba D2 capture {"raw": "a5120200000000fc460247fc8cfbf30000ba", "label": "D2 capture", "kind": "short", "opcode": "0x02", "frag_index": null, "checksum_ok": true, "declared_length": 18}
2026-09-27T21:12:00.663+00:00 RX a5120200000000fc460247fc8cfbf30000ba D2 capture {"raw": "a5120200000000fc460247fc8cfbf30000ba", "label": "D2 capture", "kind": "short", "opcode": "0x02", "frag_index": null, "checksum_ok": true, "declared_length": 18}
2026-09-27T21:12:00.684+00:00 RX a5120200000000fc460247fc8cfbf30000ba D2 capture {"raw": "a5120200000000fc460247fc8cfbf30000ba", "label": "D2 capture", "kind": "short", "opcode": "0x02", "frag_index": null, "checksum_ok": true, "declared_length": 18}
2026-09-27T21:12:00.708+00:00 RX a5120200000000fc460247fc8cfbf30000ba D2 capture {"raw": "a5120200000000fc460247fc8cfbf30000ba", "label": "D2 capture", "kind": "short", "opcode": "0x02", "frag_index": null, "checksum_ok": true, "declared_length": 18}
2026-09-27T21:12:00.722+00:00 RX a5120200000000fc460247fc8cfbf30000ba D2 capture {"raw": "a5120200000000fc460247fc8cfbf30000ba", "label": "D2 capture", "kind": "short", "opcode": "0x02", "frag_index": null, "checksum_ok": true, "declared_length": 18}
2026-09-27T21:12:00.738+00:00 RX a5120200000000fc460247fc8cfbf30000ba D2 capture {"raw": "a5120200000000fc460247fc8cfbf30000ba", "label": "D2 capture", "kind": "short", "opcode": "0x02", "frag_index": null, "checksum_ok": true, "declared_length": 18}
2026-09-27T21:12:00.752+00:00 RX a5120200000000fc460247fc8cfbf30000ba D2 capture {"raw": "a5120200000000fc460247fc8cfbf30000ba", "label": "D2 capture", "kind": "short", "opcode": "0x02", "frag_index": null, "checksum_ok": true, "declared_length": 18}
2026-09-27T21:12:00.767+00:00 RX a5120200000000fc460247fc8cfbf30000ba D2 capture {"raw": "a5120200000000fc460247fc8cfbf30000ba", "label": "D2 capture", "kind": "short", "opcode": "0x02", "frag_index": null, "checksum_ok": true, "declared_length": 18}
2026-09-27T21:12:00.782+00:00 RX a5120200000000fc460247fc8cfbf30000ba D2 capture {"raw": "a5120200000000fc460247fc8cfbf30000ba", "label": "D2 capture", "kind": "short", "opcode": "0x02", "frag_index": null, "checksum_ok": true, "declared_length": 18}
2026-09-27T21:12:00.797+00:00 RX a5120200000000fc460247fc8cfbf30000ba D2 capture {"raw": "a5120200000000fc460247fc8cfbf30000ba", "label": "D2 capture", "kind": "short", "opcode": "0x02", "frag_index": null, "checksum_ok": true, "declared_length": 18}
2026-09-27T21:12:00.820+00:00 RX a5120200000000fc460247fc8cfbf30000ba D2 capture {"raw": "a5120200000000fc460247fc8cfbf30000ba", "label": "D2 capture", "kind": "short", "opcode": "0x02", "frag_index": null, "checksum_ok": true, "declared_length": 18}
2026-09-27T21:12:00.836+00:00 RX a5120200000000fc460247fc8cfbf30000ba D2 capture {"raw": "a5120200000000fc460247fc8cfbf30000ba", "label": "D2 capture", "kind": "short", "opcode": "0x02", "frag_index": null, "checksum_ok": true, "declared_length": 18}
2026-09-27T21:12:00.849+00:00 RX a5120200000000fc460247fc8cfbf30000ba D2 capture {"raw": "a5120200000000fc460247fc8cfbf30000ba", "label": "D2 capture", "kind": "short", "opcode": "0x02", "frag_index": null, "checksum_ok": true, "declared_length": 18}
2026-09-27T21:12:00.876+00:00 RX a5120200000000fc460247fc8cfbf30000ba D2 capture {"raw": "a5120200000000fc460247fc8cfbf30000ba", "label": "D2 capture", "kind": "short", "opcode": "0x02", "frag_index": null, "checksum_ok": true, "declared_length": 18}
2026-09-27T21:12:00.876+00:00 RX a5120200000000fc460247fc8cfbf30000ba D2 capture {"raw": "a5120200000000fc460247fc8cfbf30000ba", "label": "D2 capture", "kind": "short", "opcode": "0x02", "frag_index": null, "checksum_ok": true, "declared_length": 18}
2026-09-27T21:12:00.901+00:00 RX a5120200000000fc460247fc8cfbf30000ba D2 capture {"raw": "a5120200000000fc460247fc8cfbf30000ba", "label": "D2 capture", "kind": "short", "opcode": "0x02", "frag_index": null, "checksum_ok": true, "declared_length": 18}
2026-09-27T21:12:00.916+00:00 RX a5120200000000fc460047fc8cfbf30000b8 D2 capture {"raw": "a5120200000000fc460047fc8cfbf30000b8", "label": "D2 capture", "kind": "short", "opcode": "0x02", "frag_index": null, "checksum_ok": true, "declared_length": 18}
2026-09-27T21:12:00.933+00:00 RX a5120200000000fc46fbdcfc8cfbf3000048 D2 capture {"raw": "a5120200000000fc46fbdcfc8cfbf3000048", "label": "D2 capture", "kind": "short", "opcode": "0x02", "frag_index": null, "checksum_ok": true, "declared_length": 18}
2026-09-27T21:12:00.946+00:00 RX a5120200000000fd91fb1bfc8cfbf30000d3 D2 capture {"raw": "a5120200000000fd91fb1bfc8cfbf30000d3", "label": "D2 capture", "kind": "short", "opcode": "0x02", "frag_index": null, "checksum_ok": true, "declared_length": 18}
2026-09-27T21:12:00.961+00:00 RX a5120200000000fef4faaffc8cfbf30000ca D2 capture {"raw": "a5120200000000fef4faaffc8cfbf30000ca", "label": "D2 capture", "kind": "short", "opcode": "0x02", "frag_index": null, "checksum_ok": true, "declared_length": 18}
2026-09-27T21:12:00.979+00:00 RX a5120200000000fef4fad0fc8cfbf30000eb D2 capture {"raw": "a5120200000000fef4fad0fc8cfbf30000eb", "label": "D2 capture", "kind": "short", "opcode": "0x02", "frag_index": null, "checksum_ok": true, "declared_length": 18}
2026-09-27T21:12:01.000+00:00 RX a5120200000000fef4fad0fc8cfbf30000eb D2 capture {"raw": "a5120200000000fef4fad0fc8cfbf30000eb", "label": "D2 capture", "kind": "short", "opcode": "0x02", "frag_index": null, "checksum_ok": true, "declared_length": 18}
2026-09-27T21:12:01.016+00:00 RX a5120200000000fef4fad0fc8cfbf30000eb D2 capture {"raw": "a5120200000000fef4fad0fc8cfbf30000eb", "label": "D2 capture", "kind": "short", "opcode": "0x02", "frag_index": null, "checksum_ok": true, "declared_length": 18}
2026-09-27T21:12:01.031+00:00 RX a5120200000000fe90fb87fc8cfbf300003f D2 capture {"raw": "a5120200000000fe90fb87fc8cfbf300003f", "label": "D2 capture", "kind": "short", "opcode": "0x02", "frag_index": null, "checksum_ok": true, "declared_length": 18}
2026-09-27T21:12:01.046+00:00 RX a5120200000000ff6ffc2cfc8cfbf30000c5 D2 capture {"raw": "a5120200000000ff6ffc2cfc8cfbf30000c5", "label": "D2 capture", "kind": "short", "opcode": "0x02", "frag_index": null, "checksum_ok": true, "declared_length": 18}
2026-09-27T21:12:01.061+00:00 RX a512020000000000c800a7fc8cfbf300009e D2 capture {"raw": "a512020000000000c800a7fc8cfbf300009e", "label": "D2 capture", "kind": "short", "opcode": "0x02", "frag_index": null, "checksum_ok": true, "declared_length": 18}
2026-09-27T21:12:01.082+00:00 RX a512020000000000c801effc8cfbf30000e7 D2 capture {"raw": "a512020000000000c801effc8cfbf30000e7", "label": "D2 capture", "kind": "short", "opcode": "0x02", "frag_index": null, "checksum_ok": true, "declared_length": 18}
2026-09-27T21:12:01.097+00:00 RX a512020000000000c801f0fc8cfbf30000e8 D2 capture {"raw": "a512020000000000c801f0fc8cfbf30000e8", "label": "D2 capture", "kind": "short", "opcode": "0x02", "frag_index": null, "checksum_ok": true, "declared_length": 18}
2026-09-27T21:12:01.111+00:00 RX a512020000000000c801f0fc8cfbf30000e8 D2 capture {"raw": "a512020000000000c801f0fc8cfbf30000e8", "label": "D2 capture", "kind": "short", "opcode": "0x02", "frag_index": null, "checksum_ok": true, "declared_length": 18}
2026-09-27T21:12:01.128+00:00 RX a512020000000000c801f0fc8cfbf30000e8 D2 capture {"raw": "a512020000000000c801f0fc8cfbf30000e8", "label": "D2 capture", "kind": "short", "opcode": "0x02", "frag_index": null, "checksum_ok": true, "declared_length": 18}
2026-09-27T21:12:01.142+00:00 RX a512020000000000c8018afc8cfbf3000082 D2 capture {"raw": "a512020000000000c8018afc8cfbf3000082", "label": "D2 capture", "kind": "short", "opcode": "0x02", "frag_index": null, "checksum_ok": true, "declared_length": 18}
2026-09-27T21:12:01.157+00:00 RX a512020000000000c8018afc8cfbf3000082 D2 capture {"raw": "a512020000000000c8018afc8cfbf3000082", "label": "D2 capture", "kind": "short", "opcode": "0x02", "frag_index": null, "checksum_ok": true, "declared_length": 18}
2026-09-27T21:12:01.179+00:00 RX a512020000000000c80125fc8cfbf300001d D2 capture {"raw": "a512020000000000c80125fc8cfbf300001d", "label": "D2 capture", "kind": "short", "opcode": "0x02", "frag_index": null, "checksum_ok": true, "declared_length": 18}
2026-09-27T21:12:01.195+00:00 RX a512020000000000960125fc8cfbf30000eb D2 capture {"raw": "a512020000000000960125fc8cfbf30000eb", "label": "D2 capture", "kind": "short", "opcode": "0x02", "frag_index": null, "checksum_ok": true, "declared_length": 18}
2026-09-27T21:12:01.209+00:00 RX a512020000000000960125fc8cfbf30000eb D2 capture {"raw": "a512020000000000960125fc8cfbf30000eb", "label": "D2 capture", "kind": "short", "opcode": "0x02", "frag_index": null, "checksum_ok": true, "declared_length": 18}
2026-09-27T21:12:01.224+00:00 RX a5120200000000005f0125fc8cfbf30000b4 D2 capture {"raw": "a5120200000000005f0125fc8cfbf30000b4", "label": "D2 capture", "kind": "short", "opcode": "0x02", "frag_index": null, "checksum_ok": true, "declared_length": 18}
2026-09-27T21:12:01.239+00:00 RX a5120200000000005f01f2fc8cfbf3000081 D2 capture {"raw": "a5120200000000005f01f2fc8cfbf3000081", "label": "D2 capture", "kind": "short", "opcode": "0x02", "frag_index": null, "checksum_ok": true, "declared_length": 18}
2026-09-27T21:12:01.262+00:00 RX a5120200000000005f01f2fc8cfbf3000081 D2 capture {"raw": "a5120200000000005f01f2fc8cfbf3000081", "label": "D2 capture", "kind": "short", "opcode": "0x02", "frag_index": null, "checksum_ok": true, "declared_length": 18}
2026-09-27T21:12:01.277+00:00 RX a5120200000000005ffc8cfc8cfbf3000016 D2 capture {"raw": "a5120200000000005ffc8cfc8cfbf3000016", "label": "D2 capture", "kind": "short", "opcode": "0x02", "frag_index": null, "checksum_ok": true, "declared_length": 18}
2026-09-27T21:12:01.292+00:00 RX a51202000000000110fc2cfc8cfbf3000068 D2 capture {"raw": "a51202000000000110fc2cfc8cfbf3000068", "label": "D2 capture", "kind": "short", "opcode": "0x02", "frag_index": null, "checksum_ok": true, "declared_length": 18}
2026-09-27T21:12:01.307+00:00 RX a512020000000000d6fc0efc8cfbf300000f D2 capture {"raw": "a512020000000000d6fc0efc8cfbf300000f", "label": "D2 capture", "kind": "short", "opcode": "0x02", "frag_index": null, "checksum_ok": true, "declared_length": 18}
2026-09-27T21:12:01.323+00:00 RX a512020000000000d6fc0efc8cfbf300000f D2 capture {"raw": "a512020000000000d6fc0efc8cfbf300000f", "label": "D2 capture", "kind": "short", "opcode": "0x02", "frag_index": null, "checksum_ok": true, "declared_length": 18}
2026-09-27T21:12:01.652+00:00 RX a512020000200024cee83afc8cfbf3000063 D2 capture {"raw": "a512020000200024cee83afc8cfbf3000063", "label": "D2 capture", "kind": "short", "opcode": "0x02", "frag_index": null, "checksum_ok": true, "declared_length": 18}
2026-09-27T21:12:01.652+00:00 RX a51202000020001592f235fc8cfbf300001d D2 capture {"raw": "a51202000020001592f235fc8cfbf300001d", "label": "D2 capture", "kind": "short", "opcode": "0x02", "frag_index": null, "checksum_ok": true, "declared_length": 18}
2026-09-27T21:12:01.676+00:00 RX a512020000200014b8f202fc8cfbf300000f D2 capture {"raw": "a512020000200014b8f202fc8cfbf300000f", "label": "D2 capture", "kind": "short", "opcode": "0x02", "frag_index": null, "checksum_ok": true, "declared_length": 18}
2026-09-27T21:12:01.690+00:00 RX a512020000200014b8f202fc8cfbf300000f D2 capture {"raw": "a512020000200014b8f202fc8cfbf300000f", "label": "D2 capture", "kind": "short", "opcode": "0x02", "frag_index": null, "checksum_ok": true, "declared_length": 18}
2026-09-27T21:12:01.706+00:00 RX a512020000200014b8f134fc8cfbf3000040 D2 capture {"raw": "a512020000200014b8f134fc8cfbf3000040", "label": "D2 capture", "kind": "short", "opcode": "0x02", "frag_index": null, "checksum_ok": true, "declared_length": 18}
2026-09-27T21:12:01.726+00:00 RX a51202000020001637f0c6fc8cfbf3000052 D2 capture {"raw": "a51202000020001637f0c6fc8cfbf3000052", "label": "D2 capture", "kind": "short", "opcode": "0x02", "frag_index": null, "checksum_ok": true, "declared_length": 18}
2026-09-27T21:12:01.742+00:00 RX a51202000020001637f06efc8cfbf30000fa D2 capture {"raw": "a51202000020001637f06efc8cfbf30000fa", "label": "D2 capture", "kind": "short", "opcode": "0x02", "frag_index": null, "checksum_ok": true, "declared_length": 18}
2026-09-27T21:12:01.765+00:00 RX a51202000020001637f04efc8cfbf30000da D2 capture {"raw": "a51202000020001637f04efc8cfbf30000da", "label": "D2 capture", "kind": "short", "opcode": "0x02", "frag_index": null, "checksum_ok": true, "declared_length": 18}
2026-09-27T21:12:01.765+00:00 RX a51202000020001637f04efc8cfbf30000da D2 capture {"raw": "a51202000020001637f04efc8cfbf30000da", "label": "D2 capture", "kind": "short", "opcode": "0x02", "frag_index": null, "checksum_ok": true, "declared_length": 18}
2026-09-27T21:12:01.786+00:00 RX a51202000020001637f04efc8cfbf30000da D2 capture {"raw": "a51202000020001637f04efc8cfbf30000da", "label": "D2 capture", "kind": "short", "opcode": "0x02", "frag_index": null, "checksum_ok": true, "declared_length": 18}
2026-09-27T21:12:01.817+00:00 RX a512020000200015b4f1d9fc8cfbf30000e2 D2 capture {"raw": "a512020000200015b4f1d9fc8cfbf30000e2", "label": "D2 capture", "kind": "short", "opcode": "0x02", "frag_index": null, "checksum_ok": true, "declared_length": 18}
2026-09-27T21:12:01.818+00:00 RX a5120200002000143ff700fc8cfbf3000099 D2 capture {"raw": "a5120200002000143ff700fc8cfbf3000099", "label": "D2 capture", "kind": "short", "opcode": "0x02", "frag_index": null, "checksum_ok": true, "declared_length": 18}
2026-09-27T21:12:01.840+00:00 RX a512020000200013bbf885fc8cfbf300009a D2 capture {"raw": "a512020000200013bbf885fc8cfbf300009a", "label": "D2 capture", "kind": "short", "opcode": "0x02", "frag_index": null, "checksum_ok": true, "declared_length": 18}
2026-09-27T21:12:01.855+00:00 RX a51202000020001359fa7bfc8cfbf3000030 D2 capture {"raw": "a51202000020001359fa7bfc8cfbf3000030", "label": "D2 capture", "kind": "short", "opcode": "0x02", "frag_index": null, "checksum_ok": true, "declared_length": 18}
2026-09-27T21:12:01.877+00:00 RX a512020000000012d9fa67fc8cfbf300007b D2 capture {"raw": "a512020000000012d9fa67fc8cfbf300007b", "label": "D2 capture", "kind": "short", "opcode": "0x02", "frag_index": null, "checksum_ok": true, "declared_length": 18}
2026-09-27T21:12:01.878+00:00 RX a5120200000000113cfc02fc8cfbf300007a D2 capture {"raw": "a5120200000000113cfc02fc8cfbf300007a", "label": "D2 capture", "kind": "short", "opcode": "0x02", "frag_index": null, "checksum_ok": true, "declared_length": 18}
2026-09-27T21:12:01.908+00:00 RX a51202000000001003fb56fc8cfbf3000093 D2 capture {"raw": "a51202000000001003fb56fc8cfbf3000093", "label": "D2 capture", "kind": "short", "opcode": "0x02", "frag_index": null, "checksum_ok": true, "declared_length": 18}
2026-09-27T21:12:01.929+00:00 RX a51202000000000ec3fd5bfc8cfbf3000058 D2 capture {"raw": "a51202000000000ec3fd5bfc8cfbf3000058", "label": "D2 capture", "kind": "short", "opcode": "0x02", "frag_index": null, "checksum_ok": true, "declared_length": 18}
2026-09-27T21:12:01.929+00:00 RX a51202000000000b9c044afc8cfbf3000024 D2 capture {"raw": "a51202000000000b9c044afc8cfbf3000024", "label": "D2 capture", "kind": "short", "opcode": "0x02", "frag_index": null, "checksum_ok": true, "declared_length": 18}
2026-09-27T21:12:01.954+00:00 RX a51202000000000b9c0291fc8cfbf3000069 D2 capture {"raw": "a51202000000000b9c0291fc8cfbf3000069", "label": "D2 capture", "kind": "short", "opcode": "0x02", "frag_index": null, "checksum_ok": true, "declared_length": 18}
2026-09-27T21:12:01.967+00:00 RX a51202000000000b2eff09fc8cfbf3000070 D2 capture {"raw": "a51202000000000b2eff09fc8cfbf3000070", "label": "D2 capture", "kind": "short", "opcode": "0x02", "frag_index": null, "checksum_ok": true, "declared_length": 18}
2026-09-27T21:12:01.982+00:00 RX a5120200000000075afdc2fc8cfbf300004f D2 capture {"raw": "a5120200000000075afdc2fc8cfbf300004f", "label": "D2 capture", "kind": "short", "opcode": "0x02", "frag_index": null, "checksum_ok": true, "declared_length": 18}
2026-09-27T21:12:02.004+00:00 RX a512020000000004f0fbcffc8cfbf30000ed D2 capture {"raw": "a512020000000004f0fbcffc8cfbf30000ed", "label": "D2 capture", "kind": "short", "opcode": "0x02", "frag_index": null, "checksum_ok": true, "declared_length": 18}
2026-09-27T21:12:02.021+00:00 RX a51202000000000475fbcffc8cfbf3000072 D2 capture {"raw": "a51202000000000475fbcffc8cfbf3000072", "label": "D2 capture", "kind": "short", "opcode": "0x02", "frag_index": null, "checksum_ok": true, "declared_length": 18}
2026-09-27T21:12:02.041+00:00 RX a512020000000003bbfbcffc8cfbf30000b7 D2 capture {"raw": "a512020000000003bbfbcffc8cfbf30000b7", "label": "D2 capture", "kind": "short", "opcode": "0x02", "frag_index": null, "checksum_ok": true, "declared_length": 18}
2026-09-27T21:12:02.042+00:00 RX a512020000000003bdfb6dfc8cfbf3000057 D2 capture {"raw": "a512020000000003bdfb6dfc8cfbf3000057", "label": "D2 capture", "kind": "short", "opcode": "0x02", "frag_index": null, "checksum_ok": true, "declared_length": 18}
2026-09-27T21:12:02.064+00:00 RX a51202000000000323fb6dfc8cfbf30000bd D2 capture {"raw": "a51202000000000323fb6dfc8cfbf30000bd", "label": "D2 capture", "kind": "short", "opcode": "0x02", "frag_index": null, "checksum_ok": true, "declared_length": 18}
2026-09-27T21:12:02.088+00:00 RX a512020000000002a3fb6dfc8cfbf300003c D2 capture {"raw": "a512020000000002a3fb6dfc8cfbf300003c", "label": "D2 capture", "kind": "short", "opcode": "0x02", "frag_index": null, "checksum_ok": true, "declared_length": 18}
2026-09-27T21:12:02.101+00:00 RX a5120200000000ff1ffb6dfc8cfbf30000b5 D2 capture {"raw": "a5120200000000ff1ffb6dfc8cfbf30000b5", "label": "D2 capture", "kind": "short", "opcode": "0x02", "frag_index": null, "checksum_ok": true, "declared_length": 18}
2026-09-27T21:12:02.117+00:00 RX a5120200000000fd39fb68fc8cfbf30000c8 D2 capture {"raw": "a5120200000000fd39fb68fc8cfbf30000c8", "label": "D2 capture", "kind": "short", "opcode": "0x02", "frag_index": null, "checksum_ok": true, "declared_length": 18}
2026-09-27T21:12:02.132+00:00 RX a5120200000000fc8cfb68fc8cfbf300001a D2 capture {"raw": "a5120200000000fc8cfb68fc8cfbf300001a", "label": "D2 capture", "kind": "short", "opcode": "0x02", "frag_index": null, "checksum_ok": true, "declared_length": 18}
2026-09-27T21:12:02.154+00:00 RX a5120200000000fc54fb68fc8cfbf30000e2 D2 capture {"raw": "a5120200000000fc54fb68fc8cfbf30000e2", "label": "D2 capture", "kind": "short", "opcode": "0x02", "frag_index": null, "checksum_ok": true, "declared_length": 18}
2026-09-27T21:12:02.154+00:00 RX a5120200000000fc54fb06fc8cfbf3000080 D2 capture {"raw": "a5120200000000fc54fb06fc8cfbf3000080", "label": "D2 capture", "kind": "short", "opcode": "0x02", "frag_index": null, "checksum_ok": true, "declared_length": 18}
2026-09-27T21:12:02.186+00:00 RX a5120200000000fc54fb06fc8cfbf3000080 D2 capture {"raw": "a5120200000000fc54fb06fc8cfbf3000080", "label": "D2 capture", "kind": "short", "opcode": "0x02", "frag_index": null, "checksum_ok": true, "declared_length": 18}
2026-09-27T21:12:02.199+00:00 RX a5120200000000fc54fb06fc8cfbf3000080 D2 capture {"raw": "a5120200000000fc54fb06fc8cfbf3000080", "label": "D2 capture", "kind": "short", "opcode": "0x02", "frag_index": null, "checksum_ok": true, "declared_length": 18}
2026-09-27T21:12:02.216+00:00 RX a5120200000000fc54fc01fc8cfbf300007c D2 capture {"raw": "a5120200000000fc54fc01fc8cfbf300007c", "label": "D2 capture", "kind": "short", "opcode": "0x02", "frag_index": null, "checksum_ok": true, "declared_length": 18}
2026-09-27T21:12:02.230+00:00 RX a5120200000000fc54fc01fc8cfbf300007c D2 capture {"raw": "a5120200000000fc54fc01fc8cfbf300007c", "label": "D2 capture", "kind": "short", "opcode": "0x02", "frag_index": null, "checksum_ok": true, "declared_length": 18}
2026-09-27T21:12:02.246+00:00 RX a5120200000000fc54fc01fc8cfbf300007c D2 capture {"raw": "a5120200000000fc54fc01fc8cfbf300007c", "label": "D2 capture", "kind": "short", "opcode": "0x02", "frag_index": null, "checksum_ok": true, "declared_length": 18}
2026-09-27T21:12:02.266+00:00 RX a5120200000000fc54fc01fc8cfbf300007c D2 capture {"raw": "a5120200000000fc54fc01fc8cfbf300007c", "label": "D2 capture", "kind": "short", "opcode": "0x02", "frag_index": null, "checksum_ok": true, "declared_length": 18}
2026-09-27T21:12:02.281+00:00 RX a5120200000000fc54fc01fc8cfbf300007c D2 capture {"raw": "a5120200000000fc54fc01fc8cfbf300007c", "label": "D2 capture", "kind": "short", "opcode": "0x02", "frag_index": null, "checksum_ok": true, "declared_length": 18}
2026-09-27T21:12:02.304+00:00 RX a5120200000000fc54fc01fc8cfbf300007c D2 capture {"raw": "a5120200000000fc54fc01fc8cfbf300007c", "label": "D2 capture", "kind": "short", "opcode": "0x02", "frag_index": null, "checksum_ok": true, "declared_length": 18}
2026-09-27T21:12:02.319+00:00 RX a5120200000000fc54fc01fc8cfbf300007c D2 capture {"raw": "a5120200000000fc54fc01fc8cfbf300007c", "label": "D2 capture", "kind": "short", "opcode": "0x02", "frag_index": null, "checksum_ok": true, "declared_length": 18}
2026-09-27T21:12:02.319+00:00 RX a5120200000000fc54fc5dfc8cfbf30000d8 D2 capture {"raw": "a5120200000000fc54fc5dfc8cfbf30000d8", "label": "D2 capture", "kind": "short", "opcode": "0x02", "frag_index": null, "checksum_ok": true, "declared_length": 18}
2026-09-27T21:12:02.342+00:00 RX a5120200000000fc54fc5dfc8cfbf30000d8 D2 capture {"raw": "a5120200000000fc54fc5dfc8cfbf30000d8", "label": "D2 capture", "kind": "short", "opcode": "0x02", "frag_index": null, "checksum_ok": true, "declared_length": 18}
2026-09-27T21:12:02.365+00:00 RX a5120200000000fc54fc5dfc8cfbf30000d8 D2 capture {"raw": "a5120200000000fc54fc5dfc8cfbf30000d8", "label": "D2 capture", "kind": "short", "opcode": "0x02", "frag_index": null, "checksum_ok": true, "declared_length": 18}
2026-09-27T21:12:02.380+00:00 RX a5120200000000fc54fc7bfc8cfbf30000f6 D2 capture {"raw": "a5120200000000fc54fc7bfc8cfbf30000f6", "label": "D2 capture", "kind": "short", "opcode": "0x02", "frag_index": null, "checksum_ok": true, "declared_length": 18}
2026-09-27T21:12:02.395+00:00 RX a5120200000000fc54fc7bfc8cfbf30000f6 D2 capture {"raw": "a5120200000000fc54fc7bfc8cfbf30000f6", "label": "D2 capture", "kind": "short", "opcode": "0x02", "frag_index": null, "checksum_ok": true, "declared_length": 18}
2026-09-27T21:12:02.410+00:00 RX a5120200000000fc54fc7bfc8cfbf30000f6 D2 capture {"raw": "a5120200000000fc54fc7bfc8cfbf30000f6", "label": "D2 capture", "kind": "short", "opcode": "0x02", "frag_index": null, "checksum_ok": true, "declared_length": 18}
2026-09-27T21:12:02.432+00:00 RX a5120200000000fc54fc7bfc8cfbf30000f6 D2 capture {"raw": "a5120200000000fc54fc7bfc8cfbf30000f6", "label": "D2 capture", "kind": "short", "opcode": "0x02", "frag_index": null, "checksum_ok": true, "declared_length": 18}
2026-09-27T21:12:02.448+00:00 RX a5120200000000fc54fc7bfc8cfbf30000f6 D2 capture {"raw": "a5120200000000fc54fc7bfc8cfbf30000f6", "label": "D2 capture", "kind": "short", "opcode": "0x02", "frag_index": null, "checksum_ok": true, "declared_length": 18}
2026-09-27T21:12:02.462+00:00 RX a5120200000000fc54fc7bfc8cfbf30000f6 D2 capture {"raw": "a5120200000000fc54fc7bfc8cfbf30000f6", "label": "D2 capture", "kind": "short", "opcode": "0x02", "frag_index": null, "checksum_ok": true, "declared_length": 18}
2026-09-27T21:12:02.476+00:00 RX a5120200000000fc54fc7bfc8cfbf30000f6 D2 capture {"raw": "a5120200000000fc54fc7bfc8cfbf30000f6", "label": "D2 capture", "kind": "short", "opcode": "0x02", "frag_index": null, "checksum_ok": true, "declared_length": 18}
2026-09-27T21:12:02.492+00:00 RX a5120200000000fc54fc7bfc8cfbf30000f6 D2 capture {"raw": "a5120200000000fc54fc7bfc8cfbf30000f6", "label": "D2 capture", "kind": "short", "opcode": "0x02", "frag_index": null, "checksum_ok": true, "declared_length": 18}
2026-09-27T21:12:02.507+00:00 RX a5120200000000fc54fc7bfc8cfbf30000f6 D2 capture {"raw": "a5120200000000fc54fc7bfc8cfbf30000f6", "label": "D2 capture", "kind": "short", "opcode": "0x02", "frag_index": null, "checksum_ok": true, "declared_length": 18}
2026-09-27T21:12:02.522+00:00 RX a5120200000000fc54fc7bfc8cfbf30000f6 D2 capture {"raw": "a5120200000000fc54fc7bfc8cfbf30000f6", "label": "D2 capture", "kind": "short", "opcode": "0x02", "frag_index": null, "checksum_ok": true, "declared_length": 18}
2026-09-27T21:12:02.544+00:00 RX a5120200000000fc54fc7bfc8cfbf30000f6 D2 capture {"raw": "a5120200000000fc54fc7bfc8cfbf30000f6", "label": "D2 capture", "kind": "short", "opcode": "0x02", "frag_index": null, "checksum_ok": true, "declared_length": 18}
2026-09-27T21:12:02.559+00:00 RX a5120200000000fc54fc7bfc8cfbf30000f6 D2 capture {"raw": "a5120200000000fc54fc7bfc8cfbf30000f6", "label": "D2 capture", "kind": "short", "opcode": "0x02", "frag_index": null, "checksum_ok": true, "declared_length": 18}
2026-09-27T21:12:02.574+00:00 RX a5120200000000fc54fc7bfc8cfbf30000f6 D2 capture {"raw": "a5120200000000fc54fc7bfc8cfbf30000f6", "label": "D2 capture", "kind": "short", "opcode": "0x02", "frag_index": null, "checksum_ok": true, "declared_length": 18}
2026-09-27T21:12:02.589+00:00 RX a5120200000000fc54fc7bfc8cfbf30000f6 D2 capture {"raw": "a5120200000000fc54fc7bfc8cfbf30000f6", "label": "D2 capture", "kind": "short", "opcode": "0x02", "frag_index": null, "checksum_ok": true, "declared_length": 18}
2026-09-27T21:12:02.604+00:00 RX a5120200000000fc54fc7bfc8cfbf30000f6 D2 capture {"raw": "a5120200000000fc54fc7bfc8cfbf30000f6", "label": "D2 capture", "kind": "short", "opcode": "0x02", "frag_index": null, "checksum_ok": true, "declared_length": 18}
2026-09-27T21:12:02.627+00:00 RX a5120200000000fc54fc7bfc8cfbf30000f6 D2 capture {"raw": "a5120200000000fc54fc7bfc8cfbf30000f6", "label": "D2 capture", "kind": "short", "opcode": "0x02", "frag_index": null, "checksum_ok": true, "declared_length": 18}
2026-09-27T21:12:02.657+00:00 RX a5120200000000fc54fc7bfc8cfbf30000f6 D2 capture {"raw": "a5120200000000fc54fc7bfc8cfbf30000f6", "label": "D2 capture", "kind": "short", "opcode": "0x02", "frag_index": null, "checksum_ok": true, "declared_length": 18}
2026-09-27T21:12:02.658+00:00 RX a5120200000000fc54fc7bfc8cfc7a00007e D2 capture {"raw": "a5120200000000fc54fc7bfc8cfc7a00007e", "label": "D2 capture", "kind": "short", "opcode": "0x02", "frag_index": null, "checksum_ok": true, "declared_length": 18}
2026-09-27T21:12:02.673+00:00 RX a5120200000000fc54fc7bfc8cfcdc0000e0 D2 capture {"raw": "a5120200000000fc54fc7bfc8cfcdc0000e0", "label": "D2 capture", "kind": "short", "opcode": "0x02", "frag_index": null, "checksum_ok": true, "declared_length": 18}
2026-09-27T21:12:02.686+00:00 RX a5120200000000fc54fc7bfc8cfe00000006 D2 capture {"raw": "a5120200000000fc54fc7bfc8cfe00000006", "label": "D2 capture", "kind": "short", "opcode": "0x02", "frag_index": null, "checksum_ok": true, "declared_length": 18}
2026-09-27T21:12:02.702+00:00 RX a5120200000000fc54fc7bfc8cfe7e000084 D2 capture {"raw": "a5120200000000fc54fc7bfc8cfe7e000084", "label": "D2 capture", "kind": "short", "opcode": "0x02", "frag_index": null, "checksum_ok": true, "declared_length": 18}
2026-09-27T21:12:02.718+00:00 RX a5120200000000fc54fc7bfc8cfedc0000e2 D2 capture {"raw": "a5120200000000fc54fc7bfc8cfedc0000e2", "label": "D2 capture", "kind": "short", "opcode": "0x02", "frag_index": null, "checksum_ok": true, "declared_length": 18}
2026-09-27T21:12:02.741+00:00 RX a5120200000000fc54fc7bfc8cfefb000001 D2 capture {"raw": "a5120200000000fc54fc7bfc8cfefb000001", "label": "D2 capture", "kind": "short", "opcode": "0x02", "frag_index": null, "checksum_ok": true, "declared_length": 18}
2026-09-27T21:12:02.762+00:00 RX a5120200000000fc54fc7bfc8cff9300009a D2 capture {"raw": "a5120200000000fc54fc7bfc8cff9300009a", "label": "D2 capture", "kind": "short", "opcode": "0x02", "frag_index": null, "checksum_ok": true, "declared_length": 18}
2026-09-27T21:12:02.777+00:00 RX a5120200000000fc54fc7bfc8cff9300009a D2 capture {"raw": "a5120200000000fc54fc7bfc8cff9300009a", "label": "D2 capture", "kind": "short", "opcode": "0x02", "frag_index": null, "checksum_ok": true, "declared_length": 18}
2026-09-27T21:12:02.778+00:00 RX a5120200000000fc54fc7bfc8cff9300009a D2 capture {"raw": "a5120200000000fc54fc7bfc8cff9300009a", "label": "D2 capture", "kind": "short", "opcode": "0x02", "frag_index": null, "checksum_ok": true, "declared_length": 18}
2026-09-27T21:12:02.800+00:00 RX a5120200000000fc54fc7bfc8cff9300009a D2 capture {"raw": "a5120200000000fc54fc7bfc8cff9300009a", "label": "D2 capture", "kind": "short", "opcode": "0x02", "frag_index": null, "checksum_ok": true, "declared_length": 18}
2026-09-27T21:12:02.821+00:00 RX a5120200000000fc54fc7bfc8cff9300009a D2 capture {"raw": "a5120200000000fc54fc7bfc8cff9300009a", "label": "D2 capture", "kind": "short", "opcode": "0x02", "frag_index": null, "checksum_ok": true, "declared_length": 18}
2026-09-27T21:12:02.836+00:00 RX a5120200000000fc54fc7bfc8cff9300009a D2 capture {"raw": "a5120200000000fc54fc7bfc8cff9300009a", "label": "D2 capture", "kind": "short", "opcode": "0x02", "frag_index": null, "checksum_ok": true, "declared_length": 18}
2026-09-27T21:12:02.853+00:00 RX a5120200000000fc54fc7bfc8cff9300009a D2 capture {"raw": "a5120200000000fc54fc7bfc8cff9300009a", "label": "D2 capture", "kind": "short", "opcode": "0x02", "frag_index": null, "checksum_ok": true, "declared_length": 18}
2026-09-27T21:12:02.874+00:00 RX a5120200000000fc54fc7bfc8cff9300009a D2 capture {"raw": "a5120200000000fc54fc7bfc8cff9300009a", "label": "D2 capture", "kind": "short", "opcode": "0x02", "frag_index": null, "checksum_ok": true, "declared_length": 18}
2026-09-27T21:12:02.875+00:00 RX a5120200000000fc54fc7bfc8cff9300009a D2 capture {"raw": "a5120200000000fc54fc7bfc8cff9300009a", "label": "D2 capture", "kind": "short", "opcode": "0x02", "frag_index": null, "checksum_ok": true, "declared_length": 18}
2026-09-27T21:12:02.898+00:00 RX a5120200000000fc54fc7bfc8cff9300009a D2 capture {"raw": "a5120200000000fc54fc7bfc8cff9300009a", "label": "D2 capture", "kind": "short", "opcode": "0x02", "frag_index": null, "checksum_ok": true, "declared_length": 18}
2026-09-27T21:12:02.921+00:00 RX a5120200000000fc54fc7bfc8cff9300009a D2 capture {"raw": "a5120200000000fc54fc7bfc8cff9300009a", "label": "D2 capture", "kind": "short", "opcode": "0x02", "frag_index": null, "checksum_ok": true, "declared_length": 18}
2026-09-27T21:12:02.936+00:00 RX a5120200000000fc54fc7bfc8cff9300009a D2 capture {"raw": "a5120200000000fc54fc7bfc8cff9300009a", "label": "D2 capture", "kind": "short", "opcode": "0x02", "frag_index": null, "checksum_ok": true, "declared_length": 18}
2026-09-27T21:12:02.951+00:00 RX a5120200000000fc54fc7bfc8cff9300009a D2 capture {"raw": "a5120200000000fc54fc7bfc8cff9300009a", "label": "D2 capture", "kind": "short", "opcode": "0x02", "frag_index": null, "checksum_ok": true, "declared_length": 18}
2026-09-27T21:12:02.966+00:00 RX a5120200000000fc54fc7bfc8cff9300009a D2 capture {"raw": "a5120200000000fc54fc7bfc8cff9300009a", "label": "D2 capture", "kind": "short", "opcode": "0x02", "frag_index": null, "checksum_ok": true, "declared_length": 18}
2026-09-27T21:12:02.988+00:00 RX a5120200000000fc54fc7bfc8c018200008b D2 capture {"raw": "a5120200000000fc54fc7bfc8c018200008b", "label": "D2 capture", "kind": "short", "opcode": "0x02", "frag_index": null, "checksum_ok": true, "declared_length": 18}
2026-09-27T21:12:03.003+00:00 RX a5120200000000fc54fc7bfc8c03a90000b4 D2 capture {"raw": "a5120200000000fc54fc7bfc8c03a90000b4", "label": "D2 capture", "kind": "short", "opcode": "0x02", "frag_index": null, "checksum_ok": true, "declared_length": 18}
2026-09-27T21:12:03.017+00:00 RX a5120200000000fc54fc7bfc8c03de0000e9 D2 capture {"raw": "a5120200000000fc54fc7bfc8c03de0000e9", "label": "D2 capture", "kind": "short", "opcode": "0x02", "frag_index": null, "checksum_ok": true, "declared_length": 18}
2026-09-27T21:12:03.041+00:00 RX a5120200000000fc54fc7bfc8c03de0000e9 D2 capture {"raw": "a5120200000000fc54fc7bfc8c03de0000e9", "label": "D2 capture", "kind": "short", "opcode": "0x02", "frag_index": null, "checksum_ok": true, "declared_length": 18}
2026-09-27T21:12:03.041+00:00 RX a5120200000000fc54fc7bfc8c03de0000e9 D2 capture {"raw": "a5120200000000fc54fc7bfc8c03de0000e9", "label": "D2 capture", "kind": "short", "opcode": "0x02", "frag_index": null, "checksum_ok": true, "declared_length": 18}
2026-09-27T21:12:03.062+00:00 RX a5120200000000fc54fc7bfc8c03de0000e9 D2 capture {"raw": "a5120200000000fc54fc7bfc8c03de0000e9", "label": "D2 capture", "kind": "short", "opcode": "0x02", "frag_index": null, "checksum_ok": true, "declared_length": 18}
2026-09-27T21:12:03.385+00:00 RX a5120200004000fc54fc7b02db040b0000ac D2 capture {"raw": "a5120200004000fc54fc7b02db040b0000ac", "label": "D2 capture", "kind": "short", "opcode": "0x02", "frag_index": null, "checksum_ok": true, "declared_length": 18}
2026-09-27T21:12:03.399+00:00 RX a5120200004000fc54fc7b03d4040b0000a6 D2 capture {"raw": "a5120200004000fc54fc7b03d4040b0000a6", "label": "D2 capture", "kind": "short", "opcode": "0x02", "frag_index": null, "checksum_ok": true, "declared_length": 18}
2026-09-27T21:12:03.414+00:00 RX a5120200004000fc54fc7b0432040b000005 D2 capture {"raw": "a5120200004000fc54fc7b0432040b000005", "label": "D2 capture", "kind": "short", "opcode": "0x02", "frag_index": null, "checksum_ok": true, "declared_length": 18}
2026-09-27T21:12:03.429+00:00 RX a5120200004000fc54fc7b04cd040b0000a0 D2 capture {"raw": "a5120200004000fc54fc7b04cd040b0000a0", "label": "D2 capture", "kind": "short", "opcode": "0x02", "frag_index": null, "checksum_ok": true, "declared_length": 18}
2026-09-27T21:12:03.447+00:00 RX a5120200004000fc54fc7b0528036f00005f D2 capture {"raw": "a5120200004000fc54fc7b0528036f00005f", "label": "D2 capture", "kind": "short", "opcode": "0x02", "frag_index": null, "checksum_ok": true, "declared_length": 18}
2026-09-27T21:12:03.468+00:00 RX a5120200004000fc54fc7b052801ea0000d8 D2 capture {"raw": "a5120200004000fc54fc7b052801ea0000d8", "label": "D2 capture", "kind": "short", "opcode": "0x02", "frag_index": null, "checksum_ok": true, "declared_length": 18}
2026-09-27T21:12:03.498+00:00 RX a5120200004000fc54fc7b053a016d00006d D2 capture {"raw": "a5120200004000fc54fc7b053a016d00006d", "label": "D2 capture", "kind": "short", "opcode": "0x02", "frag_index": null, "checksum_ok": true, "declared_length": 18}
2026-09-27T21:12:03.498+00:00 RX a5120200004000fc54fc7b0656016d00008a D2 capture {"raw": "a5120200004000fc54fc7b0656016d00008a", "label": "D2 capture", "kind": "short", "opcode": "0x02", "frag_index": null, "checksum_ok": true, "declared_length": 18}
2026-09-27T21:12:03.512+00:00 RX a5120200004000fc54fc7b0754016d000089 D2 capture {"raw": "a5120200004000fc54fc7b0754016d000089", "label": "D2 capture", "kind": "short", "opcode": "0x02", "frag_index": null, "checksum_ok": true, "declared_length": 18}
2026-09-27T21:12:03.536+00:00 RX a5120200004000fc54fc7b091202ac000089 D2 capture {"raw": "a5120200004000fc54fc7b091202ac000089", "label": "D2 capture", "kind": "short", "opcode": "0x02", "frag_index": null, "checksum_ok": true, "declared_length": 18}
2026-09-27T21:12:03.536+00:00 RX a5120200004000fc54fc7b0aeb02ac000063 D2 capture {"raw": "a5120200004000fc54fc7b0aeb02ac000063", "label": "D2 capture", "kind": "short", "opcode": "0x02", "frag_index": null, "checksum_ok": true, "declared_length": 18}
2026-09-27T21:12:03.557+00:00 RX a5120200004000fc54fc7b0b2902ac0000a2 D2 capture {"raw": "a5120200004000fc54fc7b0b2902ac0000a2", "label": "D2 capture", "kind": "short", "opcode": "0x02", "frag_index": null, "checksum_ok": true, "declared_length": 18}
2026-09-27T21:12:03.579+00:00 RX a5120200004000fc54fc7b0ba702ac000020 D2 capture {"raw": "a5120200004000fc54fc7b0ba702ac000020", "label": "D2 capture", "kind": "short", "opcode": "0x02", "frag_index": null, "checksum_ok": true, "declared_length": 18}
2026-09-27T21:12:03.602+00:00 RX a5120200004000fc54fc7b0ca302ac00001d D2 capture {"raw": "a5120200004000fc54fc7b0ca302ac00001d", "label": "D2 capture", "kind": "short", "opcode": "0x02", "frag_index": null, "checksum_ok": true, "declared_length": 18}
2026-09-27T21:12:03.603+00:00 RX a5120200004000fc54fc7b0d0102ac00007c D2 capture {"raw": "a5120200004000fc54fc7b0d0102ac00007c", "label": "D2 capture", "kind": "short", "opcode": "0x02", "frag_index": null, "checksum_ok": true, "declared_length": 18}
2026-09-27T21:12:03.624+00:00 RX a5120200004000fc54fc7b0d4002ac0000bb D2 capture {"raw": "a5120200004000fc54fc7b0d4002ac0000bb", "label": "D2 capture", "kind": "short", "opcode": "0x02", "frag_index": null, "checksum_ok": true, "declared_length": 18}
2026-09-27T21:12:03.646+00:00 RX a5120200004000fc54fc7b0d4002ac0000bb D2 capture {"raw": "a5120200004000fc54fc7b0d4002ac0000bb", "label": "D2 capture", "kind": "short", "opcode": "0x02", "frag_index": null, "checksum_ok": true, "declared_length": 18}
2026-09-27T21:12:03.665+00:00 RX a5120200004000fc54fc7b0d4002ac0000bb D2 capture {"raw": "a5120200004000fc54fc7b0d4002ac0000bb", "label": "D2 capture", "kind": "short", "opcode": "0x02", "frag_index": null, "checksum_ok": true, "declared_length": 18}
2026-09-27T21:12:03.676+00:00 RX a5120200000000fc54fc7b0b2802ac000061 D2 capture {"raw": "a5120200000000fc54fc7b0b2802ac000061", "label": "D2 capture", "kind": "short", "opcode": "0x02", "frag_index": null, "checksum_ok": true, "declared_length": 18}
2026-09-27T21:12:03.691+00:00 RX a5120200000000fc54fc7b08d402ac00000a D2 capture {"raw": "a5120200000000fc54fc7b08d402ac00000a", "label": "D2 capture", "kind": "short", "opcode": "0x02", "frag_index": null, "checksum_ok": true, "declared_length": 18}
2026-09-27T21:12:03.706+00:00 RX a5120200000000fc54fc7b07d702ac00000c D2 capture {"raw": "a5120200000000fc54fc7b07d702ac00000c", "label": "D2 capture", "kind": "short", "opcode": "0x02", "frag_index": null, "checksum_ok": true, "declared_length": 18}
2026-09-27T21:12:03.723+00:00 RX a5120200000000fc54fc7b06f6006e0000ea D2 capture {"raw": "a5120200000000fc54fc7b06f6006e0000ea", "label": "D2 capture", "kind": "short", "opcode": "0x02", "frag_index": null, "checksum_ok": true, "declared_length": 18}
2026-09-27T21:12:03.737+00:00 RX a5120200000000fc54fc7b06f6fe720000ec D2 capture {"raw": "a5120200000000fc54fc7b06f6fe720000ec", "label": "D2 capture", "kind": "short", "opcode": "0x02", "frag_index": null, "checksum_ok": true, "declared_length": 18}
2026-09-27T21:12:03.760+00:00 RX a5120200000000fc54fc7b06f6fe570000d1 D2 capture {"raw": "a5120200000000fc54fc7b06f6fe570000d1", "label": "D2 capture", "kind": "short", "opcode": "0x02", "frag_index": null, "checksum_ok": true, "declared_length": 18}
2026-09-27T21:12:03.776+00:00 RX a5120200000000fc54fc7b0691fdc50000d9 D2 capture {"raw": "a5120200000000fc54fc7b0691fdc50000d9", "label": "D2 capture", "kind": "short", "opcode": "0x02", "frag_index": null, "checksum_ok": true, "declared_length": 18}
2026-09-27T21:12:03.791+00:00 RX a5120200000000fc54fc7b0691fd63000077 D2 capture {"raw": "a5120200000000fc54fc7b0691fd63000077", "label": "D2 capture", "kind": "short", "opcode": "0x02", "frag_index": null, "checksum_ok": true, "declared_length": 18}
2026-09-27T21:12:03.806+00:00 RX a5120200000000fc54fc7b0691fd63000077 D2 capture {"raw": "a5120200000000fc54fc7b0691fd63000077", "label": "D2 capture", "kind": "short", "opcode": "0x02", "frag_index": null, "checksum_ok": true, "declared_length": 18}
2026-09-27T21:12:03.820+00:00 RX a5120200000000fc54fc7b0691fce90000fc D2 capture {"raw": "a5120200000000fc54fc7b0691fce90000fc", "label": "D2 capture", "kind": "short", "opcode": "0x02", "frag_index": null, "checksum_ok": true, "declared_length": 18}
2026-09-27T21:12:03.850+00:00 RX a5120200000000fc54fc7b0691fce90000fc D2 capture {"raw": "a5120200000000fc54fc7b0691fce90000fc", "label": "D2 capture", "kind": "short", "opcode": "0x02", "frag_index": null, "checksum_ok": true, "declared_length": 18}
2026-09-27T21:12:03.850+00:00 RX a5120200000000fc54fc7b0691fc4a00005d D2 capture {"raw": "a5120200000000fc54fc7b0691fc4a00005d", "label": "D2 capture", "kind": "short", "opcode": "0x02", "frag_index": null, "checksum_ok": true, "declared_length": 18}
2026-09-27T21:12:03.881+00:00 RX a5120200000000fc54fc7b0691fbea0000fc D2 capture {"raw": "a5120200000000fc54fc7b0691fbea0000fc", "label": "D2 capture", "kind": "short", "opcode": "0x02", "frag_index": null, "checksum_ok": true, "declared_length": 18}
2026-09-27T21:12:03.882+00:00 RX a5120200000000fc54fc7b0691fbea0000fc D2 capture {"raw": "a5120200000000fc54fc7b0691fbea0000fc", "label": "D2 capture", "kind": "short", "opcode": "0x02", "frag_index": null, "checksum_ok": true, "declared_length": 18}
2026-09-27T21:12:03.918+00:00 RX a5120200000000fc54fc7b0691fb86000098 D2 capture {"raw": "a5120200000000fc54fc7b0691fb86000098", "label": "D2 capture", "kind": "short", "opcode": "0x02", "frag_index": null, "checksum_ok": true, "declared_length": 18}
2026-09-27T21:12:03.918+00:00 RX a5120200000000fc54fc7b0691fb86000098 D2 capture {"raw": "a5120200000000fc54fc7b0691fb86000098", "label": "D2 capture", "kind": "short", "opcode": "0x02", "frag_index": null, "checksum_ok": true, "declared_length": 18}
2026-09-27T21:12:03.939+00:00 RX a5120200000000fc54fc7b0691fb03000015 D2 capture {"raw": "a5120200000000fc54fc7b0691fb03000015", "label": "D2 capture", "kind": "short", "opcode": "0x02", "frag_index": null, "checksum_ok": true, "declared_length": 18}
2026-09-27T21:12:03.955+00:00 RX a5120200000000fc54fc7b0691fac30000d4 D2 capture {"raw": "a5120200000000fc54fc7b0691fac30000d4", "label": "D2 capture", "kind": "short", "opcode": "0x02", "frag_index": null, "checksum_ok": true, "declared_length": 18}
2026-09-27T21:12:03.969+00:00 RX a5120200000000fc54fc7b0691faa20000b3 D2 capture {"raw": "a5120200000000fc54fc7b0691faa20000b3", "label": "D2 capture", "kind": "short", "opcode": "0x02", "frag_index": null, "checksum_ok": true, "declared_length": 18}
2026-09-27T21:12:03.993+00:00 RX a5120200000000fc54fc7b0691faa20000b3 D2 capture {"raw": "a5120200000000fc54fc7b0691faa20000b3", "label": "D2 capture", "kind": "short", "opcode": "0x02", "frag_index": null, "checksum_ok": true, "declared_length": 18}
2026-09-27T21:12:03.994+00:00 RX a5120200000000fc54fc7b0691fa41000052 D2 capture {"raw": "a5120200000000fc54fc7b0691fa41000052", "label": "D2 capture", "kind": "short", "opcode": "0x02", "frag_index": null, "checksum_ok": true, "declared_length": 18}
2026-09-27T21:12:04.016+00:00 RX a5120200000000fc54fc7b0691fa41000052 D2 capture {"raw": "a5120200000000fc54fc7b0691fa41000052", "label": "D2 capture", "kind": "short", "opcode": "0x02", "frag_index": null, "checksum_ok": true, "declared_length": 18}
2026-09-27T21:12:04.037+00:00 RX a5120200000000fc54fc7b0691fa41000052 D2 capture {"raw": "a5120200000000fc54fc7b0691fa41000052", "label": "D2 capture", "kind": "short", "opcode": "0x02", "frag_index": null, "checksum_ok": true, "declared_length": 18}
2026-09-27T21:12:04.052+00:00 RX a5120200000000fc54fc7b0691fa41000052 D2 capture {"raw": "a5120200000000fc54fc7b0691fa41000052", "label": "D2 capture", "kind": "short", "opcode": "0x02", "frag_index": null, "checksum_ok": true, "declared_length": 18}
2026-09-27T21:12:04.068+00:00 RX a5120200000000fc54fc7b0691fa41000052 D2 capture {"raw": "a5120200000000fc54fc7b0691fa41000052", "label": "D2 capture", "kind": "short", "opcode": "0x02", "frag_index": null, "checksum_ok": true, "declared_length": 18}
2026-09-27T21:12:04.083+00:00 RX a5120200000000fc54fc7b0691fa41000052 D2 capture {"raw": "a5120200000000fc54fc7b0691fa41000052", "label": "D2 capture", "kind": "short", "opcode": "0x02", "frag_index": null, "checksum_ok": true, "declared_length": 18}
2026-09-27T21:12:04.097+00:00 RX a5120200000000fc54fc7b0691fa41000052 D2 capture {"raw": "a5120200000000fc54fc7b0691fa41000052", "label": "D2 capture", "kind": "short", "opcode": "0x02", "frag_index": null, "checksum_ok": true, "declared_length": 18}
2026-09-27T21:12:04.112+00:00 RX a5120200000000fc54fc7b0691fa41000052 D2 capture {"raw": "a5120200000000fc54fc7b0691fa41000052", "label": "D2 capture", "kind": "short", "opcode": "0x02", "frag_index": null, "checksum_ok": true, "declared_length": 18}
2026-09-27T21:12:04.136+00:00 RX a5120200000000fc54fc7b0641fa41000002 D2 capture {"raw": "a5120200000000fc54fc7b0641fa41000002", "label": "D2 capture", "kind": "short", "opcode": "0x02", "frag_index": null, "checksum_ok": true, "declared_length": 18}
2026-09-27T21:12:04.151+00:00 RX a5120200000000fc54fc7b0622fa410000e3 D2 capture {"raw": "a5120200000000fc54fc7b0622fa410000e3", "label": "D2 capture", "kind": "short", "opcode": "0x02", "frag_index": null, "checksum_ok": true, "declared_length": 18}
2026-09-27T21:12:04.166+00:00 RX a5120200000000fc54fc7b0622fa410000e3 D2 capture {"raw": "a5120200000000fc54fc7b0622fa410000e3", "label": "D2 capture", "kind": "short", "opcode": "0x02", "frag_index": null, "checksum_ok": true, "declared_length": 18}
2026-09-27T21:12:04.180+00:00 RX a5120200000000fc54fc7b05c4fa41000084 D2 capture {"raw": "a5120200000000fc54fc7b05c4fa41000084", "label": "D2 capture", "kind": "short", "opcode": "0x02", "frag_index": null, "checksum_ok": true, "declared_length": 18}
2026-09-27T21:12:04.195+00:00 RX a5120200000000fc54fc7b05a4fa41000064 D2 capture {"raw": "a5120200000000fc54fc7b05a4fa41000064", "label": "D2 capture", "kind": "short", "opcode": "0x02", "frag_index": null, "checksum_ok": true, "declared_length": 18}
2026-09-27T21:12:04.218+00:00 RX a5120200000000fc54fc7b05a4fa41000064 D2 capture {"raw": "a5120200000000fc54fc7b05a4fa41000064", "label": "D2 capture", "kind": "short", "opcode": "0x02", "frag_index": null, "checksum_ok": true, "declared_length": 18}
2026-09-27T21:12:04.239+00:00 RX a5120200000000fc54fc7b05a4fa41000064 D2 capture {"raw": "a5120200000000fc54fc7b05a4fa41000064", "label": "D2 capture", "kind": "short", "opcode": "0x02", "frag_index": null, "checksum_ok": true, "declared_length": 18}
2026-09-27T21:12:04.254+00:00 RX a5120200000000fc54fc7b05a4fa41000064 D2 capture {"raw": "a5120200000000fc54fc7b05a4fa41000064", "label": "D2 capture", "kind": "short", "opcode": "0x02", "frag_index": null, "checksum_ok": true, "declared_length": 18}
2026-09-27T21:12:04.254+00:00 RX a5120200000000fc54fc7b0546fa41000006 D2 capture {"raw": "a5120200000000fc54fc7b0546fa41000006", "label": "D2 capture", "kind": "short", "opcode": "0x02", "frag_index": null, "checksum_ok": true, "declared_length": 18}
2026-09-27T21:12:04.279+00:00 RX a5120200000000fc54fc7b0527fa410000e7 D2 capture {"raw": "a5120200000000fc54fc7b0527fa410000e7", "label": "D2 capture", "kind": "short", "opcode": "0x02", "frag_index": null, "checksum_ok": true, "declared_length": 18}
2026-09-27T21:12:04.293+00:00 RX a5120200000000fc54fc7b0527fa410000e7 D2 capture {"raw": "a5120200000000fc54fc7b0527fa410000e7", "label": "D2 capture", "kind": "short", "opcode": "0x02", "frag_index": null, "checksum_ok": true, "declared_length": 18}
2026-09-27T21:12:04.322+00:00 RX a5120200000000fc54fc7b0527fa410000e7 D2 capture {"raw": "a5120200000000fc54fc7b0527fa410000e7", "label": "D2 capture", "kind": "short", "opcode": "0x02", "frag_index": null, "checksum_ok": true, "declared_length": 18}
2026-09-27T21:12:04.322+00:00 RX a5120200000000fc54fc7b0527fa410000e7 D2 capture {"raw": "a5120200000000fc54fc7b0527fa410000e7", "label": "D2 capture", "kind": "short", "opcode": "0x02", "frag_index": null, "checksum_ok": true, "declared_length": 18}
2026-09-27T21:12:04.345+00:00 RX a5120200000000fc54fc7b0527fa410000e7 D2 capture {"raw": "a5120200000000fc54fc7b0527fa410000e7", "label": "D2 capture", "kind": "short", "opcode": "0x02", "frag_index": null, "checksum_ok": true, "declared_length": 18}
2026-09-27T21:12:04.360+00:00 RX a5120200000000fc54fc7b0527fa410000e7 D2 capture {"raw": "a5120200000000fc54fc7b0527fa410000e7", "label": "D2 capture", "kind": "short", "opcode": "0x02", "frag_index": null, "checksum_ok": true, "declared_length": 18}
2026-09-27T21:12:04.375+00:00 RX a5120200000000fc54fc7b0527fa410000e7 D2 capture {"raw": "a5120200000000fc54fc7b0527fa410000e7", "label": "D2 capture", "kind": "short", "opcode": "0x02", "frag_index": null, "checksum_ok": true, "declared_length": 18}
2026-09-27T21:12:04.396+00:00 RX a5120200000000fc54fc7b0527fa410000e7 D2 capture {"raw": "a5120200000000fc54fc7b0527fa410000e7", "label": "D2 capture", "kind": "short", "opcode": "0x02", "frag_index": null, "checksum_ok": true, "declared_length": 18}
2026-09-27T21:12:04.411+00:00 RX a5120200000000fc54fc7b0527fa410000e7 D2 capture {"raw": "a5120200000000fc54fc7b0527fa410000e7", "label": "D2 capture", "kind": "short", "opcode": "0x02", "frag_index": null, "checksum_ok": true, "declared_length": 18}
2026-09-27T21:12:04.428+00:00 RX a5120200000000fc54fc7b0527fa410000e7 D2 capture {"raw": "a5120200000000fc54fc7b0527fa410000e7", "label": "D2 capture", "kind": "short", "opcode": "0x02", "frag_index": null, "checksum_ok": true, "declared_length": 18}
2026-09-27T21:12:04.442+00:00 RX a5120200000000fc54fc7b0527fa410000e7 D2 capture {"raw": "a5120200000000fc54fc7b0527fa410000e7", "label": "D2 capture", "kind": "short", "opcode": "0x02", "frag_index": null, "checksum_ok": true, "declared_length": 18}
2026-09-27T21:12:04.457+00:00 RX a5120200000000fc54fc7b04c8fa41000087 D2 capture {"raw": "a5120200000000fc54fc7b04c8fa41000087", "label": "D2 capture", "kind": "short", "opcode": "0x02", "frag_index": null, "checksum_ok": true, "declared_length": 18}
2026-09-27T21:12:04.471+00:00 RX a5120200000000fc54fc7b04c8fa41000087 D2 capture {"raw": "a5120200000000fc54fc7b04c8fa41000087", "label": "D2 capture", "kind": "short", "opcode": "0x02", "frag_index": null, "checksum_ok": true, "declared_length": 18}
2026-09-27T21:12:04.494+00:00 RX a5120200000000fc54fc7b0489fa41000048 D2 capture {"raw": "a5120200000000fc54fc7b0489fa41000048", "label": "D2 capture", "kind": "short", "opcode": "0x02", "frag_index": null, "checksum_ok": true, "declared_length": 18}
2026-09-27T21:12:04.509+00:00 RX a5120200000000fc54fc7b0489fa41000048 D2 capture {"raw": "a5120200000000fc54fc7b0489fa41000048", "label": "D2 capture", "kind": "short", "opcode": "0x02", "frag_index": null, "checksum_ok": true, "declared_length": 18}
2026-09-27T21:12:04.531+00:00 RX a5120200000000fc54fc7b0489fa41000048 D2 capture {"raw": "a5120200000000fc54fc7b0489fa41000048", "label": "D2 capture", "kind": "short", "opcode": "0x02", "frag_index": null, "checksum_ok": true, "declared_length": 18}
2026-09-27T21:12:04.531+00:00 RX a5120200000000fc54fc7b0489fa41000048 D2 capture {"raw": "a5120200000000fc54fc7b0489fa41000048", "label": "D2 capture", "kind": "short", "opcode": "0x02", "frag_index": null, "checksum_ok": true, "declared_length": 18}
2026-09-27T21:12:04.563+00:00 RX a5120200000000fc54fc7b0489fa41000048 D2 capture {"raw": "a5120200000000fc54fc7b0489fa41000048", "label": "D2 capture", "kind": "short", "opcode": "0x02", "frag_index": null, "checksum_ok": true, "declared_length": 18}
2026-09-27T21:12:04.577+00:00 RX a5120200000000fc54fc7b0489fa41000048 D2 capture {"raw": "a5120200000000fc54fc7b0489fa41000048", "label": "D2 capture", "kind": "short", "opcode": "0x02", "frag_index": null, "checksum_ok": true, "declared_length": 18}
2026-09-27T21:12:04.601+00:00 RX a5120200000000fc54fc7b0489fa41000048 D2 capture {"raw": "a5120200000000fc54fc7b0489fa41000048", "label": "D2 capture", "kind": "short", "opcode": "0x02", "frag_index": null, "checksum_ok": true, "declared_length": 18}
2026-09-27T21:12:04.601+00:00 RX a5120200000000fc54fc7b044bfb040000ce D2 capture {"raw": "a5120200000000fc54fc7b044bfb040000ce", "label": "D2 capture", "kind": "short", "opcode": "0x02", "frag_index": null, "checksum_ok": true, "declared_length": 18}
2026-09-27T21:12:04.623+00:00 RX a5120200000000fc54fc7b044bfb040000ce D2 capture {"raw": "a5120200000000fc54fc7b044bfb040000ce", "label": "D2 capture", "kind": "short", "opcode": "0x02", "frag_index": null, "checksum_ok": true, "declared_length": 18}
2026-09-27T21:12:04.645+00:00 RX a5120200000000fc54fc7b044bfb040000ce D2 capture {"raw": "a5120200000000fc54fc7b044bfb040000ce", "label": "D2 capture", "kind": "short", "opcode": "0x02", "frag_index": null, "checksum_ok": true, "declared_length": 18}
2026-09-27T21:12:04.645+00:00 RX a5120200000000fc54fc7b044bfb040000ce D2 capture {"raw": "a5120200000000fc54fc7b044bfb040000ce", "label": "D2 capture", "kind": "short", "opcode": "0x02", "frag_index": null, "checksum_ok": true, "declared_length": 18}
2026-09-27T21:12:04.682+00:00 RX a5120200000000fc54fc7b044bfb040000ce D2 capture {"raw": "a5120200000000fc54fc7b044bfb040000ce", "label": "D2 capture", "kind": "short", "opcode": "0x02", "frag_index": null, "checksum_ok": true, "declared_length": 18}
2026-09-27T21:12:04.682+00:00 RX a5120200000000fc54fc7b044bfb040000ce D2 capture {"raw": "a5120200000000fc54fc7b044bfb040000ce", "label": "D2 capture", "kind": "short", "opcode": "0x02", "frag_index": null, "checksum_ok": true, "declared_length": 18}
2026-09-27T21:12:04.711+00:00 RX a5120200000000fc54fc7b044bfb040000ce D2 capture {"raw": "a5120200000000fc54fc7b044bfb040000ce", "label": "D2 capture", "kind": "short", "opcode": "0x02", "frag_index": null, "checksum_ok": true, "declared_length": 18}
2026-09-27T21:12:04.712+00:00 RX a5120200000000fc54fc7b044bfb040000ce D2 capture {"raw": "a5120200000000fc54fc7b044bfb040000ce", "label": "D2 capture", "kind": "short", "opcode": "0x02", "frag_index": null, "checksum_ok": true, "declared_length": 18}
2026-09-27T21:12:04.741+00:00 RX a5120200000000fc54fc7b044bfb040000ce D2 capture {"raw": "a5120200000000fc54fc7b044bfb040000ce", "label": "D2 capture", "kind": "short", "opcode": "0x02", "frag_index": null, "checksum_ok": true, "declared_length": 18}
2026-09-27T21:12:04.757+00:00 RX a5120200000000fc54fc7b044bfb040000ce D2 capture {"raw": "a5120200000000fc54fc7b044bfb040000ce", "label": "D2 capture", "kind": "short", "opcode": "0x02", "frag_index": null, "checksum_ok": true, "declared_length": 18}
2026-09-27T21:12:04.771+00:00 RX a5120200000000fc54fc7b044bfb040000ce D2 capture {"raw": "a5120200000000fc54fc7b044bfb040000ce", "label": "D2 capture", "kind": "short", "opcode": "0x02", "frag_index": null, "checksum_ok": true, "declared_length": 18}
2026-09-27T21:12:04.786+00:00 RX a5120200000000fc54fc7b044bfb040000ce D2 capture {"raw": "a5120200000000fc54fc7b044bfb040000ce", "label": "D2 capture", "kind": "short", "opcode": "0x02", "frag_index": null, "checksum_ok": true, "declared_length": 18}
2026-09-27T21:12:04.801+00:00 RX a5120200000000fc54fc7b044bfb040000ce D2 capture {"raw": "a5120200000000fc54fc7b044bfb040000ce", "label": "D2 capture", "kind": "short", "opcode": "0x02", "frag_index": null, "checksum_ok": true, "declared_length": 18}
2026-09-27T21:12:04.818+00:00 RX a5120200000000fc54fc7b044bfb040000ce D2 capture {"raw": "a5120200000000fc54fc7b044bfb040000ce", "label": "D2 capture", "kind": "short", "opcode": "0x02", "frag_index": null, "checksum_ok": true, "declared_length": 18}
2026-09-27T21:12:04.833+00:00 RX a5120200000000fc54fc7b044bfb040000ce D2 capture {"raw": "a5120200000000fc54fc7b044bfb040000ce", "label": "D2 capture", "kind": "short", "opcode": "0x02", "frag_index": null, "checksum_ok": true, "declared_length": 18}
2026-09-27T21:12:04.855+00:00 RX a5120200000000fc54fc7b044bfb040000ce D2 capture {"raw": "a5120200000000fc54fc7b044bfb040000ce", "label": "D2 capture", "kind": "short", "opcode": "0x02", "frag_index": null, "checksum_ok": true, "declared_length": 18}
2026-09-27T21:12:48.784+00:00 RX a5120200010000fc54fc37040dfb0400004d D2 capture {"raw": "a5120200010000fc54fc37040dfb0400004d", "label": "D2 capture", "kind": "short", "opcode": "0x02", "frag_index": null, "checksum_ok": true, "declared_length": 18}
2026-09-27T21:12:48.797+00:00 RX a5120200010000fc54fc37040dfb0400004d D2 capture {"raw": "a5120200010000fc54fc37040dfb0400004d", "label": "D2 capture", "kind": "short", "opcode": "0x02", "frag_index": null, "checksum_ok": true, "declared_length": 18}
2026-09-27T21:12:48.812+00:00 RX a5120200010000fc54fc37040dfb0400004d D2 capture {"raw": "a5120200010000fc54fc37040dfb0400004d", "label": "D2 capture", "kind": "short", "opcode": "0x02", "frag_index": null, "checksum_ok": true, "declared_length": 18}
2026-09-27T21:12:48.830+00:00 RX a5120200010000fc54fc37040dfb0400004d D2 capture {"raw": "a5120200010000fc54fc37040dfb0400004d", "label": "D2 capture", "kind": "short", "opcode": "0x02", "frag_index": null, "checksum_ok": true, "declared_length": 18}
2026-09-27T21:12:48.844+00:00 RX a5120200010000fc54fc37040dfb0400004d D2 capture {"raw": "a5120200010000fc54fc37040dfb0400004d", "label": "D2 capture", "kind": "short", "opcode": "0x02", "frag_index": null, "checksum_ok": true, "declared_length": 18}
2026-09-27T21:12:48.859+00:00 RX a5120200010000fc54fc37040dfb0400004d D2 capture {"raw": "a5120200010000fc54fc37040dfb0400004d", "label": "D2 capture", "kind": "short", "opcode": "0x02", "frag_index": null, "checksum_ok": true, "declared_length": 18}
2026-09-27T21:12:48.874+00:00 RX a5120200010000fc54fc37040dfb0400004d D2 capture {"raw": "a5120200010000fc54fc37040dfb0400004d", "label": "D2 capture", "kind": "short", "opcode": "0x02", "frag_index": null, "checksum_ok": true, "declared_length": 18}
2026-09-27T21:12:48.888+00:00 RX a5120200010000fc54fc37040dfb0400004d D2 capture {"raw": "a5120200010000fc54fc37040dfb0400004d", "label": "D2 capture", "kind": "short", "opcode": "0x02", "frag_index": null, "checksum_ok": true, "declared_length": 18}
2026-09-27T21:12:48.904+00:00 RX a5120200010000fc54fc37040dfb0400004d D2 capture {"raw": "a5120200010000fc54fc37040dfb0400004d", "label": "D2 capture", "kind": "short", "opcode": "0x02", "frag_index": null, "checksum_ok": true, "declared_length": 18}
2026-09-27T21:12:48.919+00:00 RX a5120200010000fc54fc37040dfb0400004d D2 capture {"raw": "a5120200010000fc54fc37040dfb0400004d", "label": "D2 capture", "kind": "short", "opcode": "0x02", "frag_index": null, "checksum_ok": true, "declared_length": 18}
2026-09-27T21:12:48.941+00:00 RX a5120200010000fc54fc37040dfb0400004d D2 capture {"raw": "a5120200010000fc54fc37040dfb0400004d", "label": "D2 capture", "kind": "short", "opcode": "0x02", "frag_index": null, "checksum_ok": true, "declared_length": 18}
2026-09-27T21:12:48.941+00:00 RX a5120200010000fc54fc37040dfb0400004d D2 capture {"raw": "a5120200010000fc54fc37040dfb0400004d", "label": "D2 capture", "kind": "short", "opcode": "0x02", "frag_index": null, "checksum_ok": true, "declared_length": 18}
2026-09-27T21:12:48.971+00:00 RX a5120200010000fc54fc37040dfb0400004d D2 capture {"raw": "a5120200010000fc54fc37040dfb0400004d", "label": "D2 capture", "kind": "short", "opcode": "0x02", "frag_index": null, "checksum_ok": true, "declared_length": 18}
2026-09-27T21:12:48.986+00:00 RX a5120200010000fc54fc37040dfb0400004d D2 capture {"raw": "a5120200010000fc54fc37040dfb0400004d", "label": "D2 capture", "kind": "short", "opcode": "0x02", "frag_index": null, "checksum_ok": true, "declared_length": 18}
2026-09-27T21:12:49.000+00:00 RX a5120200010000fc54fc37040dfb0400004d D2 capture {"raw": "a5120200010000fc54fc37040dfb0400004d", "label": "D2 capture", "kind": "short", "opcode": "0x02", "frag_index": null, "checksum_ok": true, "declared_length": 18}
2026-09-27T21:12:49.015+00:00 RX a5120200010000fc54fc37040dfb0400004d D2 capture {"raw": "a5120200010000fc54fc37040dfb0400004d", "label": "D2 capture", "kind": "short", "opcode": "0x02", "frag_index": null, "checksum_ok": true, "declared_length": 18}
2026-09-27T21:12:49.030+00:00 RX a5120200010000fc54fc37040dfb0400004d D2 capture {"raw": "a5120200010000fc54fc37040dfb0400004d", "label": "D2 capture", "kind": "short", "opcode": "0x02", "frag_index": null, "checksum_ok": true, "declared_length": 18}
2026-09-27T21:12:49.045+00:00 RX a5120200010000fc54fc37040dfb0400004d D2 capture {"raw": "a5120200010000fc54fc37040dfb0400004d", "label": "D2 capture", "kind": "short", "opcode": "0x02", "frag_index": null, "checksum_ok": true, "declared_length": 18}
2026-09-27T21:12:49.059+00:00 RX a5120200010000fc54fc37040dfb0400004d D2 capture {"raw": "a5120200010000fc54fc37040dfb0400004d", "label": "D2 capture", "kind": "short", "opcode": "0x02", "frag_index": null, "checksum_ok": true, "declared_length": 18}
2026-09-27T21:12:49.074+00:00 RX a5120200010000fc54fc37040dfb0400004d D2 capture {"raw": "a5120200010000fc54fc37040dfb0400004d", "label": "D2 capture", "kind": "short", "opcode": "0x02", "frag_index": null, "checksum_ok": true, "declared_length": 18}
2026-09-27T21:12:49.089+00:00 RX a5120200010000fc54fc37040dfb0400004d D2 capture {"raw": "a5120200010000fc54fc37040dfb0400004d", "label": "D2 capture", "kind": "short", "opcode": "0x02", "frag_index": null, "checksum_ok": true, "declared_length": 18}
2026-09-27T21:12:49.108+00:00 RX a5120200010000fc54fc37040dfb0400004d D2 capture {"raw": "a5120200010000fc54fc37040dfb0400004d", "label": "D2 capture", "kind": "short", "opcode": "0x02", "frag_index": null, "checksum_ok": true, "declared_length": 18}
2026-09-27T21:12:49.129+00:00 RX a5120200010000fc54fc37040dfb0400004d D2 capture {"raw": "a5120200010000fc54fc37040dfb0400004d", "label": "D2 capture", "kind": "short", "opcode": "0x02", "frag_index": null, "checksum_ok": true, "declared_length": 18}
2026-09-27T21:12:49.129+00:00 RX a5120200010000fc54fc37040dfb0400004d D2 capture {"raw": "a5120200010000fc54fc37040dfb0400004d", "label": "D2 capture", "kind": "short", "opcode": "0x02", "frag_index": null, "checksum_ok": true, "declared_length": 18}
2026-09-27T21:12:49.151+00:00 RX a5120200000000fc54fc37040dfb0400004c D2 capture {"raw": "a5120200000000fc54fc37040dfb0400004c", "label": "D2 capture", "kind": "short", "opcode": "0x02", "frag_index": null, "checksum_ok": true, "declared_length": 18}
2026-09-27T21:12:49.165+00:00 RX a5120200000000fc54fc37040dfb0400004c D2 capture {"raw": "a5120200000000fc54fc37040dfb0400004c", "label": "D2 capture", "kind": "short", "opcode": "0x02", "frag_index": null, "checksum_ok": true, "declared_length": 18}
2026-09-27T21:12:49.181+00:00 RX a5120200000000fc54fc37040dfb0400004c D2 capture {"raw": "a5120200000000fc54fc37040dfb0400004c", "label": "D2 capture", "kind": "short", "opcode": "0x02", "frag_index": null, "checksum_ok": true, "declared_length": 18}
2026-09-27T21:12:49.196+00:00 RX a5120200000000fc54fc37040dfb0400004c D2 capture {"raw": "a5120200000000fc54fc37040dfb0400004c", "label": "D2 capture", "kind": "short", "opcode": "0x02", "frag_index": null, "checksum_ok": true, "declared_length": 18}
2026-09-27T21:12:49.210+00:00 RX a5120200000000fc54fc37040dfb0400004c D2 capture {"raw": "a5120200000000fc54fc37040dfb0400004c", "label": "D2 capture", "kind": "short", "opcode": "0x02", "frag_index": null, "checksum_ok": true, "declared_length": 18}
2026-09-27T21:12:49.224+00:00 RX a5120200000000fc54fc37040dfb0400004c D2 capture {"raw": "a5120200000000fc54fc37040dfb0400004c", "label": "D2 capture", "kind": "short", "opcode": "0x02", "frag_index": null, "checksum_ok": true, "declared_length": 18}
2026-09-27T21:12:49.249+00:00 RX a5120200000000fc54fc37040dfb0400004c D2 capture {"raw": "a5120200000000fc54fc37040dfb0400004c", "label": "D2 capture", "kind": "short", "opcode": "0x02", "frag_index": null, "checksum_ok": true, "declared_length": 18}
2026-09-27T21:12:49.264+00:00 RX a5120200000000fc54fc37040dfb0400004c D2 capture {"raw": "a5120200000000fc54fc37040dfb0400004c", "label": "D2 capture", "kind": "short", "opcode": "0x02", "frag_index": null, "checksum_ok": true, "declared_length": 18}
2026-09-27T21:12:49.277+00:00 RX a5120200000000fc54fc37040dfb0400004c D2 capture {"raw": "a5120200000000fc54fc37040dfb0400004c", "label": "D2 capture", "kind": "short", "opcode": "0x02", "frag_index": null, "checksum_ok": true, "declared_length": 18}
2026-09-27T21:12:49.293+00:00 RX a5120200000000fc54fc37040dfb0400004c D2 capture {"raw": "a5120200000000fc54fc37040dfb0400004c", "label": "D2 capture", "kind": "short", "opcode": "0x02", "frag_index": null, "checksum_ok": true, "declared_length": 18}
2026-09-27T21:12:49.307+00:00 RX a5120200000000fc54fc37040dfb0400004c D2 capture {"raw": "a5120200000000fc54fc37040dfb0400004c", "label": "D2 capture", "kind": "short", "opcode": "0x02", "frag_index": null, "checksum_ok": true, "declared_length": 18}
2026-09-27T21:12:49.324+00:00 RX a5120200000000fc54fc37040dfb0400004c D2 capture {"raw": "a5120200000000fc54fc37040dfb0400004c", "label": "D2 capture", "kind": "short", "opcode": "0x02", "frag_index": null, "checksum_ok": true, "declared_length": 18}
2026-09-27T21:12:49.339+00:00 RX a5120200000000fc54fc37040dfb0400004c D2 capture {"raw": "a5120200000000fc54fc37040dfb0400004c", "label": "D2 capture", "kind": "short", "opcode": "0x02", "frag_index": null, "checksum_ok": true, "declared_length": 18}
2026-09-27T21:12:49.353+00:00 RX a5120200000000fc54fc37040dfb0400004c D2 capture {"raw": "a5120200000000fc54fc37040dfb0400004c", "label": "D2 capture", "kind": "short", "opcode": "0x02", "frag_index": null, "checksum_ok": true, "declared_length": 18}
2026-09-27T21:12:49.370+00:00 RX a5120200000000fc54fc37040dfb0400004c D2 capture {"raw": "a5120200000000fc54fc37040dfb0400004c", "label": "D2 capture", "kind": "short", "opcode": "0x02", "frag_index": null, "checksum_ok": true, "declared_length": 18}
2026-09-27T21:12:49.383+00:00 RX a5120200000000fc54fc37040dfb0400004c D2 capture {"raw": "a5120200000000fc54fc37040dfb0400004c", "label": "D2 capture", "kind": "short", "opcode": "0x02", "frag_index": null, "checksum_ok": true, "declared_length": 18}
2026-09-27T21:12:49.406+00:00 RX a5120200000000fc54fc37040dfb0400004c D2 capture {"raw": "a5120200000000fc54fc37040dfb0400004c", "label": "D2 capture", "kind": "short", "opcode": "0x02", "frag_index": null, "checksum_ok": true, "declared_length": 18}
2026-09-27T21:12:49.421+00:00 RX a5120200000000fc54fc37040dfb0400004c D2 capture {"raw": "a5120200000000fc54fc37040dfb0400004c", "label": "D2 capture", "kind": "short", "opcode": "0x02", "frag_index": null, "checksum_ok": true, "declared_length": 18}
2026-09-27T21:12:49.436+00:00 RX a5120200000000fc54fc37040dfb0400004c D2 capture {"raw": "a5120200000000fc54fc37040dfb0400004c", "label": "D2 capture", "kind": "short", "opcode": "0x02", "frag_index": null, "checksum_ok": true, "declared_length": 18}
2026-09-27T21:12:49.451+00:00 RX a5120200000000fc54fc37040dfb0400004c D2 capture {"raw": "a5120200000000fc54fc37040dfb0400004c", "label": "D2 capture", "kind": "short", "opcode": "0x02", "frag_index": null, "checksum_ok": true, "declared_length": 18}
2026-09-27T21:12:49.466+00:00 RX a5120200000000fc54fc37040dfb0400004c D2 capture {"raw": "a5120200000000fc54fc37040dfb0400004c", "label": "D2 capture", "kind": "short", "opcode": "0x02", "frag_index": null, "checksum_ok": true, "declared_length": 18}
2026-09-27T21:12:49.479+00:00 RX a5120200000000fc54fc37040dfb0400004c D2 capture {"raw": "a5120200000000fc54fc37040dfb0400004c", "label": "D2 capture", "kind": "short", "opcode": "0x02", "frag_index": null, "checksum_ok": true, "declared_length": 18}
2026-09-27T21:12:49.495+00:00 RX a5120200000000fc54fc37040dfb0400004c D2 capture {"raw": "a5120200000000fc54fc37040dfb0400004c", "label": "D2 capture", "kind": "short", "opcode": "0x02", "frag_index": null, "checksum_ok": true, "declared_length": 18}
2026-09-27T21:12:49.519+00:00 RX a5120200000000fc54fc37040dfb0400004c D2 capture {"raw": "a5120200000000fc54fc37040dfb0400004c", "label": "D2 capture", "kind": "short", "opcode": "0x02", "frag_index": null, "checksum_ok": true, "declared_length": 18}
2026-09-27T21:12:49.534+00:00 RX a5120200000000fc54fc37040dfb0400004c D2 capture {"raw": "a5120200000000fc54fc37040dfb0400004c", "label": "D2 capture", "kind": "short", "opcode": "0x02", "frag_index": null, "checksum_ok": true, "declared_length": 18}
2026-09-27T21:12:49.534+00:00 RX a5120200000000fc54fc37040dfb0400004c D2 capture {"raw": "a5120200000000fc54fc37040dfb0400004c", "label": "D2 capture", "kind": "short", "opcode": "0x02", "frag_index": null, "checksum_ok": true, "declared_length": 18}
2026-09-27T21:12:49.554+00:00 RX a5120200000000fc54fc37040dfb0400004c D2 capture {"raw": "a5120200000000fc54fc37040dfb0400004c", "label": "D2 capture", "kind": "short", "opcode": "0x02", "frag_index": null, "checksum_ok": true, "declared_length": 18}
2026-09-27T21:12:49.572+00:00 RX a5120200000000fc54fc37040dfb0400004c D2 capture {"raw": "a5120200000000fc54fc37040dfb0400004c", "label": "D2 capture", "kind": "short", "opcode": "0x02", "frag_index": null, "checksum_ok": true, "declared_length": 18}
2026-09-27T21:12:49.584+00:00 RX a5120200000000fc54fc37040dfb0400004c D2 capture {"raw": "a5120200000000fc54fc37040dfb0400004c", "label": "D2 capture", "kind": "short", "opcode": "0x02", "frag_index": null, "checksum_ok": true, "declared_length": 18}
2026-09-27T21:12:49.599+00:00 RX a5120200000000fc54fc37040dfb0400004c D2 capture {"raw": "a5120200000000fc54fc37040dfb0400004c", "label": "D2 capture", "kind": "short", "opcode": "0x02", "frag_index": null, "checksum_ok": true, "declared_length": 18}
2026-09-27T21:12:49.618+00:00 RX a5120200000000fc54fc37040dfb0400004c D2 capture {"raw": "a5120200000000fc54fc37040dfb0400004c", "label": "D2 capture", "kind": "short", "opcode": "0x02", "frag_index": null, "checksum_ok": true, "declared_length": 18}
2026-09-27T21:12:49.629+00:00 RX a5120200000000fc54fc37040dfb0400004c D2 capture {"raw": "a5120200000000fc54fc37040dfb0400004c", "label": "D2 capture", "kind": "short", "opcode": "0x02", "frag_index": null, "checksum_ok": true, "declared_length": 18}
2026-09-27T21:12:49.644+00:00 RX a5120200000000fc54fc37040dfb0400004c D2 capture {"raw": "a5120200000000fc54fc37040dfb0400004c", "label": "D2 capture", "kind": "short", "opcode": "0x02", "frag_index": null, "checksum_ok": true, "declared_length": 18}
2026-09-27T21:12:49.660+00:00 RX a5120200000000fc54fc37040dfb0400004c D2 capture {"raw": "a5120200000000fc54fc37040dfb0400004c", "label": "D2 capture", "kind": "short", "opcode": "0x02", "frag_index": null, "checksum_ok": true, "declared_length": 18}
2026-09-27T21:12:49.676+00:00 RX a5120200000000fc54fc37040dfb0400004c D2 capture {"raw": "a5120200000000fc54fc37040dfb0400004c", "label": "D2 capture", "kind": "short", "opcode": "0x02", "frag_index": null, "checksum_ok": true, "declared_length": 18}
2026-09-27T21:12:49.690+00:00 RX a5120200000000fc54fc37040dfb0400004c D2 capture {"raw": "a5120200000000fc54fc37040dfb0400004c", "label": "D2 capture", "kind": "short", "opcode": "0x02", "frag_index": null, "checksum_ok": true, "declared_length": 18}
2026-09-27T21:12:49.705+00:00 RX a5120200000000fc54fc37040dfb0400004c D2 capture {"raw": "a5120200000000fc54fc37040dfb0400004c", "label": "D2 capture", "kind": "short", "opcode": "0x02", "frag_index": null, "checksum_ok": true, "declared_length": 18}
2026-09-27T21:12:49.721+00:00 RX a5120200000000fc54fc37040dfb0400004c D2 capture {"raw": "a5120200000000fc54fc37040dfb0400004c", "label": "D2 capture", "kind": "short", "opcode": "0x02", "frag_index": null, "checksum_ok": true, "declared_length": 18}
2026-09-27T21:12:49.736+00:00 RX a5120200000000fc54fc37040dfb0400004c D2 capture {"raw": "a5120200000000fc54fc37040dfb0400004c", "label": "D2 capture", "kind": "short", "opcode": "0x02", "frag_index": null, "checksum_ok": true, "declared_length": 18}
2026-09-27T21:12:49.749+00:00 RX a5120200000000fc54fc37040dfb0400004c D2 capture {"raw": "a5120200000000fc54fc37040dfb0400004c", "label": "D2 capture", "kind": "short", "opcode": "0x02", "frag_index": null, "checksum_ok": true, "declared_length": 18}
2026-09-27T21:12:49.764+00:00 RX a5120200000000fc54fc37040dfb0400004c D2 capture {"raw": "a5120200000000fc54fc37040dfb0400004c", "label": "D2 capture", "kind": "short", "opcode": "0x02", "frag_index": null, "checksum_ok": true, "declared_length": 18}
2026-09-27T21:12:49.781+00:00 RX a5120200000000fc54fc37040dfb0400004c D2 capture {"raw": "a5120200000000fc54fc37040dfb0400004c", "label": "D2 capture", "kind": "short", "opcode": "0x02", "frag_index": null, "checksum_ok": true, "declared_length": 18}
2026-09-27T21:12:49.797+00:00 RX a5120200000000fc54fc37040dfb0400004c D2 capture {"raw": "a5120200000000fc54fc37040dfb0400004c", "label": "D2 capture", "kind": "short", "opcode": "0x02", "frag_index": null, "checksum_ok": true, "declared_length": 18}
2026-09-27T21:12:49.809+00:00 RX a5120200000000fc54fc37040dfb0400004c D2 capture {"raw": "a5120200000000fc54fc37040dfb0400004c", "label": "D2 capture", "kind": "short", "opcode": "0x02", "frag_index": null, "checksum_ok": true, "declared_length": 18}
2026-09-27T21:12:49.824+00:00 RX a5120200000000fc54fc37040dfb0400004c D2 capture {"raw": "a5120200000000fc54fc37040dfb0400004c", "label": "D2 capture", "kind": "short", "opcode": "0x02", "frag_index": null, "checksum_ok": true, "declared_length": 18}
2026-09-27T21:12:49.840+00:00 RX a5120200000000fc54fc37040dfb0400004c D2 capture {"raw": "a5120200000000fc54fc37040dfb0400004c", "label": "D2 capture", "kind": "short", "opcode": "0x02", "frag_index": null, "checksum_ok": true, "declared_length": 18}
2026-09-27T21:12:49.854+00:00 RX a5120200000000fc54fc37040dfb0400004c D2 capture {"raw": "a5120200000000fc54fc37040dfb0400004c", "label": "D2 capture", "kind": "short", "opcode": "0x02", "frag_index": null, "checksum_ok": true, "declared_length": 18}
2026-09-27T21:12:49.869+00:00 RX a5120200000000fc54fc37040dfb0400004c D2 capture {"raw": "a5120200000000fc54fc37040dfb0400004c", "label": "D2 capture", "kind": "short", "opcode": "0x02", "frag_index": null, "checksum_ok": true, "declared_length": 18}
2026-09-27T21:12:49.885+00:00 RX a5120200000000fc54fc37040dfb0400004c D2 capture {"raw": "a5120200000000fc54fc37040dfb0400004c", "label": "D2 capture", "kind": "short", "opcode": "0x02", "frag_index": null, "checksum_ok": true, "declared_length": 18}
2026-09-27T21:12:49.901+00:00 RX a5120200000000fc54fc37040dfb0400004c D2 capture {"raw": "a5120200000000fc54fc37040dfb0400004c", "label": "D2 capture", "kind": "short", "opcode": "0x02", "frag_index": null, "checksum_ok": true, "declared_length": 18}
2026-09-27T21:12:49.923+00:00 RX a5120200000000fc54fc37040dfb0400004c D2 capture {"raw": "a5120200000000fc54fc37040dfb0400004c", "label": "D2 capture", "kind": "short", "opcode": "0x02", "frag_index": null, "checksum_ok": true, "declared_length": 18}
2026-09-27T21:12:49.923+00:00 RX a5120200000000fc54fc37040dfb0400004c D2 capture {"raw": "a5120200000000fc54fc37040dfb0400004c", "label": "D2 capture", "kind": "short", "opcode": "0x02", "frag_index": null, "checksum_ok": true, "declared_length": 18}
2026-09-27T21:12:49.953+00:00 RX a5120200000000fc54fc37040dfb0400004c D2 capture {"raw": "a5120200000000fc54fc37040dfb0400004c", "label": "D2 capture", "kind": "short", "opcode": "0x02", "frag_index": null, "checksum_ok": true, "declared_length": 18}
2026-09-27T21:12:49.953+00:00 RX a5120200000000fc54fc37040dfb0400004c D2 capture {"raw": "a5120200000000fc54fc37040dfb0400004c", "label": "D2 capture", "kind": "short", "opcode": "0x02", "frag_index": null, "checksum_ok": true, "declared_length": 18}
2026-09-27T21:12:49.984+00:00 RX a5120200000000fc54fc37040dfb0400004c D2 capture {"raw": "a5120200000000fc54fc37040dfb0400004c", "label": "D2 capture", "kind": "short", "opcode": "0x02", "frag_index": null, "checksum_ok": true, "declared_length": 18}
2026-09-27T21:12:49.999+00:00 RX a5120200000000fc54fc37040dfb0400004c D2 capture {"raw": "a5120200000000fc54fc37040dfb0400004c", "label": "D2 capture", "kind": "short", "opcode": "0x02", "frag_index": null, "checksum_ok": true, "declared_length": 18}
2026-09-27T21:12:50.012+00:00 RX a5120200000000fc54fc37040dfb0400004c D2 capture {"raw": "a5120200000000fc54fc37040dfb0400004c", "label": "D2 capture", "kind": "short", "opcode": "0x02", "frag_index": null, "checksum_ok": true, "declared_length": 18}
2026-09-27T21:12:50.030+00:00 RX a5120200000000fc54fc37040dfb0400004c D2 capture {"raw": "a5120200000000fc54fc37040dfb0400004c", "label": "D2 capture", "kind": "short", "opcode": "0x02", "frag_index": null, "checksum_ok": true, "declared_length": 18}
2026-09-27T21:12:50.043+00:00 RX a5120200000000fc54fc37040dfb0400004c D2 capture {"raw": "a5120200000000fc54fc37040dfb0400004c", "label": "D2 capture", "kind": "short", "opcode": "0x02", "frag_index": null, "checksum_ok": true, "declared_length": 18}
2026-09-27T21:12:50.059+00:00 RX a5120200000000fc54fc37040dfb0400004c D2 capture {"raw": "a5120200000000fc54fc37040dfb0400004c", "label": "D2 capture", "kind": "short", "opcode": "0x02", "frag_index": null, "checksum_ok": true, "declared_length": 18}
2026-09-27T21:12:50.079+00:00 RX a5120200000000fc54fc37040dfb0400004c D2 capture {"raw": "a5120200000000fc54fc37040dfb0400004c", "label": "D2 capture", "kind": "short", "opcode": "0x02", "frag_index": null, "checksum_ok": true, "declared_length": 18}
2026-09-27T21:12:50.094+00:00 RX a5120200000000fc54fc37040dfb0400004c D2 capture {"raw": "a5120200000000fc54fc37040dfb0400004c", "label": "D2 capture", "kind": "short", "opcode": "0x02", "frag_index": null, "checksum_ok": true, "declared_length": 18}
2026-09-27T21:12:50.110+00:00 RX a5120200000000fc54fc37040dfb0400004c D2 capture {"raw": "a5120200000000fc54fc37040dfb0400004c", "label": "D2 capture", "kind": "short", "opcode": "0x02", "frag_index": null, "checksum_ok": true, "declared_length": 18}
2026-09-27T21:12:50.125+00:00 RX a5120200000000fc54fc37040dfb0400004c D2 capture {"raw": "a5120200000000fc54fc37040dfb0400004c", "label": "D2 capture", "kind": "short", "opcode": "0x02", "frag_index": null, "checksum_ok": true, "declared_length": 18}
2026-09-27T21:12:50.140+00:00 RX a5120200000000fc54fc37040dfb0400004c D2 capture {"raw": "a5120200000000fc54fc37040dfb0400004c", "label": "D2 capture", "kind": "short", "opcode": "0x02", "frag_index": null, "checksum_ok": true, "declared_length": 18}
2026-09-27T21:12:50.154+00:00 RX a5120200000000fc54fc37040dfb0400004c D2 capture {"raw": "a5120200000000fc54fc37040dfb0400004c", "label": "D2 capture", "kind": "short", "opcode": "0x02", "frag_index": null, "checksum_ok": true, "declared_length": 18}
2026-09-27T21:12:50.173+00:00 RX a5120200000000fc54fc37040dfb0400004c D2 capture {"raw": "a5120200000000fc54fc37040dfb0400004c", "label": "D2 capture", "kind": "short", "opcode": "0x02", "frag_index": null, "checksum_ok": true, "declared_length": 18}
2026-09-27T21:12:50.186+00:00 RX a5120200000000fc54fc37040dfb0400004c D2 capture {"raw": "a5120200000000fc54fc37040dfb0400004c", "label": "D2 capture", "kind": "short", "opcode": "0x02", "frag_index": null, "checksum_ok": true, "declared_length": 18}
2026-09-27T21:12:50.201+00:00 RX a5120200000000fc54fc37040dfb0400004c D2 capture {"raw": "a5120200000000fc54fc37040dfb0400004c", "label": "D2 capture", "kind": "short", "opcode": "0x02", "frag_index": null, "checksum_ok": true, "declared_length": 18}
2026-09-27T21:12:50.215+00:00 RX a5120200000000fc54fc37040dfb0400004c D2 capture {"raw": "a5120200000000fc54fc37040dfb0400004c", "label": "D2 capture", "kind": "short", "opcode": "0x02", "frag_index": null, "checksum_ok": true, "declared_length": 18}
2026-09-27T21:12:50.240+00:00 RX a5120200000000fc54fc37040dfb0400004c D2 capture {"raw": "a5120200000000fc54fc37040dfb0400004c", "label": "D2 capture", "kind": "short", "opcode": "0x02", "frag_index": null, "checksum_ok": true, "declared_length": 18}
2026-09-27T21:12:50.240+00:00 RX a5120200000000fc54fc37040dfb0400004c D2 capture {"raw": "a5120200000000fc54fc37040dfb0400004c", "label": "D2 capture", "kind": "short", "opcode": "0x02", "frag_index": null, "checksum_ok": true, "declared_length": 18}
2026-09-27T21:12:50.262+00:00 RX a5120200000000fc54fc37040dfb0400004c D2 capture {"raw": "a5120200000000fc54fc37040dfb0400004c", "label": "D2 capture", "kind": "short", "opcode": "0x02", "frag_index": null, "checksum_ok": true, "declared_length": 18}
2026-09-27T21:12:50.276+00:00 RX a5120200000000fc54fc37040dfb0400004c D2 capture {"raw": "a5120200000000fc54fc37040dfb0400004c", "label": "D2 capture", "kind": "short", "opcode": "0x02", "frag_index": null, "checksum_ok": true, "declared_length": 18}
2026-09-27T21:12:50.289+00:00 RX a5120200000000fc54fc37040dfb0400004c D2 capture {"raw": "a5120200000000fc54fc37040dfb0400004c", "label": "D2 capture", "kind": "short", "opcode": "0x02", "frag_index": null, "checksum_ok": true, "declared_length": 18}
2026-09-27T21:12:50.305+00:00 RX a5120200000000fc54fc37040dfb0400004c D2 capture {"raw": "a5120200000000fc54fc37040dfb0400004c", "label": "D2 capture", "kind": "short", "opcode": "0x02", "frag_index": null, "checksum_ok": true, "declared_length": 18}
2026-09-27T21:12:50.320+00:00 RX a5120200000000fc54fc37040dfb0400004c D2 capture {"raw": "a5120200000000fc54fc37040dfb0400004c", "label": "D2 capture", "kind": "short", "opcode": "0x02", "frag_index": null, "checksum_ok": true, "declared_length": 18}
2026-09-27T21:12:50.343+00:00 RX a5120200000000fc54fc37040dfb0400004c D2 capture {"raw": "a5120200000000fc54fc37040dfb0400004c", "label": "D2 capture", "kind": "short", "opcode": "0x02", "frag_index": null, "checksum_ok": true, "declared_length": 18}
2026-09-27T21:12:51.993+00:00 RX a5120200020000fc54fc37040dfb0400004e D2 capture {"raw": "a5120200020000fc54fc37040dfb0400004e", "label": "D2 capture", "kind": "short", "opcode": "0x02", "frag_index": null, "checksum_ok": true, "declared_length": 18}
2026-09-27T21:12:52.007+00:00 RX a5120200020000fc54fc37040dfb0400004e D2 capture {"raw": "a5120200020000fc54fc37040dfb0400004e", "label": "D2 capture", "kind": "short", "opcode": "0x02", "frag_index": null, "checksum_ok": true, "declared_length": 18}
2026-09-27T21:12:52.022+00:00 RX a5120200020000fc54fc37040dfb0400004e D2 capture {"raw": "a5120200020000fc54fc37040dfb0400004e", "label": "D2 capture", "kind": "short", "opcode": "0x02", "frag_index": null, "checksum_ok": true, "declared_length": 18}
2026-09-27T21:12:52.042+00:00 RX a5120200020000fc54fc37040dfb0400004e D2 capture {"raw": "a5120200020000fc54fc37040dfb0400004e", "label": "D2 capture", "kind": "short", "opcode": "0x02", "frag_index": null, "checksum_ok": true, "declared_length": 18}
2026-09-27T21:12:52.055+00:00 RX a5120200020000fc54fc37040dfb0400004e D2 capture {"raw": "a5120200020000fc54fc37040dfb0400004e", "label": "D2 capture", "kind": "short", "opcode": "0x02", "frag_index": null, "checksum_ok": true, "declared_length": 18}
2026-09-27T21:12:52.076+00:00 RX a5120200020000fc54fc37040dfb0400004e D2 capture {"raw": "a5120200020000fc54fc37040dfb0400004e", "label": "D2 capture", "kind": "short", "opcode": "0x02", "frag_index": null, "checksum_ok": true, "declared_length": 18}
2026-09-27T21:12:52.092+00:00 RX a5120200020000fc54fc37040dfb0400004e D2 capture {"raw": "a5120200020000fc54fc37040dfb0400004e", "label": "D2 capture", "kind": "short", "opcode": "0x02", "frag_index": null, "checksum_ok": true, "declared_length": 18}
2026-09-27T21:12:52.092+00:00 RX a5120200020000fc54fc37040dfb0400004e D2 capture {"raw": "a5120200020000fc54fc37040dfb0400004e", "label": "D2 capture", "kind": "short", "opcode": "0x02", "frag_index": null, "checksum_ok": true, "declared_length": 18}
2026-09-27T21:12:52.114+00:00 RX a5120200020000fc54fc37040dfb0400004e D2 capture {"raw": "a5120200020000fc54fc37040dfb0400004e", "label": "D2 capture", "kind": "short", "opcode": "0x02", "frag_index": null, "checksum_ok": true, "declared_length": 18}
2026-09-27T21:12:52.129+00:00 RX a5120200020000fc54fc37040dfb0400004e D2 capture {"raw": "a5120200020000fc54fc37040dfb0400004e", "label": "D2 capture", "kind": "short", "opcode": "0x02", "frag_index": null, "checksum_ok": true, "declared_length": 18}
2026-09-27T21:12:52.144+00:00 RX a5120200020000fc54fc37040dfb0400004e D2 capture {"raw": "a5120200020000fc54fc37040dfb0400004e", "label": "D2 capture", "kind": "short", "opcode": "0x02", "frag_index": null, "checksum_ok": true, "declared_length": 18}
2026-09-27T21:12:52.164+00:00 RX a5120200020000fc54fc37040dfb0400004e D2 capture {"raw": "a5120200020000fc54fc37040dfb0400004e", "label": "D2 capture", "kind": "short", "opcode": "0x02", "frag_index": null, "checksum_ok": true, "declared_length": 18}
2026-09-27T21:12:52.189+00:00 RX a5120200020000fc54fc37040dfb0400004e D2 capture {"raw": "a5120200020000fc54fc37040dfb0400004e", "label": "D2 capture", "kind": "short", "opcode": "0x02", "frag_index": null, "checksum_ok": true, "declared_length": 18}
2026-09-27T21:12:52.189+00:00 RX a5120200020000fc54fc37040dfb0400004e D2 capture {"raw": "a5120200020000fc54fc37040dfb0400004e", "label": "D2 capture", "kind": "short", "opcode": "0x02", "frag_index": null, "checksum_ok": true, "declared_length": 18}
2026-09-27T21:12:52.210+00:00 RX a5120200020000fc54fc37040dfb0400004e D2 capture {"raw": "a5120200020000fc54fc37040dfb0400004e", "label": "D2 capture", "kind": "short", "opcode": "0x02", "frag_index": null, "checksum_ok": true, "declared_length": 18}
2026-09-27T21:12:52.224+00:00 RX a5120200020000fc54fc37040dfb0400004e D2 capture {"raw": "a5120200020000fc54fc37040dfb0400004e", "label": "D2 capture", "kind": "short", "opcode": "0x02", "frag_index": null, "checksum_ok": true, "declared_length": 18}
2026-09-27T21:12:52.247+00:00 RX a5120200020000fc54fc37040dfb0400004e D2 capture {"raw": "a5120200020000fc54fc37040dfb0400004e", "label": "D2 capture", "kind": "short", "opcode": "0x02", "frag_index": null, "checksum_ok": true, "declared_length": 18}
2026-09-27T21:12:52.263+00:00 RX a5120200020000fc54fc37040dfb0400004e D2 capture {"raw": "a5120200020000fc54fc37040dfb0400004e", "label": "D2 capture", "kind": "short", "opcode": "0x02", "frag_index": null, "checksum_ok": true, "declared_length": 18}
2026-09-27T21:12:52.277+00:00 RX a5120200020000fc54fc37040dfb0400004e D2 capture {"raw": "a5120200020000fc54fc37040dfb0400004e", "label": "D2 capture", "kind": "short", "opcode": "0x02", "frag_index": null, "checksum_ok": true, "declared_length": 18}
2026-09-27T21:12:52.299+00:00 RX a5120200020000fc54fc37040dfb0400004e D2 capture {"raw": "a5120200020000fc54fc37040dfb0400004e", "label": "D2 capture", "kind": "short", "opcode": "0x02", "frag_index": null, "checksum_ok": true, "declared_length": 18}
2026-09-27T21:12:52.299+00:00 RX a5120200020000fc54fc37040dfb0400004e D2 capture {"raw": "a5120200020000fc54fc37040dfb0400004e", "label": "D2 capture", "kind": "short", "opcode": "0x02", "frag_index": null, "checksum_ok": true, "declared_length": 18}
2026-09-27T21:12:52.324+00:00 RX a5120200020000fc54fc37040dfb0400004e D2 capture {"raw": "a5120200020000fc54fc37040dfb0400004e", "label": "D2 capture", "kind": "short", "opcode": "0x02", "frag_index": null, "checksum_ok": true, "declared_length": 18}
2026-09-27T21:12:52.338+00:00 RX a5120200020000fc54fc37040dfb0400004e D2 capture {"raw": "a5120200020000fc54fc37040dfb0400004e", "label": "D2 capture", "kind": "short", "opcode": "0x02", "frag_index": null, "checksum_ok": true, "declared_length": 18}
2026-09-27T21:12:52.353+00:00 RX a5120200020000fc54fc37040dfb0400004e D2 capture {"raw": "a5120200020000fc54fc37040dfb0400004e", "label": "D2 capture", "kind": "short", "opcode": "0x02", "frag_index": null, "checksum_ok": true, "declared_length": 18}
2026-09-27T21:12:52.375+00:00 RX a5120200000000fc54fc37040dfb0400004c D2 capture {"raw": "a5120200000000fc54fc37040dfb0400004c", "label": "D2 capture", "kind": "short", "opcode": "0x02", "frag_index": null, "checksum_ok": true, "declared_length": 18}
2026-09-27T21:12:52.391+00:00 RX a5120200000000fc54fc37040dfb0400004c D2 capture {"raw": "a5120200000000fc54fc37040dfb0400004c", "label": "D2 capture", "kind": "short", "opcode": "0x02", "frag_index": null, "checksum_ok": true, "declared_length": 18}
2026-09-27T21:12:52.414+00:00 RX a5120200000000fc54fc37040dfb0400004c D2 capture {"raw": "a5120200000000fc54fc37040dfb0400004c", "label": "D2 capture", "kind": "short", "opcode": "0x02", "frag_index": null, "checksum_ok": true, "declared_length": 18}
2026-09-27T21:12:52.415+00:00 RX a5120200000000fc54fc37040dfb0400004c D2 capture {"raw": "a5120200000000fc54fc37040dfb0400004c", "label": "D2 capture", "kind": "short", "opcode": "0x02", "frag_index": null, "checksum_ok": true, "declared_length": 18}
2026-09-27T21:12:52.434+00:00 RX a5120200000000fc54fc37040dfb0400004c D2 capture {"raw": "a5120200000000fc54fc37040dfb0400004c", "label": "D2 capture", "kind": "short", "opcode": "0x02", "frag_index": null, "checksum_ok": true, "declared_length": 18}
2026-09-27T21:12:52.459+00:00 RX a5120200000000fc54fc37040dfb0400004c D2 capture {"raw": "a5120200000000fc54fc37040dfb0400004c", "label": "D2 capture", "kind": "short", "opcode": "0x02", "frag_index": null, "checksum_ok": true, "declared_length": 18}
2026-09-27T21:12:52.459+00:00 RX a5120200000000fc54fc37040dfb0400004c D2 capture {"raw": "a5120200000000fc54fc37040dfb0400004c", "label": "D2 capture", "kind": "short", "opcode": "0x02", "frag_index": null, "checksum_ok": true, "declared_length": 18}
2026-09-27T21:12:52.488+00:00 RX a5120200000000fc54fc37040dfb0400004c D2 capture {"raw": "a5120200000000fc54fc37040dfb0400004c", "label": "D2 capture", "kind": "short", "opcode": "0x02", "frag_index": null, "checksum_ok": true, "declared_length": 18}
2026-09-27T21:12:52.509+00:00 RX a5120200000000fc54fc37040dfb0400004c D2 capture {"raw": "a5120200000000fc54fc37040dfb0400004c", "label": "D2 capture", "kind": "short", "opcode": "0x02", "frag_index": null, "checksum_ok": true, "declared_length": 18}
2026-09-27T21:12:52.510+00:00 RX a5120200000000fc54fc37040dfb0400004c D2 capture {"raw": "a5120200000000fc54fc37040dfb0400004c", "label": "D2 capture", "kind": "short", "opcode": "0x02", "frag_index": null, "checksum_ok": true, "declared_length": 18}
2026-09-27T21:12:52.533+00:00 RX a5120200000000fc54fc37040dfb0400004c D2 capture {"raw": "a5120200000000fc54fc37040dfb0400004c", "label": "D2 capture", "kind": "short", "opcode": "0x02", "frag_index": null, "checksum_ok": true, "declared_length": 18}
2026-09-27T21:12:52.547+00:00 RX a5120200000000fc54fc37040dfb0400004c D2 capture {"raw": "a5120200000000fc54fc37040dfb0400004c", "label": "D2 capture", "kind": "short", "opcode": "0x02", "frag_index": null, "checksum_ok": true, "declared_length": 18}
2026-09-27T21:12:52.569+00:00 RX a5120200000000fc54fc37040dfb0400004c D2 capture {"raw": "a5120200000000fc54fc37040dfb0400004c", "label": "D2 capture", "kind": "short", "opcode": "0x02", "frag_index": null, "checksum_ok": true, "declared_length": 18}
2026-09-27T21:12:52.587+00:00 RX a5120200000000fc54fc37040dfb0400004c D2 capture {"raw": "a5120200000000fc54fc37040dfb0400004c", "label": "D2 capture", "kind": "short", "opcode": "0x02", "frag_index": null, "checksum_ok": true, "declared_length": 18}
2026-09-27T21:12:52.600+00:00 RX a5120200000000fc54fc37040dfb0400004c D2 capture {"raw": "a5120200000000fc54fc37040dfb0400004c", "label": "D2 capture", "kind": "short", "opcode": "0x02", "frag_index": null, "checksum_ok": true, "declared_length": 18}
2026-09-27T21:12:52.615+00:00 RX a5120200000000fc54fc37040dfb0400004c D2 capture {"raw": "a5120200000000fc54fc37040dfb0400004c", "label": "D2 capture", "kind": "short", "opcode": "0x02", "frag_index": null, "checksum_ok": true, "declared_length": 18}
2026-09-27T21:12:52.631+00:00 RX a5120200000000fc54fc37040dfb0400004c D2 capture {"raw": "a5120200000000fc54fc37040dfb0400004c", "label": "D2 capture", "kind": "short", "opcode": "0x02", "frag_index": null, "checksum_ok": true, "declared_length": 18}
2026-09-27T21:12:52.646+00:00 RX a5120200000000fc54fc37040dfb0400004c D2 capture {"raw": "a5120200000000fc54fc37040dfb0400004c", "label": "D2 capture", "kind": "short", "opcode": "0x02", "frag_index": null, "checksum_ok": true, "declared_length": 18}
2026-09-27T21:12:52.661+00:00 RX a5120200000000fc54fc37040dfb0400004c D2 capture {"raw": "a5120200000000fc54fc37040dfb0400004c", "label": "D2 capture", "kind": "short", "opcode": "0x02", "frag_index": null, "checksum_ok": true, "declared_length": 18}
2026-09-27T21:12:52.692+00:00 RX a5120200000000fc54fc37040dfb0400004c D2 capture {"raw": "a5120200000000fc54fc37040dfb0400004c", "label": "D2 capture", "kind": "short", "opcode": "0x02", "frag_index": null, "checksum_ok": true, "declared_length": 18}
2026-09-27T21:12:52.693+00:00 RX a5120200000000fc54fc37040dfb0400004c D2 capture {"raw": "a5120200000000fc54fc37040dfb0400004c", "label": "D2 capture", "kind": "short", "opcode": "0x02", "frag_index": null, "checksum_ok": true, "declared_length": 18}
2026-09-27T21:12:52.704+00:00 RX a5120200000000fc54fc37040dfb0400004c D2 capture {"raw": "a5120200000000fc54fc37040dfb0400004c", "label": "D2 capture", "kind": "short", "opcode": "0x02", "frag_index": null, "checksum_ok": true, "declared_length": 18}
2026-09-27T21:12:52.720+00:00 RX a5120200000000fc54fc37040dfb0400004c D2 capture {"raw": "a5120200000000fc54fc37040dfb0400004c", "label": "D2 capture", "kind": "short", "opcode": "0x02", "frag_index": null, "checksum_ok": true, "declared_length": 18}
2026-09-27T21:12:52.735+00:00 RX a5120200000000fc54fc37040dfb0400004c D2 capture {"raw": "a5120200000000fc54fc37040dfb0400004c", "label": "D2 capture", "kind": "short", "opcode": "0x02", "frag_index": null, "checksum_ok": true, "declared_length": 18}
2026-09-27T21:12:52.751+00:00 RX a5120200000000fc54fc37040dfb0400004c D2 capture {"raw": "a5120200000000fc54fc37040dfb0400004c", "label": "D2 capture", "kind": "short", "opcode": "0x02", "frag_index": null, "checksum_ok": true, "declared_length": 18}
2026-09-27T21:12:52.765+00:00 RX a5120200000000fc54fc37040dfb0400004c D2 capture {"raw": "a5120200000000fc54fc37040dfb0400004c", "label": "D2 capture", "kind": "short", "opcode": "0x02", "frag_index": null, "checksum_ok": true, "declared_length": 18}
2026-09-27T21:12:52.779+00:00 RX a5120200000000fc54fc37040dfb0400004c D2 capture {"raw": "a5120200000000fc54fc37040dfb0400004c", "label": "D2 capture", "kind": "short", "opcode": "0x02", "frag_index": null, "checksum_ok": true, "declared_length": 18}
2026-09-27T21:12:52.795+00:00 RX a5120200000000fc54fc37040dfb0400004c D2 capture {"raw": "a5120200000000fc54fc37040dfb0400004c", "label": "D2 capture", "kind": "short", "opcode": "0x02", "frag_index": null, "checksum_ok": true, "declared_length": 18}
2026-09-27T21:12:52.809+00:00 RX a5120200000000fc54fc37040dfb0400004c D2 capture {"raw": "a5120200000000fc54fc37040dfb0400004c", "label": "D2 capture", "kind": "short", "opcode": "0x02", "frag_index": null, "checksum_ok": true, "declared_length": 18}
2026-09-27T21:12:52.824+00:00 RX a5120200000000fc54fc37040dfb0400004c D2 capture {"raw": "a5120200000000fc54fc37040dfb0400004c", "label": "D2 capture", "kind": "short", "opcode": "0x02", "frag_index": null, "checksum_ok": true, "declared_length": 18}
2026-09-27T21:12:52.839+00:00 RX a5120200000000fc54fc37040dfb0400004c D2 capture {"raw": "a5120200000000fc54fc37040dfb0400004c", "label": "D2 capture", "kind": "short", "opcode": "0x02", "frag_index": null, "checksum_ok": true, "declared_length": 18}
2026-09-27T21:12:52.855+00:00 RX a5120200000000fc54fc37040dfb0400004c D2 capture {"raw": "a5120200000000fc54fc37040dfb0400004c", "label": "D2 capture", "kind": "short", "opcode": "0x02", "frag_index": null, "checksum_ok": true, "declared_length": 18}
2026-09-27T21:12:52.871+00:00 RX a5120200000000fc54fc37040dfb0400004c D2 capture {"raw": "a5120200000000fc54fc37040dfb0400004c", "label": "D2 capture", "kind": "short", "opcode": "0x02", "frag_index": null, "checksum_ok": true, "declared_length": 18}
2026-09-27T21:12:52.886+00:00 RX a5120200000000fc54fc37040dfb0400004c D2 capture {"raw": "a5120200000000fc54fc37040dfb0400004c", "label": "D2 capture", "kind": "short", "opcode": "0x02", "frag_index": null, "checksum_ok": true, "declared_length": 18}
2026-09-27T21:12:52.909+00:00 RX a5120200000000fc54fc37040dfb0400004c D2 capture {"raw": "a5120200000000fc54fc37040dfb0400004c", "label": "D2 capture", "kind": "short", "opcode": "0x02", "frag_index": null, "checksum_ok": true, "declared_length": 18}
2026-09-27T21:12:52.930+00:00 RX a5120200000000fc54fc37040dfb0400004c D2 capture {"raw": "a5120200000000fc54fc37040dfb0400004c", "label": "D2 capture", "kind": "short", "opcode": "0x02", "frag_index": null, "checksum_ok": true, "declared_length": 18}
2026-09-27T21:12:52.930+00:00 RX a5120200000000fc54fc37040dfb0400004c D2 capture {"raw": "a5120200000000fc54fc37040dfb0400004c", "label": "D2 capture", "kind": "short", "opcode": "0x02", "frag_index": null, "checksum_ok": true, "declared_length": 18}
2026-09-27T21:12:52.954+00:00 RX a5120200000000fc54fc37040dfb0400004c D2 capture {"raw": "a5120200000000fc54fc37040dfb0400004c", "label": "D2 capture", "kind": "short", "opcode": "0x02", "frag_index": null, "checksum_ok": true, "declared_length": 18}
2026-09-27T21:12:52.968+00:00 RX a5120200000000fc54fc37040dfb0400004c D2 capture {"raw": "a5120200000000fc54fc37040dfb0400004c", "label": "D2 capture", "kind": "short", "opcode": "0x02", "frag_index": null, "checksum_ok": true, "declared_length": 18}
2026-09-27T21:12:52.989+00:00 RX a5120200000000fc54fc37040dfb0400004c D2 capture {"raw": "a5120200000000fc54fc37040dfb0400004c", "label": "D2 capture", "kind": "short", "opcode": "0x02", "frag_index": null, "checksum_ok": true, "declared_length": 18}
2026-09-27T21:12:53.006+00:00 RX a5120200000000fc54fc37040dfb0400004c D2 capture {"raw": "a5120200000000fc54fc37040dfb0400004c", "label": "D2 capture", "kind": "short", "opcode": "0x02", "frag_index": null, "checksum_ok": true, "declared_length": 18}
2026-09-27T21:12:53.020+00:00 RX a5120200000000fc54fc37040dfb0400004c D2 capture {"raw": "a5120200000000fc54fc37040dfb0400004c", "label": "D2 capture", "kind": "short", "opcode": "0x02", "frag_index": null, "checksum_ok": true, "declared_length": 18}
2026-09-27T21:12:53.035+00:00 RX a5120200000000fc54fc37040dfb0400004c D2 capture {"raw": "a5120200000000fc54fc37040dfb0400004c", "label": "D2 capture", "kind": "short", "opcode": "0x02", "frag_index": null, "checksum_ok": true, "declared_length": 18}
2026-09-27T21:12:53.049+00:00 RX a5120200000000fc54fc37040dfb0400004c D2 capture {"raw": "a5120200000000fc54fc37040dfb0400004c", "label": "D2 capture", "kind": "short", "opcode": "0x02", "frag_index": null, "checksum_ok": true, "declared_length": 18}
2026-09-27T21:12:53.073+00:00 RX a5120200000000fc54fc37040dfb0400004c D2 capture {"raw": "a5120200000000fc54fc37040dfb0400004c", "label": "D2 capture", "kind": "short", "opcode": "0x02", "frag_index": null, "checksum_ok": true, "declared_length": 18}
2026-09-27T21:12:53.073+00:00 RX a5120200000000fc54fc37040dfb0400004c D2 capture {"raw": "a5120200000000fc54fc37040dfb0400004c", "label": "D2 capture", "kind": "short", "opcode": "0x02", "frag_index": null, "checksum_ok": true, "declared_length": 18}
2026-09-27T21:12:53.094+00:00 RX a5120200000000fc54fc37040dfb0400004c D2 capture {"raw": "a5120200000000fc54fc37040dfb0400004c", "label": "D2 capture", "kind": "short", "opcode": "0x02", "frag_index": null, "checksum_ok": true, "declared_length": 18}
2026-09-27T21:12:53.109+00:00 RX a5120200000000fc54fc37040dfb0400004c D2 capture {"raw": "a5120200000000fc54fc37040dfb0400004c", "label": "D2 capture", "kind": "short", "opcode": "0x02", "frag_index": null, "checksum_ok": true, "declared_length": 18}
2026-09-27T21:12:53.125+00:00 RX a5120200000000fc54fc37040dfb0400004c D2 capture {"raw": "a5120200000000fc54fc37040dfb0400004c", "label": "D2 capture", "kind": "short", "opcode": "0x02", "frag_index": null, "checksum_ok": true, "declared_length": 18}
2026-09-27T21:12:53.140+00:00 RX a5120200000000fc54fc37040dfb0400004c D2 capture {"raw": "a5120200000000fc54fc37040dfb0400004c", "label": "D2 capture", "kind": "short", "opcode": "0x02", "frag_index": null, "checksum_ok": true, "declared_length": 18}
2026-09-27T21:12:53.155+00:00 RX a5120200000000fc54fc37040dfb0400004c D2 capture {"raw": "a5120200000000fc54fc37040dfb0400004c", "label": "D2 capture", "kind": "short", "opcode": "0x02", "frag_index": null, "checksum_ok": true, "declared_length": 18}
2026-09-27T21:12:53.169+00:00 RX a5120200000000fc54fc37040dfb0400004c D2 capture {"raw": "a5120200000000fc54fc37040dfb0400004c", "label": "D2 capture", "kind": "short", "opcode": "0x02", "frag_index": null, "checksum_ok": true, "declared_length": 18}
2026-09-27T21:12:53.185+00:00 RX a5120200000000fc54fc37040dfb0400004c D2 capture {"raw": "a5120200000000fc54fc37040dfb0400004c", "label": "D2 capture", "kind": "short", "opcode": "0x02", "frag_index": null, "checksum_ok": true, "declared_length": 18}
2026-09-27T21:12:53.201+00:00 RX a5120200000000fc54fc37040dfb0400004c D2 capture {"raw": "a5120200000000fc54fc37040dfb0400004c", "label": "D2 capture", "kind": "short", "opcode": "0x02", "frag_index": null, "checksum_ok": true, "declared_length": 18}
2026-09-27T21:12:53.215+00:00 RX a5120200000000fc54fc37040dfb0400004c D2 capture {"raw": "a5120200000000fc54fc37040dfb0400004c", "label": "D2 capture", "kind": "short", "opcode": "0x02", "frag_index": null, "checksum_ok": true, "declared_length": 18}
2026-09-27T21:12:53.230+00:00 RX a5120200000000fc54fc37040dfb0400004c D2 capture {"raw": "a5120200000000fc54fc37040dfb0400004c", "label": "D2 capture", "kind": "short", "opcode": "0x02", "frag_index": null, "checksum_ok": true, "declared_length": 18}
2026-09-27T21:12:53.244+00:00 RX a5120200000000fc54fc37040dfb0400004c D2 capture {"raw": "a5120200000000fc54fc37040dfb0400004c", "label": "D2 capture", "kind": "short", "opcode": "0x02", "frag_index": null, "checksum_ok": true, "declared_length": 18}
2026-09-27T21:12:53.260+00:00 RX a5120200000000fc54fc37040dfb0400004c D2 capture {"raw": "a5120200000000fc54fc37040dfb0400004c", "label": "D2 capture", "kind": "short", "opcode": "0x02", "frag_index": null, "checksum_ok": true, "declared_length": 18}
2026-09-27T21:12:53.275+00:00 RX a5120200000000fc54fc37040dfb0400004c D2 capture {"raw": "a5120200000000fc54fc37040dfb0400004c", "label": "D2 capture", "kind": "short", "opcode": "0x02", "frag_index": null, "checksum_ok": true, "declared_length": 18}
2026-09-27T21:12:53.292+00:00 RX a5120200000000fc54fc37040dfb0400004c D2 capture {"raw": "a5120200000000fc54fc37040dfb0400004c", "label": "D2 capture", "kind": "short", "opcode": "0x02", "frag_index": null, "checksum_ok": true, "declared_length": 18}
2026-09-27T21:12:53.305+00:00 RX a5120200000000fc54fc37040dfb0400004c D2 capture {"raw": "a5120200000000fc54fc37040dfb0400004c", "label": "D2 capture", "kind": "short", "opcode": "0x02", "frag_index": null, "checksum_ok": true, "declared_length": 18}
2026-09-27T21:12:53.319+00:00 RX a5120200000000fc54fc37040dfb0400004c D2 capture {"raw": "a5120200000000fc54fc37040dfb0400004c", "label": "D2 capture", "kind": "short", "opcode": "0x02", "frag_index": null, "checksum_ok": true, "declared_length": 18}
2026-09-27T21:12:53.343+00:00 RX a5120200000000fc54fc37040dfb0400004c D2 capture {"raw": "a5120200000000fc54fc37040dfb0400004c", "label": "D2 capture", "kind": "short", "opcode": "0x02", "frag_index": null, "checksum_ok": true, "declared_length": 18}
2026-09-27T21:12:53.357+00:00 RX a5120200000000fc54fc37040dfb0400004c D2 capture {"raw": "a5120200000000fc54fc37040dfb0400004c", "label": "D2 capture", "kind": "short", "opcode": "0x02", "frag_index": null, "checksum_ok": true, "declared_length": 18}
2026-09-27T21:12:53.373+00:00 RX a5120200000000fc54fc37040dfb0400004c D2 capture {"raw": "a5120200000000fc54fc37040dfb0400004c", "label": "D2 capture", "kind": "short", "opcode": "0x02", "frag_index": null, "checksum_ok": true, "declared_length": 18}
2026-09-27T21:12:53.388+00:00 RX a5120200000000fc54fc37040dfb0400004c D2 capture {"raw": "a5120200000000fc54fc37040dfb0400004c", "label": "D2 capture", "kind": "short", "opcode": "0x02", "frag_index": null, "checksum_ok": true, "declared_length": 18}
2026-09-27T21:12:53.403+00:00 RX a5120200000000fc54fc37040dfb0400004c D2 capture {"raw": "a5120200000000fc54fc37040dfb0400004c", "label": "D2 capture", "kind": "short", "opcode": "0x02", "frag_index": null, "checksum_ok": true, "declared_length": 18}
2026-09-27T21:12:53.418+00:00 RX a5120200000000fc54fc37040dfb0400004c D2 capture {"raw": "a5120200000000fc54fc37040dfb0400004c", "label": "D2 capture", "kind": "short", "opcode": "0x02", "frag_index": null, "checksum_ok": true, "declared_length": 18}
2026-09-27T21:12:53.434+00:00 RX a5120200000000fc54fc37040dfb0400004c D2 capture {"raw": "a5120200000000fc54fc37040dfb0400004c", "label": "D2 capture", "kind": "short", "opcode": "0x02", "frag_index": null, "checksum_ok": true, "declared_length": 18}
2026-09-27T21:12:53.457+00:00 RX a5120200000000fc54fc37040dfb0400004c D2 capture {"raw": "a5120200000000fc54fc37040dfb0400004c", "label": "D2 capture", "kind": "short", "opcode": "0x02", "frag_index": null, "checksum_ok": true, "declared_length": 18}
2026-09-27T21:12:53.457+00:00 RX a5120200000000fc54fc37040dfb0400004c D2 capture {"raw": "a5120200000000fc54fc37040dfb0400004c", "label": "D2 capture", "kind": "short", "opcode": "0x02", "frag_index": null, "checksum_ok": true, "declared_length": 18}
2026-09-27T21:12:53.479+00:00 RX a5120200000000fc54fc37040dfb0400004c D2 capture {"raw": "a5120200000000fc54fc37040dfb0400004c", "label": "D2 capture", "kind": "short", "opcode": "0x02", "frag_index": null, "checksum_ok": true, "declared_length": 18}
2026-09-27T21:12:53.493+00:00 RX a5120200000000fc54fc37040dfb0400004c D2 capture {"raw": "a5120200000000fc54fc37040dfb0400004c", "label": "D2 capture", "kind": "short", "opcode": "0x02", "frag_index": null, "checksum_ok": true, "declared_length": 18}
2026-09-27T21:12:53.508+00:00 RX a5120200000000fc54fc37040dfb0400004c D2 capture {"raw": "a5120200000000fc54fc37040dfb0400004c", "label": "D2 capture", "kind": "short", "opcode": "0x02", "frag_index": null, "checksum_ok": true, "declared_length": 18}
2026-09-27T21:12:53.530+00:00 RX a5120200000000fc54fc37040dfb0400004c D2 capture {"raw": "a5120200000000fc54fc37040dfb0400004c", "label": "D2 capture", "kind": "short", "opcode": "0x02", "frag_index": null, "checksum_ok": true, "declared_length": 18}
2026-09-27T21:12:53.545+00:00 RX a5120200000000fc54fc37040dfb0400004c D2 capture {"raw": "a5120200000000fc54fc37040dfb0400004c", "label": "D2 capture", "kind": "short", "opcode": "0x02", "frag_index": null, "checksum_ok": true, "declared_length": 18}
2026-09-27T21:12:53.567+00:00 RX a5120200000000fc54fc37040dfb0400004c D2 capture {"raw": "a5120200000000fc54fc37040dfb0400004c", "label": "D2 capture", "kind": "short", "opcode": "0x02", "frag_index": null, "checksum_ok": true, "declared_length": 18}
2026-09-27T21:12:53.568+00:00 RX a5120200000000fc54fc37040dfb0400004c D2 capture {"raw": "a5120200000000fc54fc37040dfb0400004c", "label": "D2 capture", "kind": "short", "opcode": "0x02", "frag_index": null, "checksum_ok": true, "declared_length": 18}
2026-09-27T21:12:55.331+00:00 RX a5120200040000fc54fc37040dfb04000050 D2 capture {"raw": "a5120200040000fc54fc37040dfb04000050", "label": "D2 capture", "kind": "short", "opcode": "0x02", "frag_index": null, "checksum_ok": true, "declared_length": 18}
2026-09-27T21:12:55.346+00:00 RX a5120200040000fc54fc37040dfb04000050 D2 capture {"raw": "a5120200040000fc54fc37040dfb04000050", "label": "D2 capture", "kind": "short", "opcode": "0x02", "frag_index": null, "checksum_ok": true, "declared_length": 18}
2026-09-27T21:12:55.369+00:00 RX a5120200040000fc54fc37040dfb04000050 D2 capture {"raw": "a5120200040000fc54fc37040dfb04000050", "label": "D2 capture", "kind": "short", "opcode": "0x02", "frag_index": null, "checksum_ok": true, "declared_length": 18}
2026-09-27T21:12:55.383+00:00 RX a5120200040000fc54fc37040dfb04000050 D2 capture {"raw": "a5120200040000fc54fc37040dfb04000050", "label": "D2 capture", "kind": "short", "opcode": "0x02", "frag_index": null, "checksum_ok": true, "declared_length": 18}
2026-09-27T21:12:55.398+00:00 RX a5120200040000fc54fc37040dfb04000050 D2 capture {"raw": "a5120200040000fc54fc37040dfb04000050", "label": "D2 capture", "kind": "short", "opcode": "0x02", "frag_index": null, "checksum_ok": true, "declared_length": 18}
2026-09-27T21:12:55.413+00:00 RX a5120200040000fc54fc37040dfb04000050 D2 capture {"raw": "a5120200040000fc54fc37040dfb04000050", "label": "D2 capture", "kind": "short", "opcode": "0x02", "frag_index": null, "checksum_ok": true, "declared_length": 18}
2026-09-27T21:12:55.429+00:00 RX a5120200040000fc54fc37040dfb04000050 D2 capture {"raw": "a5120200040000fc54fc37040dfb04000050", "label": "D2 capture", "kind": "short", "opcode": "0x02", "frag_index": null, "checksum_ok": true, "declared_length": 18}
2026-09-27T21:12:55.443+00:00 RX a5120200040000fc54fc37040dfb04000050 D2 capture {"raw": "a5120200040000fc54fc37040dfb04000050", "label": "D2 capture", "kind": "short", "opcode": "0x02", "frag_index": null, "checksum_ok": true, "declared_length": 18}
2026-09-27T21:12:55.458+00:00 RX a5120200040000fc54fc37040dfb04000050 D2 capture {"raw": "a5120200040000fc54fc37040dfb04000050", "label": "D2 capture", "kind": "short", "opcode": "0x02", "frag_index": null, "checksum_ok": true, "declared_length": 18}
2026-09-27T21:12:55.472+00:00 RX a5120200040000fc54fc37040dfb04000050 D2 capture {"raw": "a5120200040000fc54fc37040dfb04000050", "label": "D2 capture", "kind": "short", "opcode": "0x02", "frag_index": null, "checksum_ok": true, "declared_length": 18}
2026-09-27T21:12:55.487+00:00 RX a5120200040000fc54fc37040dfb04000050 D2 capture {"raw": "a5120200040000fc54fc37040dfb04000050", "label": "D2 capture", "kind": "short", "opcode": "0x02", "frag_index": null, "checksum_ok": true, "declared_length": 18}
2026-09-27T21:12:55.503+00:00 RX a5120200040000fc54fc37040dfb04000050 D2 capture {"raw": "a5120200040000fc54fc37040dfb04000050", "label": "D2 capture", "kind": "short", "opcode": "0x02", "frag_index": null, "checksum_ok": true, "declared_length": 18}
2026-09-27T21:12:55.518+00:00 RX a5120200040000fc54fc37040dfb04000050 D2 capture {"raw": "a5120200040000fc54fc37040dfb04000050", "label": "D2 capture", "kind": "short", "opcode": "0x02", "frag_index": null, "checksum_ok": true, "declared_length": 18}
2026-09-27T21:12:55.532+00:00 RX a5120200040000fc54fc37040dfb04000050 D2 capture {"raw": "a5120200040000fc54fc37040dfb04000050", "label": "D2 capture", "kind": "short", "opcode": "0x02", "frag_index": null, "checksum_ok": true, "declared_length": 18}
2026-09-27T21:12:55.549+00:00 RX a5120200040000fc54fc37040dfb04000050 D2 capture {"raw": "a5120200040000fc54fc37040dfb04000050", "label": "D2 capture", "kind": "short", "opcode": "0x02", "frag_index": null, "checksum_ok": true, "declared_length": 18}
2026-09-27T21:12:55.564+00:00 RX a5120200040000fc54fc37040dfb04000050 D2 capture {"raw": "a5120200040000fc54fc37040dfb04000050", "label": "D2 capture", "kind": "short", "opcode": "0x02", "frag_index": null, "checksum_ok": true, "declared_length": 18}
2026-09-27T21:12:55.580+00:00 RX a5120200040000fc54fc37040dfb04000050 D2 capture {"raw": "a5120200040000fc54fc37040dfb04000050", "label": "D2 capture", "kind": "short", "opcode": "0x02", "frag_index": null, "checksum_ok": true, "declared_length": 18}
2026-09-27T21:12:55.595+00:00 RX a5120200040000fc54fc37040dfb04000050 D2 capture {"raw": "a5120200040000fc54fc37040dfb04000050", "label": "D2 capture", "kind": "short", "opcode": "0x02", "frag_index": null, "checksum_ok": true, "declared_length": 18}
2026-09-27T21:12:55.609+00:00 RX a5120200040000fc54fc37040dfb04000050 D2 capture {"raw": "a5120200040000fc54fc37040dfb04000050", "label": "D2 capture", "kind": "short", "opcode": "0x02", "frag_index": null, "checksum_ok": true, "declared_length": 18}
2026-09-27T21:12:55.624+00:00 RX a5120200000000fc54fc37040dfb0400004c D2 capture {"raw": "a5120200000000fc54fc37040dfb0400004c", "label": "D2 capture", "kind": "short", "opcode": "0x02", "frag_index": null, "checksum_ok": true, "declared_length": 18}
2026-09-27T21:12:55.639+00:00 RX a5120200000000fc54fc37040dfb0400004c D2 capture {"raw": "a5120200000000fc54fc37040dfb0400004c", "label": "D2 capture", "kind": "short", "opcode": "0x02", "frag_index": null, "checksum_ok": true, "declared_length": 18}
2026-09-27T21:12:55.654+00:00 RX a5120200000000fc54fc37040dfb0400004c D2 capture {"raw": "a5120200000000fc54fc37040dfb0400004c", "label": "D2 capture", "kind": "short", "opcode": "0x02", "frag_index": null, "checksum_ok": true, "declared_length": 18}
2026-09-27T21:12:55.675+00:00 RX a5120200000000fc54fc37040dfb0400004c D2 capture {"raw": "a5120200000000fc54fc37040dfb0400004c", "label": "D2 capture", "kind": "short", "opcode": "0x02", "frag_index": null, "checksum_ok": true, "declared_length": 18}
2026-09-27T21:12:55.675+00:00 RX a5120200000000fc54fc37040dfb0400004c D2 capture {"raw": "a5120200000000fc54fc37040dfb0400004c", "label": "D2 capture", "kind": "short", "opcode": "0x02", "frag_index": null, "checksum_ok": true, "declared_length": 18}
2026-09-27T21:12:55.699+00:00 RX a5120200000000fc54fc37040dfb0400004c D2 capture {"raw": "a5120200000000fc54fc37040dfb0400004c", "label": "D2 capture", "kind": "short", "opcode": "0x02", "frag_index": null, "checksum_ok": true, "declared_length": 18}
2026-09-27T21:12:55.712+00:00 RX a5120200000000fc54fc37040dfb0400004c D2 capture {"raw": "a5120200000000fc54fc37040dfb0400004c", "label": "D2 capture", "kind": "short", "opcode": "0x02", "frag_index": null, "checksum_ok": true, "declared_length": 18}
2026-09-27T21:12:55.727+00:00 RX a5120200000000fc54fc37040dfb0400004c D2 capture {"raw": "a5120200000000fc54fc37040dfb0400004c", "label": "D2 capture", "kind": "short", "opcode": "0x02", "frag_index": null, "checksum_ok": true, "declared_length": 18}
2026-09-27T21:12:55.749+00:00 RX a5120200000000fc54fc37040dfb0400004c D2 capture {"raw": "a5120200000000fc54fc37040dfb0400004c", "label": "D2 capture", "kind": "short", "opcode": "0x02", "frag_index": null, "checksum_ok": true, "declared_length": 18}
2026-09-27T21:12:55.774+00:00 RX a5120200000000fc54fc37040dfb0400004c D2 capture {"raw": "a5120200000000fc54fc37040dfb0400004c", "label": "D2 capture", "kind": "short", "opcode": "0x02", "frag_index": null, "checksum_ok": true, "declared_length": 18}
2026-09-27T21:12:55.774+00:00 RX a5120200000000fc54fc37040dfb0400004c D2 capture {"raw": "a5120200000000fc54fc37040dfb0400004c", "label": "D2 capture", "kind": "short", "opcode": "0x02", "frag_index": null, "checksum_ok": true, "declared_length": 18}
2026-09-27T21:12:55.794+00:00 RX a5120200000000fc54fc37040dfb0400004c D2 capture {"raw": "a5120200000000fc54fc37040dfb0400004c", "label": "D2 capture", "kind": "short", "opcode": "0x02", "frag_index": null, "checksum_ok": true, "declared_length": 18}
2026-09-27T21:12:55.809+00:00 RX a5120200000000fc54fc37040dfb0400004c D2 capture {"raw": "a5120200000000fc54fc37040dfb0400004c", "label": "D2 capture", "kind": "short", "opcode": "0x02", "frag_index": null, "checksum_ok": true, "declared_length": 18}
2026-09-27T21:12:55.825+00:00 RX a5120200000000fc54fc37040dfb0400004c D2 capture {"raw": "a5120200000000fc54fc37040dfb0400004c", "label": "D2 capture", "kind": "short", "opcode": "0x02", "frag_index": null, "checksum_ok": true, "declared_length": 18}
2026-09-27T21:12:55.848+00:00 RX a5120200000000fc54fc37040dfb0400004c D2 capture {"raw": "a5120200000000fc54fc37040dfb0400004c", "label": "D2 capture", "kind": "short", "opcode": "0x02", "frag_index": null, "checksum_ok": true, "declared_length": 18}
2026-09-27T21:12:55.863+00:00 RX a5120200000000fc54fc37040dfb0400004c D2 capture {"raw": "a5120200000000fc54fc37040dfb0400004c", "label": "D2 capture", "kind": "short", "opcode": "0x02", "frag_index": null, "checksum_ok": true, "declared_length": 18}
2026-09-27T21:12:55.864+00:00 RX a5120200000000fc54fc37040dfb0400004c D2 capture {"raw": "a5120200000000fc54fc37040dfb0400004c", "label": "D2 capture", "kind": "short", "opcode": "0x02", "frag_index": null, "checksum_ok": true, "declared_length": 18}
2026-09-27T21:12:55.885+00:00 RX a5120200000000fc54fc37040dfb0400004c D2 capture {"raw": "a5120200000000fc54fc37040dfb0400004c", "label": "D2 capture", "kind": "short", "opcode": "0x02", "frag_index": null, "checksum_ok": true, "declared_length": 18}
2026-09-27T21:12:55.908+00:00 RX a5120200000000fc54fc37040dfb0400004c D2 capture {"raw": "a5120200000000fc54fc37040dfb0400004c", "label": "D2 capture", "kind": "short", "opcode": "0x02", "frag_index": null, "checksum_ok": true, "declared_length": 18}
2026-09-27T21:12:55.923+00:00 RX a5120200000000fc54fc37040dfb0400004c D2 capture {"raw": "a5120200000000fc54fc37040dfb0400004c", "label": "D2 capture", "kind": "short", "opcode": "0x02", "frag_index": null, "checksum_ok": true, "declared_length": 18}
2026-09-27T21:12:55.937+00:00 RX a5120200000000fc54fc37040dfb0400004c D2 capture {"raw": "a5120200000000fc54fc37040dfb0400004c", "label": "D2 capture", "kind": "short", "opcode": "0x02", "frag_index": null, "checksum_ok": true, "declared_length": 18}
2026-09-27T21:12:55.952+00:00 RX a5120200000000fc54fc37040dfb0400004c D2 capture {"raw": "a5120200000000fc54fc37040dfb0400004c", "label": "D2 capture", "kind": "short", "opcode": "0x02", "frag_index": null, "checksum_ok": true, "declared_length": 18}
2026-09-27T21:12:55.969+00:00 RX a5120200000000fc54fc37040dfb0400004c D2 capture {"raw": "a5120200000000fc54fc37040dfb0400004c", "label": "D2 capture", "kind": "short", "opcode": "0x02", "frag_index": null, "checksum_ok": true, "declared_length": 18}
2026-09-27T21:12:55.984+00:00 RX a5120200000000fc54fc37040dfb0400004c D2 capture {"raw": "a5120200000000fc54fc37040dfb0400004c", "label": "D2 capture", "kind": "short", "opcode": "0x02", "frag_index": null, "checksum_ok": true, "declared_length": 18}
2026-09-27T21:12:55.999+00:00 RX a5120200000000fc54fc37040dfb0400004c D2 capture {"raw": "a5120200000000fc54fc37040dfb0400004c", "label": "D2 capture", "kind": "short", "opcode": "0x02", "frag_index": null, "checksum_ok": true, "declared_length": 18}
2026-09-27T21:12:56.013+00:00 RX a5120200000000fc54fc37040dfb0400004c D2 capture {"raw": "a5120200000000fc54fc37040dfb0400004c", "label": "D2 capture", "kind": "short", "opcode": "0x02", "frag_index": null, "checksum_ok": true, "declared_length": 18}
2026-09-27T21:12:56.034+00:00 RX a5120200000000fc54fc37040dfb0400004c D2 capture {"raw": "a5120200000000fc54fc37040dfb0400004c", "label": "D2 capture", "kind": "short", "opcode": "0x02", "frag_index": null, "checksum_ok": true, "declared_length": 18}
2026-09-27T21:12:56.035+00:00 RX a5120200000000fc54fc37040dfb0400004c D2 capture {"raw": "a5120200000000fc54fc37040dfb0400004c", "label": "D2 capture", "kind": "short", "opcode": "0x02", "frag_index": null, "checksum_ok": true, "declared_length": 18}
2026-09-27T21:12:56.057+00:00 RX a5120200000000fc54fc37040dfb0400004c D2 capture {"raw": "a5120200000000fc54fc37040dfb0400004c", "label": "D2 capture", "kind": "short", "opcode": "0x02", "frag_index": null, "checksum_ok": true, "declared_length": 18}
2026-09-27T21:12:56.072+00:00 RX a5120200000000fc54fc37040dfb0400004c D2 capture {"raw": "a5120200000000fc54fc37040dfb0400004c", "label": "D2 capture", "kind": "short", "opcode": "0x02", "frag_index": null, "checksum_ok": true, "declared_length": 18}
2026-09-27T21:12:56.090+00:00 RX a5120200000000fc54fc37040dfb0400004c D2 capture {"raw": "a5120200000000fc54fc37040dfb0400004c", "label": "D2 capture", "kind": "short", "opcode": "0x02", "frag_index": null, "checksum_ok": true, "declared_length": 18}
2026-09-27T21:12:56.111+00:00 RX a5120200000000fc54fc37040dfb0400004c D2 capture {"raw": "a5120200000000fc54fc37040dfb0400004c", "label": "D2 capture", "kind": "short", "opcode": "0x02", "frag_index": null, "checksum_ok": true, "declared_length": 18}
2026-09-27T21:12:56.125+00:00 RX a5120200000000fc54fc37040dfb0400004c D2 capture {"raw": "a5120200000000fc54fc37040dfb0400004c", "label": "D2 capture", "kind": "short", "opcode": "0x02", "frag_index": null, "checksum_ok": true, "declared_length": 18}
2026-09-27T21:12:56.148+00:00 RX a5120200000000fc54fc37040dfb0400004c D2 capture {"raw": "a5120200000000fc54fc37040dfb0400004c", "label": "D2 capture", "kind": "short", "opcode": "0x02", "frag_index": null, "checksum_ok": true, "declared_length": 18}
2026-09-27T21:12:56.163+00:00 RX a5120200000000fc54fc37040dfb0400004c D2 capture {"raw": "a5120200000000fc54fc37040dfb0400004c", "label": "D2 capture", "kind": "short", "opcode": "0x02", "frag_index": null, "checksum_ok": true, "declared_length": 18}
2026-09-27T21:12:56.164+00:00 RX a5120200000000fc54fc37040dfb0400004c D2 capture {"raw": "a5120200000000fc54fc37040dfb0400004c", "label": "D2 capture", "kind": "short", "opcode": "0x02", "frag_index": null, "checksum_ok": true, "declared_length": 18}
2026-09-27T21:12:56.185+00:00 RX a5120200000000fc54fc37040dfb0400004c D2 capture {"raw": "a5120200000000fc54fc37040dfb0400004c", "label": "D2 capture", "kind": "short", "opcode": "0x02", "frag_index": null, "checksum_ok": true, "declared_length": 18}
2026-09-27T21:12:56.200+00:00 RX a5120200000000fc54fc37040dfb0400004c D2 capture {"raw": "a5120200000000fc54fc37040dfb0400004c", "label": "D2 capture", "kind": "short", "opcode": "0x02", "frag_index": null, "checksum_ok": true, "declared_length": 18}
2026-09-27T21:12:56.240+00:00 RX a5120200000000fc54fc37040dfb0400004c D2 capture {"raw": "a5120200000000fc54fc37040dfb0400004c", "label": "D2 capture", "kind": "short", "opcode": "0x02", "frag_index": null, "checksum_ok": true, "declared_length": 18}
2026-09-27T21:12:56.240+00:00 RX a5120200000000fc54fc37040dfb0400004c D2 capture {"raw": "a5120200000000fc54fc37040dfb0400004c", "label": "D2 capture", "kind": "short", "opcode": "0x02", "frag_index": null, "checksum_ok": true, "declared_length": 18}
2026-09-27T21:12:56.255+00:00 RX a5120200000000fc54fc37040dfb0400004c D2 capture {"raw": "a5120200000000fc54fc37040dfb0400004c", "label": "D2 capture", "kind": "short", "opcode": "0x02", "frag_index": null, "checksum_ok": true, "declared_length": 18}
2026-09-27T21:12:56.268+00:00 RX a5120200000000fc54fc37040dfb0400004c D2 capture {"raw": "a5120200000000fc54fc37040dfb0400004c", "label": "D2 capture", "kind": "short", "opcode": "0x02", "frag_index": null, "checksum_ok": true, "declared_length": 18}
2026-09-27T21:12:56.282+00:00 RX a5120200000000fc54fc37040dfb0400004c D2 capture {"raw": "a5120200000000fc54fc37040dfb0400004c", "label": "D2 capture", "kind": "short", "opcode": "0x02", "frag_index": null, "checksum_ok": true, "declared_length": 18}
2026-09-27T21:12:56.297+00:00 RX a5120200000000fc54fc37040dfb0400004c D2 capture {"raw": "a5120200000000fc54fc37040dfb0400004c", "label": "D2 capture", "kind": "short", "opcode": "0x02", "frag_index": null, "checksum_ok": true, "declared_length": 18}
2026-09-27T21:12:56.313+00:00 RX a5120200000000fc54fc37040dfb0400004c D2 capture {"raw": "a5120200000000fc54fc37040dfb0400004c", "label": "D2 capture", "kind": "short", "opcode": "0x02", "frag_index": null, "checksum_ok": true, "declared_length": 18}
2026-09-27T21:12:56.335+00:00 RX a5120200000000fc54fc37040dfb0400004c D2 capture {"raw": "a5120200000000fc54fc37040dfb0400004c", "label": "D2 capture", "kind": "short", "opcode": "0x02", "frag_index": null, "checksum_ok": true, "declared_length": 18}
2026-09-27T21:12:56.349+00:00 RX a5120200000000fc54fc37040dfb0400004c D2 capture {"raw": "a5120200000000fc54fc37040dfb0400004c", "label": "D2 capture", "kind": "short", "opcode": "0x02", "frag_index": null, "checksum_ok": true, "declared_length": 18}
2026-09-27T21:12:56.349+00:00 RX a5120200000000fc54fc37040dfb0400004c D2 capture {"raw": "a5120200000000fc54fc37040dfb0400004c", "label": "D2 capture", "kind": "short", "opcode": "0x02", "frag_index": null, "checksum_ok": true, "declared_length": 18}
2026-09-27T21:12:56.381+00:00 RX a5120200000000fc54fc37040dfb0400004c D2 capture {"raw": "a5120200000000fc54fc37040dfb0400004c", "label": "D2 capture", "kind": "short", "opcode": "0x02", "frag_index": null, "checksum_ok": true, "declared_length": 18}
2026-09-27T21:12:56.381+00:00 RX a5120200000000fc54fc37040dfb0400004c D2 capture {"raw": "a5120200000000fc54fc37040dfb0400004c", "label": "D2 capture", "kind": "short", "opcode": "0x02", "frag_index": null, "checksum_ok": true, "declared_length": 18}
2026-09-27T21:12:56.404+00:00 RX a5120200000000fc54fc37040dfb0400004c D2 capture {"raw": "a5120200000000fc54fc37040dfb0400004c", "label": "D2 capture", "kind": "short", "opcode": "0x02", "frag_index": null, "checksum_ok": true, "declared_length": 18}
2026-09-27T21:12:56.425+00:00 RX a5120200000000fc54fc37040dfb0400004c D2 capture {"raw": "a5120200000000fc54fc37040dfb0400004c", "label": "D2 capture", "kind": "short", "opcode": "0x02", "frag_index": null, "checksum_ok": true, "declared_length": 18}
2026-09-27T21:12:56.448+00:00 RX a5120200000000fc54fc37040dfb0400004c D2 capture {"raw": "a5120200000000fc54fc37040dfb0400004c", "label": "D2 capture", "kind": "short", "opcode": "0x02", "frag_index": null, "checksum_ok": true, "declared_length": 18}
2026-09-27T21:12:56.448+00:00 RX a5120200000000fc54fc37040dfb0400004c D2 capture {"raw": "a5120200000000fc54fc37040dfb0400004c", "label": "D2 capture", "kind": "short", "opcode": "0x02", "frag_index": null, "checksum_ok": true, "declared_length": 18}
2026-09-27T21:12:56.470+00:00 RX a5120200000000fc54fc37040dfb0400004c D2 capture {"raw": "a5120200000000fc54fc37040dfb0400004c", "label": "D2 capture", "kind": "short", "opcode": "0x02", "frag_index": null, "checksum_ok": true, "declared_length": 18}
2026-09-27T21:12:56.485+00:00 RX a5120200000000fc54fc37040dfb0400004c D2 capture {"raw": "a5120200000000fc54fc37040dfb0400004c", "label": "D2 capture", "kind": "short", "opcode": "0x02", "frag_index": null, "checksum_ok": true, "declared_length": 18}
2026-09-27T21:12:56.500+00:00 RX a5120200000000fc54fc37040dfb0400004c D2 capture {"raw": "a5120200000000fc54fc37040dfb0400004c", "label": "D2 capture", "kind": "short", "opcode": "0x02", "frag_index": null, "checksum_ok": true, "declared_length": 18}
2026-09-27T21:12:56.524+00:00 RX a5120200000000fc54fc37040dfb0400004c D2 capture {"raw": "a5120200000000fc54fc37040dfb0400004c", "label": "D2 capture", "kind": "short", "opcode": "0x02", "frag_index": null, "checksum_ok": true, "declared_length": 18}
2026-09-27T21:12:56.538+00:00 RX a5120200000000fc54fc37040dfb0400004c D2 capture {"raw": "a5120200000000fc54fc37040dfb0400004c", "label": "D2 capture", "kind": "short", "opcode": "0x02", "frag_index": null, "checksum_ok": true, "declared_length": 18}
2026-09-27T21:12:56.567+00:00 RX a5120200000000fc54fc37040dfb0400004c D2 capture {"raw": "a5120200000000fc54fc37040dfb0400004c", "label": "D2 capture", "kind": "short", "opcode": "0x02", "frag_index": null, "checksum_ok": true, "declared_length": 18}
2026-09-27T21:12:56.568+00:00 RX a5120200000000fc54fc37040dfb0400004c D2 capture {"raw": "a5120200000000fc54fc37040dfb0400004c", "label": "D2 capture", "kind": "short", "opcode": "0x02", "frag_index": null, "checksum_ok": true, "declared_length": 18}
2026-09-27T21:12:56.582+00:00 RX a5120200000000fc54fc37040dfb0400004c D2 capture {"raw": "a5120200000000fc54fc37040dfb0400004c", "label": "D2 capture", "kind": "short", "opcode": "0x02", "frag_index": null, "checksum_ok": true, "declared_length": 18}
2026-09-27T21:12:56.597+00:00 RX a5120200000000fc54fc37040dfb0400004c D2 capture {"raw": "a5120200000000fc54fc37040dfb0400004c", "label": "D2 capture", "kind": "short", "opcode": "0x02", "frag_index": null, "checksum_ok": true, "declared_length": 18}
2026-09-27T21:12:56.612+00:00 RX a5120200000000fc54fc37040dfb0400004c D2 capture {"raw": "a5120200000000fc54fc37040dfb0400004c", "label": "D2 capture", "kind": "short", "opcode": "0x02", "frag_index": null, "checksum_ok": true, "declared_length": 18}
2026-09-27T21:12:56.627+00:00 RX a5120200000000fc54fc37040dfb0400004c D2 capture {"raw": "a5120200000000fc54fc37040dfb0400004c", "label": "D2 capture", "kind": "short", "opcode": "0x02", "frag_index": null, "checksum_ok": true, "declared_length": 18}
2026-09-27T21:12:56.645+00:00 RX a5120200000000fc54fc37040dfb0400004c D2 capture {"raw": "a5120200000000fc54fc37040dfb0400004c", "label": "D2 capture", "kind": "short", "opcode": "0x02", "frag_index": null, "checksum_ok": true, "declared_length": 18}
2026-09-27T21:12:56.658+00:00 RX a5120200000000fc54fc37040dfb0400004c D2 capture {"raw": "a5120200000000fc54fc37040dfb0400004c", "label": "D2 capture", "kind": "short", "opcode": "0x02", "frag_index": null, "checksum_ok": true, "declared_length": 18}
2026-09-27T21:12:56.673+00:00 RX a5120200000000fc54fc37040dfb0400004c D2 capture {"raw": "a5120200000000fc54fc37040dfb0400004c", "label": "D2 capture", "kind": "short", "opcode": "0x02", "frag_index": null, "checksum_ok": true, "declared_length": 18}
2026-09-27T21:12:56.689+00:00 RX a5120200000000fc54fc37040dfb0400004c D2 capture {"raw": "a5120200000000fc54fc37040dfb0400004c", "label": "D2 capture", "kind": "short", "opcode": "0x02", "frag_index": null, "checksum_ok": true, "declared_length": 18}
2026-09-27T21:12:56.704+00:00 RX a5120200000000fc54fc37040dfb0400004c D2 capture {"raw": "a5120200000000fc54fc37040dfb0400004c", "label": "D2 capture", "kind": "short", "opcode": "0x02", "frag_index": null, "checksum_ok": true, "declared_length": 18}
2026-09-27T21:12:56.725+00:00 RX a5120200000000fc54fc37040dfb0400004c D2 capture {"raw": "a5120200000000fc54fc37040dfb0400004c", "label": "D2 capture", "kind": "short", "opcode": "0x02", "frag_index": null, "checksum_ok": true, "declared_length": 18}
2026-09-27T21:12:56.741+00:00 RX a5120200000000fc54fc37040dfb0400004c D2 capture {"raw": "a5120200000000fc54fc37040dfb0400004c", "label": "D2 capture", "kind": "short", "opcode": "0x02", "frag_index": null, "checksum_ok": true, "declared_length": 18}
2026-09-27T21:12:56.755+00:00 RX a5120200000000fc54fc37040dfb0400004c D2 capture {"raw": "a5120200000000fc54fc37040dfb0400004c", "label": "D2 capture", "kind": "short", "opcode": "0x02", "frag_index": null, "checksum_ok": true, "declared_length": 18}
2026-09-27T21:12:56.755+00:00 RX a5120200000000fc54fc37040dfb0400004c D2 capture {"raw": "a5120200000000fc54fc37040dfb0400004c", "label": "D2 capture", "kind": "short", "opcode": "0x02", "frag_index": null, "checksum_ok": true, "declared_length": 18}
2026-09-27T21:12:56.778+00:00 RX a5120200000000fc54fc37040dfb0400004c D2 capture {"raw": "a5120200000000fc54fc37040dfb0400004c", "label": "D2 capture", "kind": "short", "opcode": "0x02", "frag_index": null, "checksum_ok": true, "declared_length": 18}
2026-09-27T21:12:56.794+00:00 RX a5120200000000fc54fc37040dfb0400004c D2 capture {"raw": "a5120200000000fc54fc37040dfb0400004c", "label": "D2 capture", "kind": "short", "opcode": "0x02", "frag_index": null, "checksum_ok": true, "declared_length": 18}
2026-09-27T21:12:56.809+00:00 RX a5120200000000fc54fc37040dfb0400004c D2 capture {"raw": "a5120200000000fc54fc37040dfb0400004c", "label": "D2 capture", "kind": "short", "opcode": "0x02", "frag_index": null, "checksum_ok": true, "declared_length": 18}
2026-09-27T21:12:56.822+00:00 RX a5120200000000fc54fc37040dfb0400004c D2 capture {"raw": "a5120200000000fc54fc37040dfb0400004c", "label": "D2 capture", "kind": "short", "opcode": "0x02", "frag_index": null, "checksum_ok": true, "declared_length": 18}
2026-09-27T21:12:58.422+00:00 RX a5120200080000fc54fc37040dfb04000054 D2 capture {"raw": "a5120200080000fc54fc37040dfb04000054", "label": "D2 capture", "kind": "short", "opcode": "0x02", "frag_index": null, "checksum_ok": true, "declared_length": 18}
2026-09-27T21:12:58.443+00:00 RX a5120200080000fc54fc37040dfb04000054 D2 capture {"raw": "a5120200080000fc54fc37040dfb04000054", "label": "D2 capture", "kind": "short", "opcode": "0x02", "frag_index": null, "checksum_ok": true, "declared_length": 18}
2026-09-27T21:12:58.444+00:00 RX a5120200080000fc54fc37040dfb04000054 D2 capture {"raw": "a5120200080000fc54fc37040dfb04000054", "label": "D2 capture", "kind": "short", "opcode": "0x02", "frag_index": null, "checksum_ok": true, "declared_length": 18}
2026-09-27T21:12:58.465+00:00 RX a5120200080000fc54fc37040dfb04000054 D2 capture {"raw": "a5120200080000fc54fc37040dfb04000054", "label": "D2 capture", "kind": "short", "opcode": "0x02", "frag_index": null, "checksum_ok": true, "declared_length": 18}
2026-09-27T21:12:58.480+00:00 RX a5120200080000fc54fc37040dfb04000054 D2 capture {"raw": "a5120200080000fc54fc37040dfb04000054", "label": "D2 capture", "kind": "short", "opcode": "0x02", "frag_index": null, "checksum_ok": true, "declared_length": 18}
2026-09-27T21:12:58.509+00:00 RX a5120200080000fc54fc37040dfb04000054 D2 capture {"raw": "a5120200080000fc54fc37040dfb04000054", "label": "D2 capture", "kind": "short", "opcode": "0x02", "frag_index": null, "checksum_ok": true, "declared_length": 18}
2026-09-27T21:12:58.524+00:00 RX a5120200080000fc54fc37040dfb04000054 D2 capture {"raw": "a5120200080000fc54fc37040dfb04000054", "label": "D2 capture", "kind": "short", "opcode": "0x02", "frag_index": null, "checksum_ok": true, "declared_length": 18}
2026-09-27T21:12:58.524+00:00 RX a5120200080000fc54fc37040dfb04000054 D2 capture {"raw": "a5120200080000fc54fc37040dfb04000054", "label": "D2 capture", "kind": "short", "opcode": "0x02", "frag_index": null, "checksum_ok": true, "declared_length": 18}
2026-09-27T21:12:58.550+00:00 RX a5120200080000fc54fc37040dfb04000054 D2 capture {"raw": "a5120200080000fc54fc37040dfb04000054", "label": "D2 capture", "kind": "short", "opcode": "0x02", "frag_index": null, "checksum_ok": true, "declared_length": 18}
2026-09-27T21:12:58.565+00:00 RX a5120200080000fc54fc37040dfb04000054 D2 capture {"raw": "a5120200080000fc54fc37040dfb04000054", "label": "D2 capture", "kind": "short", "opcode": "0x02", "frag_index": null, "checksum_ok": true, "declared_length": 18}
2026-09-27T21:12:58.579+00:00 RX a5120200080000fc54fc37040dfb04000054 D2 capture {"raw": "a5120200080000fc54fc37040dfb04000054", "label": "D2 capture", "kind": "short", "opcode": "0x02", "frag_index": null, "checksum_ok": true, "declared_length": 18}
2026-09-27T21:12:58.594+00:00 RX a5120200080000fc54fc37040dfb04000054 D2 capture {"raw": "a5120200080000fc54fc37040dfb04000054", "label": "D2 capture", "kind": "short", "opcode": "0x02", "frag_index": null, "checksum_ok": true, "declared_length": 18}
2026-09-27T21:12:58.625+00:00 RX a5120200080000fc54fc37040dfb04000054 D2 capture {"raw": "a5120200080000fc54fc37040dfb04000054", "label": "D2 capture", "kind": "short", "opcode": "0x02", "frag_index": null, "checksum_ok": true, "declared_length": 18}
2026-09-27T21:12:58.625+00:00 RX a5120200080000fc54fc37040dfb04000054 D2 capture {"raw": "a5120200080000fc54fc37040dfb04000054", "label": "D2 capture", "kind": "short", "opcode": "0x02", "frag_index": null, "checksum_ok": true, "declared_length": 18}
2026-09-27T21:12:58.644+00:00 RX a5120200080000fc54fc37040dfb04000054 D2 capture {"raw": "a5120200080000fc54fc37040dfb04000054", "label": "D2 capture", "kind": "short", "opcode": "0x02", "frag_index": null, "checksum_ok": true, "declared_length": 18}
2026-09-27T21:12:58.659+00:00 RX a5120200080000fc54fc37040dfb04000054 D2 capture {"raw": "a5120200080000fc54fc37040dfb04000054", "label": "D2 capture", "kind": "short", "opcode": "0x02", "frag_index": null, "checksum_ok": true, "declared_length": 18}
2026-09-27T21:12:58.675+00:00 RX a5120200080000fc54fc37040dfb04000054 D2 capture {"raw": "a5120200080000fc54fc37040dfb04000054", "label": "D2 capture", "kind": "short", "opcode": "0x02", "frag_index": null, "checksum_ok": true, "declared_length": 18}
2026-09-27T21:12:58.705+00:00 RX a5120200080000fc54fc37040dfb04000054 D2 capture {"raw": "a5120200080000fc54fc37040dfb04000054", "label": "D2 capture", "kind": "short", "opcode": "0x02", "frag_index": null, "checksum_ok": true, "declared_length": 18}
2026-09-27T21:12:58.705+00:00 RX a5120200000000fc54fc37040dfb0400004c D2 capture {"raw": "a5120200000000fc54fc37040dfb0400004c", "label": "D2 capture", "kind": "short", "opcode": "0x02", "frag_index": null, "checksum_ok": true, "declared_length": 18}
2026-09-27T21:12:58.727+00:00 RX a5120200000000fc54fc37040dfb0400004c D2 capture {"raw": "a5120200000000fc54fc37040dfb0400004c", "label": "D2 capture", "kind": "short", "opcode": "0x02", "frag_index": null, "checksum_ok": true, "declared_length": 18}
2026-09-27T21:12:58.743+00:00 RX a5120200000000fc54fc37040dfb0400004c D2 capture {"raw": "a5120200000000fc54fc37040dfb0400004c", "label": "D2 capture", "kind": "short", "opcode": "0x02", "frag_index": null, "checksum_ok": true, "declared_length": 18}
2026-09-27T21:12:58.757+00:00 RX a5120200000000fc54fc37040dfb0400004c D2 capture {"raw": "a5120200000000fc54fc37040dfb0400004c", "label": "D2 capture", "kind": "short", "opcode": "0x02", "frag_index": null, "checksum_ok": true, "declared_length": 18}
2026-09-27T21:12:58.772+00:00 RX a5120200000000fc54fc37040dfb0400004c D2 capture {"raw": "a5120200000000fc54fc37040dfb0400004c", "label": "D2 capture", "kind": "short", "opcode": "0x02", "frag_index": null, "checksum_ok": true, "declared_length": 18}
2026-09-27T21:12:58.787+00:00 RX a5120200000000fc54fc37040dfb0400004c D2 capture {"raw": "a5120200000000fc54fc37040dfb0400004c", "label": "D2 capture", "kind": "short", "opcode": "0x02", "frag_index": null, "checksum_ok": true, "declared_length": 18}
2026-09-27T21:12:58.805+00:00 RX a5120200000000fc54fc37040dfb0400004c D2 capture {"raw": "a5120200000000fc54fc37040dfb0400004c", "label": "D2 capture", "kind": "short", "opcode": "0x02", "frag_index": null, "checksum_ok": true, "declared_length": 18}
2026-09-27T21:12:58.820+00:00 RX a5120200000000fc54fc37040dfb0400004c D2 capture {"raw": "a5120200000000fc54fc37040dfb0400004c", "label": "D2 capture", "kind": "short", "opcode": "0x02", "frag_index": null, "checksum_ok": true, "declared_length": 18}
2026-09-27T21:12:58.841+00:00 RX a5120200000000fc54fc37040dfb0400004c D2 capture {"raw": "a5120200000000fc54fc37040dfb0400004c", "label": "D2 capture", "kind": "short", "opcode": "0x02", "frag_index": null, "checksum_ok": true, "declared_length": 18}
2026-09-27T21:12:58.857+00:00 RX a5120200000000fc54fc37040dfb0400004c D2 capture {"raw": "a5120200000000fc54fc37040dfb0400004c", "label": "D2 capture", "kind": "short", "opcode": "0x02", "frag_index": null, "checksum_ok": true, "declared_length": 18}
2026-09-27T21:12:58.871+00:00 RX a5120200000000fc54fc37040dfb0400004c D2 capture {"raw": "a5120200000000fc54fc37040dfb0400004c", "label": "D2 capture", "kind": "short", "opcode": "0x02", "frag_index": null, "checksum_ok": true, "declared_length": 18}
2026-09-27T21:12:58.894+00:00 RX a5120200000000fc54fc37040dfb0400004c D2 capture {"raw": "a5120200000000fc54fc37040dfb0400004c", "label": "D2 capture", "kind": "short", "opcode": "0x02", "frag_index": null, "checksum_ok": true, "declared_length": 18}
2026-09-27T21:12:58.894+00:00 RX a5120200000000fc54fc37040dfb0400004c D2 capture {"raw": "a5120200000000fc54fc37040dfb0400004c", "label": "D2 capture", "kind": "short", "opcode": "0x02", "frag_index": null, "checksum_ok": true, "declared_length": 18}
2026-09-27T21:12:58.915+00:00 RX a5120200000000fc54fc37040dfb0400004c D2 capture {"raw": "a5120200000000fc54fc37040dfb0400004c", "label": "D2 capture", "kind": "short", "opcode": "0x02", "frag_index": null, "checksum_ok": true, "declared_length": 18}
2026-09-27T21:12:58.930+00:00 RX a5120200000000fc54fc37040dfb0400004c D2 capture {"raw": "a5120200000000fc54fc37040dfb0400004c", "label": "D2 capture", "kind": "short", "opcode": "0x02", "frag_index": null, "checksum_ok": true, "declared_length": 18}
2026-09-27T21:12:58.949+00:00 RX a5120200000000fc54fc37040dfb0400004c D2 capture {"raw": "a5120200000000fc54fc37040dfb0400004c", "label": "D2 capture", "kind": "short", "opcode": "0x02", "frag_index": null, "checksum_ok": true, "declared_length": 18}
2026-09-27T21:12:58.961+00:00 RX a5120200000000fc54fc37040dfb0400004c D2 capture {"raw": "a5120200000000fc54fc37040dfb0400004c", "label": "D2 capture", "kind": "short", "opcode": "0x02", "frag_index": null, "checksum_ok": true, "declared_length": 18}
2026-09-27T21:12:58.975+00:00 RX a5120200000000fc54fc37040dfb0400004c D2 capture {"raw": "a5120200000000fc54fc37040dfb0400004c", "label": "D2 capture", "kind": "short", "opcode": "0x02", "frag_index": null, "checksum_ok": true, "declared_length": 18}
2026-09-27T21:12:59.005+00:00 RX a5120200000000fc54fc37040dfb0400004c D2 capture {"raw": "a5120200000000fc54fc37040dfb0400004c", "label": "D2 capture", "kind": "short", "opcode": "0x02", "frag_index": null, "checksum_ok": true, "declared_length": 18}
2026-09-27T21:12:59.005+00:00 RX a5120200000000fc54fc37040dfb0400004c D2 capture {"raw": "a5120200000000fc54fc37040dfb0400004c", "label": "D2 capture", "kind": "short", "opcode": "0x02", "frag_index": null, "checksum_ok": true, "declared_length": 18}
2026-09-27T21:12:59.019+00:00 RX a5120200000000fc54fc37040dfb0400004c D2 capture {"raw": "a5120200000000fc54fc37040dfb0400004c", "label": "D2 capture", "kind": "short", "opcode": "0x02", "frag_index": null, "checksum_ok": true, "declared_length": 18}
2026-09-27T21:12:59.034+00:00 RX a5120200000000fc54fc37040dfb0400004c D2 capture {"raw": "a5120200000000fc54fc37040dfb0400004c", "label": "D2 capture", "kind": "short", "opcode": "0x02", "frag_index": null, "checksum_ok": true, "declared_length": 18}
2026-09-27T21:12:59.049+00:00 RX a5120200000000fc54fc37040dfb0400004c D2 capture {"raw": "a5120200000000fc54fc37040dfb0400004c", "label": "D2 capture", "kind": "short", "opcode": "0x02", "frag_index": null, "checksum_ok": true, "declared_length": 18}
2026-09-27T21:12:59.067+00:00 RX a5120200000000fc54fc37040dfb0400004c D2 capture {"raw": "a5120200000000fc54fc37040dfb0400004c", "label": "D2 capture", "kind": "short", "opcode": "0x02", "frag_index": null, "checksum_ok": true, "declared_length": 18}
2026-09-27T21:12:59.081+00:00 RX a5120200000000fc54fc37040dfb0400004c D2 capture {"raw": "a5120200000000fc54fc37040dfb0400004c", "label": "D2 capture", "kind": "short", "opcode": "0x02", "frag_index": null, "checksum_ok": true, "declared_length": 18}
2026-09-27T21:12:59.096+00:00 RX a5120200000000fc54fc37040dfb0400004c D2 capture {"raw": "a5120200000000fc54fc37040dfb0400004c", "label": "D2 capture", "kind": "short", "opcode": "0x02", "frag_index": null, "checksum_ok": true, "declared_length": 18}
2026-09-27T21:12:59.119+00:00 RX a5120200000000fc54fc37040dfb0400004c D2 capture {"raw": "a5120200000000fc54fc37040dfb0400004c", "label": "D2 capture", "kind": "short", "opcode": "0x02", "frag_index": null, "checksum_ok": true, "declared_length": 18}
2026-09-27T21:12:59.119+00:00 RX a5120200000000fc54fc37040dfb0400004c D2 capture {"raw": "a5120200000000fc54fc37040dfb0400004c", "label": "D2 capture", "kind": "short", "opcode": "0x02", "frag_index": null, "checksum_ok": true, "declared_length": 18}
2026-09-27T21:12:59.142+00:00 RX a5120200000000fc54fc37040dfb0400004c D2 capture {"raw": "a5120200000000fc54fc37040dfb0400004c", "label": "D2 capture", "kind": "short", "opcode": "0x02", "frag_index": null, "checksum_ok": true, "declared_length": 18}
2026-09-27T21:12:59.164+00:00 RX a5120200000000fc54fc37040dfb0400004c D2 capture {"raw": "a5120200000000fc54fc37040dfb0400004c", "label": "D2 capture", "kind": "short", "opcode": "0x02", "frag_index": null, "checksum_ok": true, "declared_length": 18}
2026-09-27T21:12:59.178+00:00 RX a5120200000000fc54fc37040dfb0400004c D2 capture {"raw": "a5120200000000fc54fc37040dfb0400004c", "label": "D2 capture", "kind": "short", "opcode": "0x02", "frag_index": null, "checksum_ok": true, "declared_length": 18}
2026-09-27T21:12:59.192+00:00 RX a5120200000000fc54fc37040dfb0400004c D2 capture {"raw": "a5120200000000fc54fc37040dfb0400004c", "label": "D2 capture", "kind": "short", "opcode": "0x02", "frag_index": null, "checksum_ok": true, "declared_length": 18}
2026-09-27T21:12:59.224+00:00 RX a5120200000000fc54fc37040dfb0400004c D2 capture {"raw": "a5120200000000fc54fc37040dfb0400004c", "label": "D2 capture", "kind": "short", "opcode": "0x02", "frag_index": null, "checksum_ok": true, "declared_length": 18}
2026-09-27T21:12:59.224+00:00 RX a5120200000000fc54fc37040dfb0400004c D2 capture {"raw": "a5120200000000fc54fc37040dfb0400004c", "label": "D2 capture", "kind": "short", "opcode": "0x02", "frag_index": null, "checksum_ok": true, "declared_length": 18}
2026-09-27T21:12:59.239+00:00 RX a5120200000000fc54fc37040dfb0400004c D2 capture {"raw": "a5120200000000fc54fc37040dfb0400004c", "label": "D2 capture", "kind": "short", "opcode": "0x02", "frag_index": null, "checksum_ok": true, "declared_length": 18}
2026-09-27T21:12:59.252+00:00 RX a5120200000000fc54fc37040dfb0400004c D2 capture {"raw": "a5120200000000fc54fc37040dfb0400004c", "label": "D2 capture", "kind": "short", "opcode": "0x02", "frag_index": null, "checksum_ok": true, "declared_length": 18}
2026-09-27T21:12:59.270+00:00 RX a5120200000000fc54fc37040dfb0400004c D2 capture {"raw": "a5120200000000fc54fc37040dfb0400004c", "label": "D2 capture", "kind": "short", "opcode": "0x02", "frag_index": null, "checksum_ok": true, "declared_length": 18}
2026-09-27T21:12:59.283+00:00 RX a5120200000000fc54fc37040dfb0400004c D2 capture {"raw": "a5120200000000fc54fc37040dfb0400004c", "label": "D2 capture", "kind": "short", "opcode": "0x02", "frag_index": null, "checksum_ok": true, "declared_length": 18}
2026-09-27T21:12:59.304+00:00 RX a5120200000000fc54fc37040dfb0400004c D2 capture {"raw": "a5120200000000fc54fc37040dfb0400004c", "label": "D2 capture", "kind": "short", "opcode": "0x02", "frag_index": null, "checksum_ok": true, "declared_length": 18}
2026-09-27T21:12:59.329+00:00 RX a5120200000000fc54fc37040dfb0400004c D2 capture {"raw": "a5120200000000fc54fc37040dfb0400004c", "label": "D2 capture", "kind": "short", "opcode": "0x02", "frag_index": null, "checksum_ok": true, "declared_length": 18}
2026-09-27T21:12:59.344+00:00 RX a5120200000000fc54fc37040dfb0400004c D2 capture {"raw": "a5120200000000fc54fc37040dfb0400004c", "label": "D2 capture", "kind": "short", "opcode": "0x02", "frag_index": null, "checksum_ok": true, "declared_length": 18}
2026-09-27T21:12:59.345+00:00 RX a5120200000000fc54fc37040dfb0400004c D2 capture {"raw": "a5120200000000fc54fc37040dfb0400004c", "label": "D2 capture", "kind": "short", "opcode": "0x02", "frag_index": null, "checksum_ok": true, "declared_length": 18}
2026-09-27T21:12:59.365+00:00 RX a5120200000000fc54fc37040dfb0400004c D2 capture {"raw": "a5120200000000fc54fc37040dfb0400004c", "label": "D2 capture", "kind": "short", "opcode": "0x02", "frag_index": null, "checksum_ok": true, "declared_length": 18}
2026-09-27T21:12:59.381+00:00 RX a5120200000000fc54fc37040dfb0400004c D2 capture {"raw": "a5120200000000fc54fc37040dfb0400004c", "label": "D2 capture", "kind": "short", "opcode": "0x02", "frag_index": null, "checksum_ok": true, "declared_length": 18}
2026-09-27T21:12:59.396+00:00 RX a5120200000000fc54fc37040dfb0400004c D2 capture {"raw": "a5120200000000fc54fc37040dfb0400004c", "label": "D2 capture", "kind": "short", "opcode": "0x02", "frag_index": null, "checksum_ok": true, "declared_length": 18}
2026-09-27T21:12:59.419+00:00 RX a5120200000000fc54fc37040dfb0400004c D2 capture {"raw": "a5120200000000fc54fc37040dfb0400004c", "label": "D2 capture", "kind": "short", "opcode": "0x02", "frag_index": null, "checksum_ok": true, "declared_length": 18}
2026-09-27T21:12:59.440+00:00 RX a5120200000000fc54fc37040dfb0400004c D2 capture {"raw": "a5120200000000fc54fc37040dfb0400004c", "label": "D2 capture", "kind": "short", "opcode": "0x02", "frag_index": null, "checksum_ok": true, "declared_length": 18}
2026-09-27T21:12:59.440+00:00 RX a5120200000000fc54fc37040dfb0400004c D2 capture {"raw": "a5120200000000fc54fc37040dfb0400004c", "label": "D2 capture", "kind": "short", "opcode": "0x02", "frag_index": null, "checksum_ok": true, "declared_length": 18}
2026-09-27T21:12:59.462+00:00 RX a5120200000000fc54fc37040dfb0400004c D2 capture {"raw": "a5120200000000fc54fc37040dfb0400004c", "label": "D2 capture", "kind": "short", "opcode": "0x02", "frag_index": null, "checksum_ok": true, "declared_length": 18}
2026-09-27T21:12:59.479+00:00 RX a5120200000000fc54fc37040dfb0400004c D2 capture {"raw": "a5120200000000fc54fc37040dfb0400004c", "label": "D2 capture", "kind": "short", "opcode": "0x02", "frag_index": null, "checksum_ok": true, "declared_length": 18}
2026-09-27T21:12:59.494+00:00 RX a5120200000000fc54fc37040dfb0400004c D2 capture {"raw": "a5120200000000fc54fc37040dfb0400004c", "label": "D2 capture", "kind": "short", "opcode": "0x02", "frag_index": null, "checksum_ok": true, "declared_length": 18}
2026-09-27T21:12:59.507+00:00 RX a5120200000000fc54fc37040dfb0400004c D2 capture {"raw": "a5120200000000fc54fc37040dfb0400004c", "label": "D2 capture", "kind": "short", "opcode": "0x02", "frag_index": null, "checksum_ok": true, "declared_length": 18}
2026-09-27T21:12:59.522+00:00 RX a5120200000000fc54fc37040dfb0400004c D2 capture {"raw": "a5120200000000fc54fc37040dfb0400004c", "label": "D2 capture", "kind": "short", "opcode": "0x02", "frag_index": null, "checksum_ok": true, "declared_length": 18}
2026-09-27T21:12:59.537+00:00 RX a5120200000000fc54fc37040dfb0400004c D2 capture {"raw": "a5120200000000fc54fc37040dfb0400004c", "label": "D2 capture", "kind": "short", "opcode": "0x02", "frag_index": null, "checksum_ok": true, "declared_length": 18}
2026-09-27T21:12:59.560+00:00 RX a5120200000000fc54fc37040dfb0400004c D2 capture {"raw": "a5120200000000fc54fc37040dfb0400004c", "label": "D2 capture", "kind": "short", "opcode": "0x02", "frag_index": null, "checksum_ok": true, "declared_length": 18}
2026-09-27T21:12:59.560+00:00 RX a5120200000000fc54fc37040dfb0400004c D2 capture {"raw": "a5120200000000fc54fc37040dfb0400004c", "label": "D2 capture", "kind": "short", "opcode": "0x02", "frag_index": null, "checksum_ok": true, "declared_length": 18}
2026-09-27T21:12:59.582+00:00 RX a5120200000000fc54fc37040dfb0400004c D2 capture {"raw": "a5120200000000fc54fc37040dfb0400004c", "label": "D2 capture", "kind": "short", "opcode": "0x02", "frag_index": null, "checksum_ok": true, "declared_length": 18}
2026-09-27T21:12:59.606+00:00 RX a5120200000000fc54fc37040dfb0400004c D2 capture {"raw": "a5120200000000fc54fc37040dfb0400004c", "label": "D2 capture", "kind": "short", "opcode": "0x02", "frag_index": null, "checksum_ok": true, "declared_length": 18}
2026-09-27T21:12:59.620+00:00 RX a5120200000000fc54fc37040dfb0400004c D2 capture {"raw": "a5120200000000fc54fc37040dfb0400004c", "label": "D2 capture", "kind": "short", "opcode": "0x02", "frag_index": null, "checksum_ok": true, "declared_length": 18}
2026-09-27T21:12:59.636+00:00 RX a5120200000000fc54fc37040dfb0400004c D2 capture {"raw": "a5120200000000fc54fc37040dfb0400004c", "label": "D2 capture", "kind": "short", "opcode": "0x02", "frag_index": null, "checksum_ok": true, "declared_length": 18}
2026-09-27T21:12:59.652+00:00 RX a5120200000000fc54fc37040dfb0400004c D2 capture {"raw": "a5120200000000fc54fc37040dfb0400004c", "label": "D2 capture", "kind": "short", "opcode": "0x02", "frag_index": null, "checksum_ok": true, "declared_length": 18}
2026-09-27T21:12:59.674+00:00 RX a5120200000000fc54fc37040dfb0400004c D2 capture {"raw": "a5120200000000fc54fc37040dfb0400004c", "label": "D2 capture", "kind": "short", "opcode": "0x02", "frag_index": null, "checksum_ok": true, "declared_length": 18}
2026-09-27T21:12:59.674+00:00 RX a5120200000000fc54fc37040dfb0400004c D2 capture {"raw": "a5120200000000fc54fc37040dfb0400004c", "label": "D2 capture", "kind": "short", "opcode": "0x02", "frag_index": null, "checksum_ok": true, "declared_length": 18}
2026-09-27T21:12:59.695+00:00 RX a5120200000000fc54fc37040dfb0400004c D2 capture {"raw": "a5120200000000fc54fc37040dfb0400004c", "label": "D2 capture", "kind": "short", "opcode": "0x02", "frag_index": null, "checksum_ok": true, "declared_length": 18}
2026-09-27T21:12:59.734+00:00 RX a5120200000000fc54fc37040dfb0400004c D2 capture {"raw": "a5120200000000fc54fc37040dfb0400004c", "label": "D2 capture", "kind": "short", "opcode": "0x02", "frag_index": null, "checksum_ok": true, "declared_length": 18}
2026-09-27T21:12:59.734+00:00 RX a5120200000000fc54fc37040dfb0400004c D2 capture {"raw": "a5120200000000fc54fc37040dfb0400004c", "label": "D2 capture", "kind": "short", "opcode": "0x02", "frag_index": null, "checksum_ok": true, "declared_length": 18}
2026-09-27T21:12:59.748+00:00 RX a5120200000000fc54fc37040dfb0400004c D2 capture {"raw": "a5120200000000fc54fc37040dfb0400004c", "label": "D2 capture", "kind": "short", "opcode": "0x02", "frag_index": null, "checksum_ok": true, "declared_length": 18}
2026-09-27T21:12:59.763+00:00 RX a5120200000000fc54fc37040dfb0400004c D2 capture {"raw": "a5120200000000fc54fc37040dfb0400004c", "label": "D2 capture", "kind": "short", "opcode": "0x02", "frag_index": null, "checksum_ok": true, "declared_length": 18}
2026-09-27T21:12:59.785+00:00 RX a5120200000000fc54fc37040dfb0400004c D2 capture {"raw": "a5120200000000fc54fc37040dfb0400004c", "label": "D2 capture", "kind": "short", "opcode": "0x02", "frag_index": null, "checksum_ok": true, "declared_length": 18}
2026-09-27T21:12:59.785+00:00 RX a5120200000000fc54fc37040dfb0400004c D2 capture {"raw": "a5120200000000fc54fc37040dfb0400004c", "label": "D2 capture", "kind": "short", "opcode": "0x02", "frag_index": null, "checksum_ok": true, "declared_length": 18}
2026-09-27T21:12:59.814+00:00 RX a5120200000000fc54fc37040dfb0400004c D2 capture {"raw": "a5120200000000fc54fc37040dfb0400004c", "label": "D2 capture", "kind": "short", "opcode": "0x02", "frag_index": null, "checksum_ok": true, "declared_length": 18}
2026-09-27T21:12:59.837+00:00 RX a5120200000000fc54fc37040dfb0400004c D2 capture {"raw": "a5120200000000fc54fc37040dfb0400004c", "label": "D2 capture", "kind": "short", "opcode": "0x02", "frag_index": null, "checksum_ok": true, "declared_length": 18}
2026-09-27T21:12:59.838+00:00 RX a5120200000000fc54fc37040dfb0400004c D2 capture {"raw": "a5120200000000fc54fc37040dfb0400004c", "label": "D2 capture", "kind": "short", "opcode": "0x02", "frag_index": null, "checksum_ok": true, "declared_length": 18}
2026-09-27T21:12:59.861+00:00 RX a5120200000000fc54fc37040dfb0400004c D2 capture {"raw": "a5120200000000fc54fc37040dfb0400004c", "label": "D2 capture", "kind": "short", "opcode": "0x02", "frag_index": null, "checksum_ok": true, "declared_length": 18}
2026-09-27T21:12:59.875+00:00 RX a5120200000000fc54fc37040dfb0400004c D2 capture {"raw": "a5120200000000fc54fc37040dfb0400004c", "label": "D2 capture", "kind": "short", "opcode": "0x02", "frag_index": null, "checksum_ok": true, "declared_length": 18}
2026-09-27T21:12:59.890+00:00 RX a5120200000000fc54fc37040dfb0400004c D2 capture {"raw": "a5120200000000fc54fc37040dfb0400004c", "label": "D2 capture", "kind": "short", "opcode": "0x02", "frag_index": null, "checksum_ok": true, "declared_length": 18}
2026-09-27T21:12:59.914+00:00 RX a5120200000000fc54fc37040dfb0400004c D2 capture {"raw": "a5120200000000fc54fc37040dfb0400004c", "label": "D2 capture", "kind": "short", "opcode": "0x02", "frag_index": null, "checksum_ok": true, "declared_length": 18}
2026-09-27T21:13:43.579+00:00 RX a5120200008000fc54fcec040dfb04000081 D2 capture {"raw": "a5120200008000fc54fcec040dfb04000081", "label": "D2 capture", "kind": "short", "opcode": "0x02", "frag_index": null, "checksum_ok": true, "declared_length": 18}
2026-09-27T21:13:43.592+00:00 RX a5120200008000fc54fcec040dfb04000081 D2 capture {"raw": "a5120200008000fc54fcec040dfb04000081", "label": "D2 capture", "kind": "short", "opcode": "0x02", "frag_index": null, "checksum_ok": true, "declared_length": 18}
2026-09-27T21:13:43.616+00:00 RX a5120200008000fc54fcec040dfb04000081 D2 capture {"raw": "a5120200008000fc54fcec040dfb04000081", "label": "D2 capture", "kind": "short", "opcode": "0x02", "frag_index": null, "checksum_ok": true, "declared_length": 18}
2026-09-27T21:13:43.631+00:00 RX a5120200008000fc54fcec040dfb04000081 D2 capture {"raw": "a5120200008000fc54fcec040dfb04000081", "label": "D2 capture", "kind": "short", "opcode": "0x02", "frag_index": null, "checksum_ok": true, "declared_length": 18}
2026-09-27T21:13:43.647+00:00 RX a5120200008000fc54fcec040dfb04000081 D2 capture {"raw": "a5120200008000fc54fcec040dfb04000081", "label": "D2 capture", "kind": "short", "opcode": "0x02", "frag_index": null, "checksum_ok": true, "declared_length": 18}
2026-09-27T21:13:43.661+00:00 RX a5120200008000fc54fcec040dfb04000081 D2 capture {"raw": "a5120200008000fc54fcec040dfb04000081", "label": "D2 capture", "kind": "short", "opcode": "0x02", "frag_index": null, "checksum_ok": true, "declared_length": 18}
2026-09-27T21:13:43.675+00:00 RX a5120200008000fc54fcec040dfb04000081 D2 capture {"raw": "a5120200008000fc54fcec040dfb04000081", "label": "D2 capture", "kind": "short", "opcode": "0x02", "frag_index": null, "checksum_ok": true, "declared_length": 18}
2026-09-27T21:13:43.690+00:00 RX a5120200008000fc54fcec040dfb04000081 D2 capture {"raw": "a5120200008000fc54fcec040dfb04000081", "label": "D2 capture", "kind": "short", "opcode": "0x02", "frag_index": null, "checksum_ok": true, "declared_length": 18}
2026-09-27T21:13:43.706+00:00 RX a5120200008000fc54fcec040dfb04000081 D2 capture {"raw": "a5120200008000fc54fcec040dfb04000081", "label": "D2 capture", "kind": "short", "opcode": "0x02", "frag_index": null, "checksum_ok": true, "declared_length": 18}
2026-09-27T21:13:43.722+00:00 RX a5120200008000fc54fcec040dfb04000081 D2 capture {"raw": "a5120200008000fc54fcec040dfb04000081", "label": "D2 capture", "kind": "short", "opcode": "0x02", "frag_index": null, "checksum_ok": true, "declared_length": 18}
2026-09-27T21:13:43.743+00:00 RX a5120200008000fc54fcec040dfb04000081 D2 capture {"raw": "a5120200008000fc54fcec040dfb04000081", "label": "D2 capture", "kind": "short", "opcode": "0x02", "frag_index": null, "checksum_ok": true, "declared_length": 18}
2026-09-27T21:13:43.744+00:00 RX a5120200008000fc54fcec040dfb04000081 D2 capture {"raw": "a5120200008000fc54fcec040dfb04000081", "label": "D2 capture", "kind": "short", "opcode": "0x02", "frag_index": null, "checksum_ok": true, "declared_length": 18}
2026-09-27T21:13:43.766+00:00 RX a5120200008000fc54fcec040dfb04000081 D2 capture {"raw": "a5120200008000fc54fcec040dfb04000081", "label": "D2 capture", "kind": "short", "opcode": "0x02", "frag_index": null, "checksum_ok": true, "declared_length": 18}
2026-09-27T21:13:43.780+00:00 RX a5120200008000fc54fcec040dfb04000081 D2 capture {"raw": "a5120200008000fc54fcec040dfb04000081", "label": "D2 capture", "kind": "short", "opcode": "0x02", "frag_index": null, "checksum_ok": true, "declared_length": 18}
2026-09-27T21:13:43.803+00:00 RX a5120200008000fc54fcec040dfb04000081 D2 capture {"raw": "a5120200008000fc54fcec040dfb04000081", "label": "D2 capture", "kind": "short", "opcode": "0x02", "frag_index": null, "checksum_ok": true, "declared_length": 18}
2026-09-27T21:13:43.803+00:00 RX a5120200008000fc54fcec040dfb04000081 D2 capture {"raw": "a5120200008000fc54fcec040dfb04000081", "label": "D2 capture", "kind": "short", "opcode": "0x02", "frag_index": null, "checksum_ok": true, "declared_length": 18}
2026-09-27T21:13:43.825+00:00 RX a5120200008000fc54fcec040dfb04000081 D2 capture {"raw": "a5120200008000fc54fcec040dfb04000081", "label": "D2 capture", "kind": "short", "opcode": "0x02", "frag_index": null, "checksum_ok": true, "declared_length": 18}
2026-09-27T21:13:43.842+00:00 RX a5120200008000fc54fcec040dfb04000081 D2 capture {"raw": "a5120200008000fc54fcec040dfb04000081", "label": "D2 capture", "kind": "short", "opcode": "0x02", "frag_index": null, "checksum_ok": true, "declared_length": 18}
2026-09-27T21:13:43.857+00:00 RX a5120200008000fc54fcec040dfb04000081 D2 capture {"raw": "a5120200008000fc54fcec040dfb04000081", "label": "D2 capture", "kind": "short", "opcode": "0x02", "frag_index": null, "checksum_ok": true, "declared_length": 18}
2026-09-27T21:13:43.873+00:00 RX a5120200008000fc54fcec040dfb04000081 D2 capture {"raw": "a5120200008000fc54fcec040dfb04000081", "label": "D2 capture", "kind": "short", "opcode": "0x02", "frag_index": null, "checksum_ok": true, "declared_length": 18}
2026-09-27T21:13:43.886+00:00 RX a5120200008000fc54fcec040dfb04000081 D2 capture {"raw": "a5120200008000fc54fcec040dfb04000081", "label": "D2 capture", "kind": "short", "opcode": "0x02", "frag_index": null, "checksum_ok": true, "declared_length": 18}
2026-09-27T21:13:43.902+00:00 RX a5120200008000fc54fcec040dfb04000081 D2 capture {"raw": "a5120200008000fc54fcec040dfb04000081", "label": "D2 capture", "kind": "short", "opcode": "0x02", "frag_index": null, "checksum_ok": true, "declared_length": 18}
2026-09-27T21:13:43.916+00:00 RX a5120200008000fc54fcec040dfb04000081 D2 capture {"raw": "a5120200008000fc54fcec040dfb04000081", "label": "D2 capture", "kind": "short", "opcode": "0x02", "frag_index": null, "checksum_ok": true, "declared_length": 18}
2026-09-27T21:13:43.930+00:00 RX a5120200008000fc54fcec040dfb04000081 D2 capture {"raw": "a5120200008000fc54fcec040dfb04000081", "label": "D2 capture", "kind": "short", "opcode": "0x02", "frag_index": null, "checksum_ok": true, "declared_length": 18}
2026-09-27T21:13:43.947+00:00 RX a5120200008000fc54fcec040dfb04000081 D2 capture {"raw": "a5120200008000fc54fcec040dfb04000081", "label": "D2 capture", "kind": "short", "opcode": "0x02", "frag_index": null, "checksum_ok": true, "declared_length": 18}
2026-09-27T21:13:43.967+00:00 RX a5120200008000fc54fcec040dfb04000081 D2 capture {"raw": "a5120200008000fc54fcec040dfb04000081", "label": "D2 capture", "kind": "short", "opcode": "0x02", "frag_index": null, "checksum_ok": true, "declared_length": 18}
2026-09-27T21:13:43.982+00:00 RX a5120200008000fc54fcec040dfb04000081 D2 capture {"raw": "a5120200008000fc54fcec040dfb04000081", "label": "D2 capture", "kind": "short", "opcode": "0x02", "frag_index": null, "checksum_ok": true, "declared_length": 18}
2026-09-27T21:13:43.999+00:00 RX a5120200008000fc54fcec040dfb04000081 D2 capture {"raw": "a5120200008000fc54fcec040dfb04000081", "label": "D2 capture", "kind": "short", "opcode": "0x02", "frag_index": null, "checksum_ok": true, "declared_length": 18}
2026-09-27T21:13:44.013+00:00 RX a5120200000000fc54fcec040dfb04000001 D2 capture {"raw": "a5120200000000fc54fcec040dfb04000001", "label": "D2 capture", "kind": "short", "opcode": "0x02", "frag_index": null, "checksum_ok": true, "declared_length": 18}
2026-09-27T21:13:44.029+00:00 RX a5120200000000fc54fcec040dfb04000001 D2 capture {"raw": "a5120200000000fc54fcec040dfb04000001", "label": "D2 capture", "kind": "short", "opcode": "0x02", "frag_index": null, "checksum_ok": true, "declared_length": 18}
2026-09-27T21:13:44.042+00:00 RX a5120200000000fc54fcec040dfb04000001 D2 capture {"raw": "a5120200000000fc54fcec040dfb04000001", "label": "D2 capture", "kind": "short", "opcode": "0x02", "frag_index": null, "checksum_ok": true, "declared_length": 18}
2026-09-27T21:13:44.058+00:00 RX a5120200000000fc54fcec040dfb04000001 D2 capture {"raw": "a5120200000000fc54fcec040dfb04000001", "label": "D2 capture", "kind": "short", "opcode": "0x02", "frag_index": null, "checksum_ok": true, "declared_length": 18}
2026-09-27T21:13:44.081+00:00 RX a5120200000000fc54fcec040dfb04000001 D2 capture {"raw": "a5120200000000fc54fcec040dfb04000001", "label": "D2 capture", "kind": "short", "opcode": "0x02", "frag_index": null, "checksum_ok": true, "declared_length": 18}
2026-09-27T21:13:44.097+00:00 RX a5120200000000fc54fcec040dfb04000001 D2 capture {"raw": "a5120200000000fc54fcec040dfb04000001", "label": "D2 capture", "kind": "short", "opcode": "0x02", "frag_index": null, "checksum_ok": true, "declared_length": 18}
2026-09-27T21:13:44.110+00:00 RX a5120200000000fc54fcec040dfb04000001 D2 capture {"raw": "a5120200000000fc54fcec040dfb04000001", "label": "D2 capture", "kind": "short", "opcode": "0x02", "frag_index": null, "checksum_ok": true, "declared_length": 18}
2026-09-27T21:13:44.125+00:00 RX a5120200000000fc54fcec040dfb04000001 D2 capture {"raw": "a5120200000000fc54fcec040dfb04000001", "label": "D2 capture", "kind": "short", "opcode": "0x02", "frag_index": null, "checksum_ok": true, "declared_length": 18}
2026-09-27T21:13:44.140+00:00 RX a5120200000000fc54fcec040dfb04000001 D2 capture {"raw": "a5120200000000fc54fcec040dfb04000001", "label": "D2 capture", "kind": "short", "opcode": "0x02", "frag_index": null, "checksum_ok": true, "declared_length": 18}
2026-09-27T21:13:44.159+00:00 RX a5120200000000fc54fcec040dfb04000001 D2 capture {"raw": "a5120200000000fc54fcec040dfb04000001", "label": "D2 capture", "kind": "short", "opcode": "0x02", "frag_index": null, "checksum_ok": true, "declared_length": 18}
2026-09-27T21:13:44.172+00:00 RX a5120200000000fc54fcec040dfb04000001 D2 capture {"raw": "a5120200000000fc54fcec040dfb04000001", "label": "D2 capture", "kind": "short", "opcode": "0x02", "frag_index": null, "checksum_ok": true, "declared_length": 18}
2026-09-27T21:13:44.186+00:00 RX a5120200000000fc54fcec040dfb04000001 D2 capture {"raw": "a5120200000000fc54fcec040dfb04000001", "label": "D2 capture", "kind": "short", "opcode": "0x02", "frag_index": null, "checksum_ok": true, "declared_length": 18}
2026-09-27T21:13:44.201+00:00 RX a5120200000000fc54fcec040dfb04000001 D2 capture {"raw": "a5120200000000fc54fcec040dfb04000001", "label": "D2 capture", "kind": "short", "opcode": "0x02", "frag_index": null, "checksum_ok": true, "declared_length": 18}
2026-09-27T21:13:44.217+00:00 RX a5120200000000fc54fcec040dfb04000001 D2 capture {"raw": "a5120200000000fc54fcec040dfb04000001", "label": "D2 capture", "kind": "short", "opcode": "0x02", "frag_index": null, "checksum_ok": true, "declared_length": 18}
2026-09-27T21:13:44.230+00:00 RX a5120200000000fc54fcec040dfb04000001 D2 capture {"raw": "a5120200000000fc54fcec040dfb04000001", "label": "D2 capture", "kind": "short", "opcode": "0x02", "frag_index": null, "checksum_ok": true, "declared_length": 18}
2026-09-27T21:13:44.246+00:00 RX a5120200000000fc54fcec040dfb04000001 D2 capture {"raw": "a5120200000000fc54fcec040dfb04000001", "label": "D2 capture", "kind": "short", "opcode": "0x02", "frag_index": null, "checksum_ok": true, "declared_length": 18}
2026-09-27T21:13:44.260+00:00 RX a5120200000000fc54fcec040dfb04000001 D2 capture {"raw": "a5120200000000fc54fcec040dfb04000001", "label": "D2 capture", "kind": "short", "opcode": "0x02", "frag_index": null, "checksum_ok": true, "declared_length": 18}
2026-09-27T21:13:44.277+00:00 RX a5120200000000fc54fcec040dfb04000001 D2 capture {"raw": "a5120200000000fc54fcec040dfb04000001", "label": "D2 capture", "kind": "short", "opcode": "0x02", "frag_index": null, "checksum_ok": true, "declared_length": 18}
2026-09-27T21:13:44.292+00:00 RX a5120200000000fc54fcec040dfb04000001 D2 capture {"raw": "a5120200000000fc54fcec040dfb04000001", "label": "D2 capture", "kind": "short", "opcode": "0x02", "frag_index": null, "checksum_ok": true, "declared_length": 18}
2026-09-27T21:13:44.306+00:00 RX a5120200000000fc54fcec040dfb04000001 D2 capture {"raw": "a5120200000000fc54fcec040dfb04000001", "label": "D2 capture", "kind": "short", "opcode": "0x02", "frag_index": null, "checksum_ok": true, "declared_length": 18}
2026-09-27T21:13:44.321+00:00 RX a5120200000000fc54fcec040dfb04000001 D2 capture {"raw": "a5120200000000fc54fcec040dfb04000001", "label": "D2 capture", "kind": "short", "opcode": "0x02", "frag_index": null, "checksum_ok": true, "declared_length": 18}
2026-09-27T21:13:44.335+00:00 RX a5120200000000fc54fcec040dfb04000001 D2 capture {"raw": "a5120200000000fc54fcec040dfb04000001", "label": "D2 capture", "kind": "short", "opcode": "0x02", "frag_index": null, "checksum_ok": true, "declared_length": 18}
2026-09-27T21:13:44.350+00:00 RX a5120200000000fc54fcec040dfb04000001 D2 capture {"raw": "a5120200000000fc54fcec040dfb04000001", "label": "D2 capture", "kind": "short", "opcode": "0x02", "frag_index": null, "checksum_ok": true, "declared_length": 18}
2026-09-27T21:13:44.365+00:00 RX a5120200000000fc54fcec040dfb04000001 D2 capture {"raw": "a5120200000000fc54fcec040dfb04000001", "label": "D2 capture", "kind": "short", "opcode": "0x02", "frag_index": null, "checksum_ok": true, "declared_length": 18}
2026-09-27T21:13:44.387+00:00 RX a5120200000000fc54fcec040dfb04000001 D2 capture {"raw": "a5120200000000fc54fcec040dfb04000001", "label": "D2 capture", "kind": "short", "opcode": "0x02", "frag_index": null, "checksum_ok": true, "declared_length": 18}
2026-09-27T21:13:44.402+00:00 RX a5120200000000fc54fcec040dfb04000001 D2 capture {"raw": "a5120200000000fc54fcec040dfb04000001", "label": "D2 capture", "kind": "short", "opcode": "0x02", "frag_index": null, "checksum_ok": true, "declared_length": 18}
2026-09-27T21:13:44.419+00:00 RX a5120200000000fc54fcec040dfb04000001 D2 capture {"raw": "a5120200000000fc54fcec040dfb04000001", "label": "D2 capture", "kind": "short", "opcode": "0x02", "frag_index": null, "checksum_ok": true, "declared_length": 18}
2026-09-27T21:13:44.433+00:00 RX a5120200000000fc54fcec040dfb04000001 D2 capture {"raw": "a5120200000000fc54fcec040dfb04000001", "label": "D2 capture", "kind": "short", "opcode": "0x02", "frag_index": null, "checksum_ok": true, "declared_length": 18}
2026-09-27T21:13:44.448+00:00 RX a5120200000000fc54fcec040dfb04000001 D2 capture {"raw": "a5120200000000fc54fcec040dfb04000001", "label": "D2 capture", "kind": "short", "opcode": "0x02", "frag_index": null, "checksum_ok": true, "declared_length": 18}
2026-09-27T21:13:44.463+00:00 RX a5120200000000fc54fcec040dfb04000001 D2 capture {"raw": "a5120200000000fc54fcec040dfb04000001", "label": "D2 capture", "kind": "short", "opcode": "0x02", "frag_index": null, "checksum_ok": true, "declared_length": 18}
2026-09-27T21:13:44.478+00:00 RX a5120200000000fc54fcec040dfb04000001 D2 capture {"raw": "a5120200000000fc54fcec040dfb04000001", "label": "D2 capture", "kind": "short", "opcode": "0x02", "frag_index": null, "checksum_ok": true, "declared_length": 18}
2026-09-27T21:13:44.501+00:00 RX a5120200000000fc54fcec040dfb04000001 D2 capture {"raw": "a5120200000000fc54fcec040dfb04000001", "label": "D2 capture", "kind": "short", "opcode": "0x02", "frag_index": null, "checksum_ok": true, "declared_length": 18}
2026-09-27T21:13:44.516+00:00 RX a5120200000000fc54fcec040dfb04000001 D2 capture {"raw": "a5120200000000fc54fcec040dfb04000001", "label": "D2 capture", "kind": "short", "opcode": "0x02", "frag_index": null, "checksum_ok": true, "declared_length": 18}
2026-09-27T21:13:44.530+00:00 RX a5120200000000fc54fcec040dfb04000001 D2 capture {"raw": "a5120200000000fc54fcec040dfb04000001", "label": "D2 capture", "kind": "short", "opcode": "0x02", "frag_index": null, "checksum_ok": true, "declared_length": 18}
2026-09-27T21:13:44.545+00:00 RX a5120200000000fc54fcec040dfb04000001 D2 capture {"raw": "a5120200000000fc54fcec040dfb04000001", "label": "D2 capture", "kind": "short", "opcode": "0x02", "frag_index": null, "checksum_ok": true, "declared_length": 18}
2026-09-27T21:13:44.561+00:00 RX a5120200000000fc54fcec040dfb04000001 D2 capture {"raw": "a5120200000000fc54fcec040dfb04000001", "label": "D2 capture", "kind": "short", "opcode": "0x02", "frag_index": null, "checksum_ok": true, "declared_length": 18}
2026-09-27T21:13:44.576+00:00 RX a5120200000000fc54fcec040dfb04000001 D2 capture {"raw": "a5120200000000fc54fcec040dfb04000001", "label": "D2 capture", "kind": "short", "opcode": "0x02", "frag_index": null, "checksum_ok": true, "declared_length": 18}
2026-09-27T21:13:44.590+00:00 RX a5120200000000fc54fcec040dfb04000001 D2 capture {"raw": "a5120200000000fc54fcec040dfb04000001", "label": "D2 capture", "kind": "short", "opcode": "0x02", "frag_index": null, "checksum_ok": true, "declared_length": 18}
2026-09-27T21:13:44.605+00:00 RX a5120200000000fc54fcec040dfb04000001 D2 capture {"raw": "a5120200000000fc54fcec040dfb04000001", "label": "D2 capture", "kind": "short", "opcode": "0x02", "frag_index": null, "checksum_ok": true, "declared_length": 18}
2026-09-27T21:13:44.628+00:00 RX a5120200000000fc54fcec040dfb04000001 D2 capture {"raw": "a5120200000000fc54fcec040dfb04000001", "label": "D2 capture", "kind": "short", "opcode": "0x02", "frag_index": null, "checksum_ok": true, "declared_length": 18}
2026-09-27T21:13:44.628+00:00 RX a5120200000000fc54fcec040dfb04000001 D2 capture {"raw": "a5120200000000fc54fcec040dfb04000001", "label": "D2 capture", "kind": "short", "opcode": "0x02", "frag_index": null, "checksum_ok": true, "declared_length": 18}
2026-09-27T21:13:44.650+00:00 RX a5120200000000fc54fcec040dfb04000001 D2 capture {"raw": "a5120200000000fc54fcec040dfb04000001", "label": "D2 capture", "kind": "short", "opcode": "0x02", "frag_index": null, "checksum_ok": true, "declared_length": 18}
2026-09-27T21:13:44.665+00:00 RX a5120200000000fc54fcec040dfb04000001 D2 capture {"raw": "a5120200000000fc54fcec040dfb04000001", "label": "D2 capture", "kind": "short", "opcode": "0x02", "frag_index": null, "checksum_ok": true, "declared_length": 18}
2026-09-27T21:13:44.684+00:00 RX a5120200000000fc54fcec040dfb04000001 D2 capture {"raw": "a5120200000000fc54fcec040dfb04000001", "label": "D2 capture", "kind": "short", "opcode": "0x02", "frag_index": null, "checksum_ok": true, "declared_length": 18}
2026-09-27T21:13:44.698+00:00 RX a5120200000000fc54fcec040dfb04000001 D2 capture {"raw": "a5120200000000fc54fcec040dfb04000001", "label": "D2 capture", "kind": "short", "opcode": "0x02", "frag_index": null, "checksum_ok": true, "declared_length": 18}
2026-09-27T21:13:44.712+00:00 RX a5120200000000fc54fcec040dfb04000001 D2 capture {"raw": "a5120200000000fc54fcec040dfb04000001", "label": "D2 capture", "kind": "short", "opcode": "0x02", "frag_index": null, "checksum_ok": true, "declared_length": 18}
2026-09-27T21:13:44.727+00:00 RX a5120200000000fc54fcec040dfb04000001 D2 capture {"raw": "a5120200000000fc54fcec040dfb04000001", "label": "D2 capture", "kind": "short", "opcode": "0x02", "frag_index": null, "checksum_ok": true, "declared_length": 18}
2026-09-27T21:13:44.741+00:00 RX a5120200000000fc54fcec040dfb04000001 D2 capture {"raw": "a5120200000000fc54fcec040dfb04000001", "label": "D2 capture", "kind": "short", "opcode": "0x02", "frag_index": null, "checksum_ok": true, "declared_length": 18}
2026-09-27T21:13:44.757+00:00 RX a5120200000000fc54fcec040dfb04000001 D2 capture {"raw": "a5120200000000fc54fcec040dfb04000001", "label": "D2 capture", "kind": "short", "opcode": "0x02", "frag_index": null, "checksum_ok": true, "declared_length": 18}
2026-09-27T21:13:44.772+00:00 RX a5120200000000fc54fcec040dfb04000001 D2 capture {"raw": "a5120200000000fc54fcec040dfb04000001", "label": "D2 capture", "kind": "short", "opcode": "0x02", "frag_index": null, "checksum_ok": true, "declared_length": 18}
2026-09-27T21:13:44.789+00:00 RX a5120200000000fc54fcec040dfb04000001 D2 capture {"raw": "a5120200000000fc54fcec040dfb04000001", "label": "D2 capture", "kind": "short", "opcode": "0x02", "frag_index": null, "checksum_ok": true, "declared_length": 18}
2026-09-27T21:13:44.802+00:00 RX a5120200000000fc54fcec040dfb04000001 D2 capture {"raw": "a5120200000000fc54fcec040dfb04000001", "label": "D2 capture", "kind": "short", "opcode": "0x02", "frag_index": null, "checksum_ok": true, "declared_length": 18}
2026-09-27T21:13:44.815+00:00 RX a5120200000000fc54fcec040dfb04000001 D2 capture {"raw": "a5120200000000fc54fcec040dfb04000001", "label": "D2 capture", "kind": "short", "opcode": "0x02", "frag_index": null, "checksum_ok": true, "declared_length": 18}
2026-09-27T21:13:44.833+00:00 RX a5120200000000fc54fcec040dfb04000001 D2 capture {"raw": "a5120200000000fc54fcec040dfb04000001", "label": "D2 capture", "kind": "short", "opcode": "0x02", "frag_index": null, "checksum_ok": true, "declared_length": 18}
2026-09-27T21:13:44.847+00:00 RX a5120200000000fc54fcec040dfb04000001 D2 capture {"raw": "a5120200000000fc54fcec040dfb04000001", "label": "D2 capture", "kind": "short", "opcode": "0x02", "frag_index": null, "checksum_ok": true, "declared_length": 18}
2026-09-27T21:13:44.861+00:00 RX a5120200000000fc54fcec040dfb04000001 D2 capture {"raw": "a5120200000000fc54fcec040dfb04000001", "label": "D2 capture", "kind": "short", "opcode": "0x02", "frag_index": null, "checksum_ok": true, "declared_length": 18}
2026-09-27T21:13:44.875+00:00 RX a5120200000000fc54fcec040dfb04000001 D2 capture {"raw": "a5120200000000fc54fcec040dfb04000001", "label": "D2 capture", "kind": "short", "opcode": "0x02", "frag_index": null, "checksum_ok": true, "declared_length": 18}
2026-09-27T21:13:44.891+00:00 RX a5120200000000fc54fcec040dfb04000001 D2 capture {"raw": "a5120200000000fc54fcec040dfb04000001", "label": "D2 capture", "kind": "short", "opcode": "0x02", "frag_index": null, "checksum_ok": true, "declared_length": 18}
2026-09-27T21:13:44.907+00:00 RX a5120200000000fc54fcec040dfb04000001 D2 capture {"raw": "a5120200000000fc54fcec040dfb04000001", "label": "D2 capture", "kind": "short", "opcode": "0x02", "frag_index": null, "checksum_ok": true, "declared_length": 18}
2026-09-27T21:13:44.920+00:00 RX a5120200000000fc54fcec040dfb04000001 D2 capture {"raw": "a5120200000000fc54fcec040dfb04000001", "label": "D2 capture", "kind": "short", "opcode": "0x02", "frag_index": null, "checksum_ok": true, "declared_length": 18}
2026-09-27T21:13:44.935+00:00 RX a5120200000000fc54fcec040dfb04000001 D2 capture {"raw": "a5120200000000fc54fcec040dfb04000001", "label": "D2 capture", "kind": "short", "opcode": "0x02", "frag_index": null, "checksum_ok": true, "declared_length": 18}
2026-09-27T21:13:44.950+00:00 RX a5120200000000fc54fcec040dfb04000001 D2 capture {"raw": "a5120200000000fc54fcec040dfb04000001", "label": "D2 capture", "kind": "short", "opcode": "0x02", "frag_index": null, "checksum_ok": true, "declared_length": 18}
2026-09-27T21:13:44.967+00:00 RX a5120200000000fc54fcec040dfb04000001 D2 capture {"raw": "a5120200000000fc54fcec040dfb04000001", "label": "D2 capture", "kind": "short", "opcode": "0x02", "frag_index": null, "checksum_ok": true, "declared_length": 18}
2026-09-27T21:13:44.981+00:00 RX a5120200000000fc54fcec040dfb04000001 D2 capture {"raw": "a5120200000000fc54fcec040dfb04000001", "label": "D2 capture", "kind": "short", "opcode": "0x02", "frag_index": null, "checksum_ok": true, "declared_length": 18}
2026-09-27T21:13:45.004+00:00 RX a5120200000000fc54fcec040dfb04000001 D2 capture {"raw": "a5120200000000fc54fcec040dfb04000001", "label": "D2 capture", "kind": "short", "opcode": "0x02", "frag_index": null, "checksum_ok": true, "declared_length": 18}
2026-09-27T21:13:45.004+00:00 RX a5120200000000fc54fcec040dfb04000001 D2 capture {"raw": "a5120200000000fc54fcec040dfb04000001", "label": "D2 capture", "kind": "short", "opcode": "0x02", "frag_index": null, "checksum_ok": true, "declared_length": 18}
2026-09-27T21:13:45.026+00:00 RX a5120200000000fc54fcec040dfb04000001 D2 capture {"raw": "a5120200000000fc54fcec040dfb04000001", "label": "D2 capture", "kind": "short", "opcode": "0x02", "frag_index": null, "checksum_ok": true, "declared_length": 18}
2026-09-27T21:13:45.049+00:00 RX a5120200000000fc54fcec040dfb04000001 D2 capture {"raw": "a5120200000000fc54fcec040dfb04000001", "label": "D2 capture", "kind": "short", "opcode": "0x02", "frag_index": null, "checksum_ok": true, "declared_length": 18}
2026-09-27T21:13:45.049+00:00 RX a5120200000000fc54fcec040dfb04000001 D2 capture {"raw": "a5120200000000fc54fcec040dfb04000001", "label": "D2 capture", "kind": "short", "opcode": "0x02", "frag_index": null, "checksum_ok": true, "declared_length": 18}
2026-09-27T21:13:45.078+00:00 RX a5120200000000fc54fcec040dfb04000001 D2 capture {"raw": "a5120200000000fc54fcec040dfb04000001", "label": "D2 capture", "kind": "short", "opcode": "0x02", "frag_index": null, "checksum_ok": true, "declared_length": 18}
2026-09-27T21:13:45.078+00:00 RX a5120200000000fc54fcec040dfb04000001 D2 capture {"raw": "a5120200000000fc54fcec040dfb04000001", "label": "D2 capture", "kind": "short", "opcode": "0x02", "frag_index": null, "checksum_ok": true, "declared_length": 18}
2026-09-27T21:13:45.109+00:00 RX a5120200000000fc54fcec040dfb04000001 D2 capture {"raw": "a5120200000000fc54fcec040dfb04000001", "label": "D2 capture", "kind": "short", "opcode": "0x02", "frag_index": null, "checksum_ok": true, "declared_length": 18}
2026-09-27T21:13:45.124+00:00 RX a5120200000000fc54fcec040dfb04000001 D2 capture {"raw": "a5120200000000fc54fcec040dfb04000001", "label": "D2 capture", "kind": "short", "opcode": "0x02", "frag_index": null, "checksum_ok": true, "declared_length": 18}
2026-09-27T21:13:45.138+00:00 RX a5120200000000fc54fcec040dfb04000001 D2 capture {"raw": "a5120200000000fc54fcec040dfb04000001", "label": "D2 capture", "kind": "short", "opcode": "0x02", "frag_index": null, "checksum_ok": true, "declared_length": 18}
2026-09-27T21:13:45.153+00:00 RX a5120200000000fc54fcec040dfb04000001 D2 capture {"raw": "a5120200000000fc54fcec040dfb04000001", "label": "D2 capture", "kind": "short", "opcode": "0x02", "frag_index": null, "checksum_ok": true, "declared_length": 18}
2026-09-27T21:13:45.167+00:00 RX a5120200000000fc54fcec040dfb04000001 D2 capture {"raw": "a5120200000000fc54fcec040dfb04000001", "label": "D2 capture", "kind": "short", "opcode": "0x02", "frag_index": null, "checksum_ok": true, "declared_length": 18}
2026-09-27T21:13:45.182+00:00 RX a5120200000000fc54fcec040dfb04000001 D2 capture {"raw": "a5120200000000fc54fcec040dfb04000001", "label": "D2 capture", "kind": "short", "opcode": "0x02", "frag_index": null, "checksum_ok": true, "declared_length": 18}
2026-09-27T21:13:45.197+00:00 RX a5120200000000fc54fcec040dfb04000001 D2 capture {"raw": "a5120200000000fc54fcec040dfb04000001", "label": "D2 capture", "kind": "short", "opcode": "0x02", "frag_index": null, "checksum_ok": true, "declared_length": 18}
2026-09-27T21:13:48.678+00:00 RX a5120200001000fc54fcec040dfb04000011 D2 capture {"raw": "a5120200001000fc54fcec040dfb04000011", "label": "D2 capture", "kind": "short", "opcode": "0x02", "frag_index": null, "checksum_ok": true, "declared_length": 18}
2026-09-27T21:13:48.700+00:00 RX a5120200001000fc54fcec040dfb04000011 D2 capture {"raw": "a5120200001000fc54fcec040dfb04000011", "label": "D2 capture", "kind": "short", "opcode": "0x02", "frag_index": null, "checksum_ok": true, "declared_length": 18}
2026-09-27T21:13:48.717+00:00 RX a5120200001000fc54fcec040dfb04000011 D2 capture {"raw": "a5120200001000fc54fcec040dfb04000011", "label": "D2 capture", "kind": "short", "opcode": "0x02", "frag_index": null, "checksum_ok": true, "declared_length": 18}
2026-09-27T21:13:48.732+00:00 RX a5120200001000fc54fcec040dfb04000011 D2 capture {"raw": "a5120200001000fc54fcec040dfb04000011", "label": "D2 capture", "kind": "short", "opcode": "0x02", "frag_index": null, "checksum_ok": true, "declared_length": 18}
2026-09-27T21:13:48.747+00:00 RX a5120200001000fc54fcec040dfb04000011 D2 capture {"raw": "a5120200001000fc54fcec040dfb04000011", "label": "D2 capture", "kind": "short", "opcode": "0x02", "frag_index": null, "checksum_ok": true, "declared_length": 18}
2026-09-27T21:13:48.762+00:00 RX a5120200001000fc54fcec040dfb04000011 D2 capture {"raw": "a5120200001000fc54fcec040dfb04000011", "label": "D2 capture", "kind": "short", "opcode": "0x02", "frag_index": null, "checksum_ok": true, "declared_length": 18}
2026-09-27T21:13:48.776+00:00 RX a5120200001000fc54fcec040dfb04000011 D2 capture {"raw": "a5120200001000fc54fcec040dfb04000011", "label": "D2 capture", "kind": "short", "opcode": "0x02", "frag_index": null, "checksum_ok": true, "declared_length": 18}
2026-09-27T21:13:48.799+00:00 RX a5120200001000fc54fcec040dfb04000011 D2 capture {"raw": "a5120200001000fc54fcec040dfb04000011", "label": "D2 capture", "kind": "short", "opcode": "0x02", "frag_index": null, "checksum_ok": true, "declared_length": 18}
2026-09-27T21:13:48.799+00:00 RX a5120200001000fc54fcec040dfb04000011 D2 capture {"raw": "a5120200001000fc54fcec040dfb04000011", "label": "D2 capture", "kind": "short", "opcode": "0x02", "frag_index": null, "checksum_ok": true, "declared_length": 18}
2026-09-27T21:13:48.829+00:00 RX a5120200001000fc54fcec040dfb04000011 D2 capture {"raw": "a5120200001000fc54fcec040dfb04000011", "label": "D2 capture", "kind": "short", "opcode": "0x02", "frag_index": null, "checksum_ok": true, "declared_length": 18}
2026-09-27T21:13:48.829+00:00 RX a5120200001000fc54fcec040dfb04000011 D2 capture {"raw": "a5120200001000fc54fcec040dfb04000011", "label": "D2 capture", "kind": "short", "opcode": "0x02", "frag_index": null, "checksum_ok": true, "declared_length": 18}
2026-09-27T21:13:48.851+00:00 RX a5120200001000fc54fcec040dfb04000011 D2 capture {"raw": "a5120200001000fc54fcec040dfb04000011", "label": "D2 capture", "kind": "short", "opcode": "0x02", "frag_index": null, "checksum_ok": true, "declared_length": 18}
2026-09-27T21:13:48.867+00:00 RX a5120200001000fc54fcec040dfb04000011 D2 capture {"raw": "a5120200001000fc54fcec040dfb04000011", "label": "D2 capture", "kind": "short", "opcode": "0x02", "frag_index": null, "checksum_ok": true, "declared_length": 18}
2026-09-27T21:13:48.882+00:00 RX a5120200001000fc54fcec040dfb04000011 D2 capture {"raw": "a5120200001000fc54fcec040dfb04000011", "label": "D2 capture", "kind": "short", "opcode": "0x02", "frag_index": null, "checksum_ok": true, "declared_length": 18}
2026-09-27T21:13:48.895+00:00 RX a5120200001000fc54fcec040dfb04000011 D2 capture {"raw": "a5120200001000fc54fcec040dfb04000011", "label": "D2 capture", "kind": "short", "opcode": "0x02", "frag_index": null, "checksum_ok": true, "declared_length": 18}
2026-09-27T21:13:48.910+00:00 RX a5120200001000fc54fcec040dfb04000011 D2 capture {"raw": "a5120200001000fc54fcec040dfb04000011", "label": "D2 capture", "kind": "short", "opcode": "0x02", "frag_index": null, "checksum_ok": true, "declared_length": 18}
2026-09-27T21:13:48.925+00:00 RX a5120200001000fc54fcec040dfb04000011 D2 capture {"raw": "a5120200001000fc54fcec040dfb04000011", "label": "D2 capture", "kind": "short", "opcode": "0x02", "frag_index": null, "checksum_ok": true, "declared_length": 18}
2026-09-27T21:13:48.948+00:00 RX a5120200001000fc54fcec040dfb04000011 D2 capture {"raw": "a5120200001000fc54fcec040dfb04000011", "label": "D2 capture", "kind": "short", "opcode": "0x02", "frag_index": null, "checksum_ok": true, "declared_length": 18}
2026-09-27T21:13:48.962+00:00 RX a5120200001000fc54fcec040dfb04000011 D2 capture {"raw": "a5120200001000fc54fcec040dfb04000011", "label": "D2 capture", "kind": "short", "opcode": "0x02", "frag_index": null, "checksum_ok": true, "declared_length": 18}
2026-09-27T21:13:48.980+00:00 RX a5120200001000fc54fcec040dfb04000011 D2 capture {"raw": "a5120200001000fc54fcec040dfb04000011", "label": "D2 capture", "kind": "short", "opcode": "0x02", "frag_index": null, "checksum_ok": true, "declared_length": 18}
2026-09-27T21:13:48.995+00:00 RX a5120200001000fc54fcec040dfb04000011 D2 capture {"raw": "a5120200001000fc54fcec040dfb04000011", "label": "D2 capture", "kind": "short", "opcode": "0x02", "frag_index": null, "checksum_ok": true, "declared_length": 18}
2026-09-27T21:13:49.008+00:00 RX a5120200001000fc54fcec040dfb04000011 D2 capture {"raw": "a5120200001000fc54fcec040dfb04000011", "label": "D2 capture", "kind": "short", "opcode": "0x02", "frag_index": null, "checksum_ok": true, "declared_length": 18}
2026-09-27T21:13:49.024+00:00 RX a5120200001000fc54fcec040dfb04000011 D2 capture {"raw": "a5120200001000fc54fcec040dfb04000011", "label": "D2 capture", "kind": "short", "opcode": "0x02", "frag_index": null, "checksum_ok": true, "declared_length": 18}
2026-09-27T21:13:49.039+00:00 RX a5120200001000fc54fcec040dfb04000011 D2 capture {"raw": "a5120200001000fc54fcec040dfb04000011", "label": "D2 capture", "kind": "short", "opcode": "0x02", "frag_index": null, "checksum_ok": true, "declared_length": 18}
2026-09-27T21:13:49.053+00:00 RX a5120200001000fc54fcec040dfb04000011 D2 capture {"raw": "a5120200001000fc54fcec040dfb04000011", "label": "D2 capture", "kind": "short", "opcode": "0x02", "frag_index": null, "checksum_ok": true, "declared_length": 18}
2026-09-27T21:13:49.069+00:00 RX a5120200001000fc54fcec040dfb04000011 D2 capture {"raw": "a5120200001000fc54fcec040dfb04000011", "label": "D2 capture", "kind": "short", "opcode": "0x02", "frag_index": null, "checksum_ok": true, "declared_length": 18}
2026-09-27T21:13:49.084+00:00 RX a5120200000000fc54fcec040dfb04000001 D2 capture {"raw": "a5120200000000fc54fcec040dfb04000001", "label": "D2 capture", "kind": "short", "opcode": "0x02", "frag_index": null, "checksum_ok": true, "declared_length": 18}
2026-09-27T21:13:49.105+00:00 RX a5120200000000fc54fcec040dfb04000001 D2 capture {"raw": "a5120200000000fc54fcec040dfb04000001", "label": "D2 capture", "kind": "short", "opcode": "0x02", "frag_index": null, "checksum_ok": true, "declared_length": 18}
2026-09-27T21:13:49.106+00:00 RX a5120200000000fc54fcec040dfb04000001 D2 capture {"raw": "a5120200000000fc54fcec040dfb04000001", "label": "D2 capture", "kind": "short", "opcode": "0x02", "frag_index": null, "checksum_ok": true, "declared_length": 18}
2026-09-27T21:13:49.128+00:00 RX a5120200000000fc54fcec040dfb04000001 D2 capture {"raw": "a5120200000000fc54fcec040dfb04000001", "label": "D2 capture", "kind": "short", "opcode": "0x02", "frag_index": null, "checksum_ok": true, "declared_length": 18}
2026-09-27T21:13:49.144+00:00 RX a5120200000000fc54fcec040dfb04000001 D2 capture {"raw": "a5120200000000fc54fcec040dfb04000001", "label": "D2 capture", "kind": "short", "opcode": "0x02", "frag_index": null, "checksum_ok": true, "declared_length": 18}
2026-09-27T21:13:49.158+00:00 RX a5120200000000fc54fcec040dfb04000001 D2 capture {"raw": "a5120200000000fc54fcec040dfb04000001", "label": "D2 capture", "kind": "short", "opcode": "0x02", "frag_index": null, "checksum_ok": true, "declared_length": 18}
2026-09-27T21:13:49.180+00:00 RX a5120200000000fc54fcec040dfb04000001 D2 capture {"raw": "a5120200000000fc54fcec040dfb04000001", "label": "D2 capture", "kind": "short", "opcode": "0x02", "frag_index": null, "checksum_ok": true, "declared_length": 18}
2026-09-27T21:13:49.195+00:00 RX a5120200000000fc54fcec040dfb04000001 D2 capture {"raw": "a5120200000000fc54fcec040dfb04000001", "label": "D2 capture", "kind": "short", "opcode": "0x02", "frag_index": null, "checksum_ok": true, "declared_length": 18}
2026-09-27T21:13:49.217+00:00 RX a5120200000000fc54fcec040dfb04000001 D2 capture {"raw": "a5120200000000fc54fcec040dfb04000001", "label": "D2 capture", "kind": "short", "opcode": "0x02", "frag_index": null, "checksum_ok": true, "declared_length": 18}
2026-09-27T21:13:49.217+00:00 RX a5120200000000fc54fcec040dfb04000001 D2 capture {"raw": "a5120200000000fc54fcec040dfb04000001", "label": "D2 capture", "kind": "short", "opcode": "0x02", "frag_index": null, "checksum_ok": true, "declared_length": 18}
2026-09-27T21:13:49.242+00:00 RX a5120200000000fc54fcec040dfb04000001 D2 capture {"raw": "a5120200000000fc54fcec040dfb04000001", "label": "D2 capture", "kind": "short", "opcode": "0x02", "frag_index": null, "checksum_ok": true, "declared_length": 18}
2026-09-27T21:13:49.257+00:00 RX a5120200000000fc54fcec040dfb04000001 D2 capture {"raw": "a5120200000000fc54fcec040dfb04000001", "label": "D2 capture", "kind": "short", "opcode": "0x02", "frag_index": null, "checksum_ok": true, "declared_length": 18}
2026-09-27T21:13:49.273+00:00 RX a5120200000000fc54fcec040dfb04000001 D2 capture {"raw": "a5120200000000fc54fcec040dfb04000001", "label": "D2 capture", "kind": "short", "opcode": "0x02", "frag_index": null, "checksum_ok": true, "declared_length": 18}
2026-09-27T21:13:49.287+00:00 RX a5120200000000fc54fcec040dfb04000001 D2 capture {"raw": "a5120200000000fc54fcec040dfb04000001", "label": "D2 capture", "kind": "short", "opcode": "0x02", "frag_index": null, "checksum_ok": true, "declared_length": 18}
2026-09-27T21:13:49.309+00:00 RX a5120200000000fc54fcec040dfb04000001 D2 capture {"raw": "a5120200000000fc54fcec040dfb04000001", "label": "D2 capture", "kind": "short", "opcode": "0x02", "frag_index": null, "checksum_ok": true, "declared_length": 18}
2026-09-27T21:13:49.324+00:00 RX a5120200000000fc54fcec040dfb04000001 D2 capture {"raw": "a5120200000000fc54fcec040dfb04000001", "label": "D2 capture", "kind": "short", "opcode": "0x02", "frag_index": null, "checksum_ok": true, "declared_length": 18}
2026-09-27T21:13:49.339+00:00 RX a5120200000000fc54fcec040dfb04000001 D2 capture {"raw": "a5120200000000fc54fcec040dfb04000001", "label": "D2 capture", "kind": "short", "opcode": "0x02", "frag_index": null, "checksum_ok": true, "declared_length": 18}
2026-09-27T21:13:49.353+00:00 RX a5120200000000fc54fcec040dfb04000001 D2 capture {"raw": "a5120200000000fc54fcec040dfb04000001", "label": "D2 capture", "kind": "short", "opcode": "0x02", "frag_index": null, "checksum_ok": true, "declared_length": 18}
2026-09-27T21:13:49.367+00:00 RX a5120200000000fc54fcec040dfb04000001 D2 capture {"raw": "a5120200000000fc54fcec040dfb04000001", "label": "D2 capture", "kind": "short", "opcode": "0x02", "frag_index": null, "checksum_ok": true, "declared_length": 18}
2026-09-27T21:13:49.383+00:00 RX a5120200000000fc54fcec040dfb04000001 D2 capture {"raw": "a5120200000000fc54fcec040dfb04000001", "label": "D2 capture", "kind": "short", "opcode": "0x02", "frag_index": null, "checksum_ok": true, "declared_length": 18}
2026-09-27T21:13:49.399+00:00 RX a5120200000000fc54fcec040dfb04000001 D2 capture {"raw": "a5120200000000fc54fcec040dfb04000001", "label": "D2 capture", "kind": "short", "opcode": "0x02", "frag_index": null, "checksum_ok": true, "declared_length": 18}
2026-09-27T21:13:49.414+00:00 RX a5120200000000fc54fcec040dfb04000001 D2 capture {"raw": "a5120200000000fc54fcec040dfb04000001", "label": "D2 capture", "kind": "short", "opcode": "0x02", "frag_index": null, "checksum_ok": true, "declared_length": 18}
2026-09-27T21:13:49.427+00:00 RX a5120200000000fc54fcec040dfb04000001 D2 capture {"raw": "a5120200000000fc54fcec040dfb04000001", "label": "D2 capture", "kind": "short", "opcode": "0x02", "frag_index": null, "checksum_ok": true, "declared_length": 18}
2026-09-27T21:13:49.450+00:00 RX a5120200000000fc54fcec040dfb04000001 D2 capture {"raw": "a5120200000000fc54fcec040dfb04000001", "label": "D2 capture", "kind": "short", "opcode": "0x02", "frag_index": null, "checksum_ok": true, "declared_length": 18}
2026-09-27T21:13:49.465+00:00 RX a5120200000000fc54fcec040dfb04000001 D2 capture {"raw": "a5120200000000fc54fcec040dfb04000001", "label": "D2 capture", "kind": "short", "opcode": "0x02", "frag_index": null, "checksum_ok": true, "declared_length": 18}
2026-09-27T21:13:49.480+00:00 RX a5120200000000fc54fcec040dfb04000001 D2 capture {"raw": "a5120200000000fc54fcec040dfb04000001", "label": "D2 capture", "kind": "short", "opcode": "0x02", "frag_index": null, "checksum_ok": true, "declared_length": 18}
2026-09-27T21:13:49.495+00:00 RX a5120200000000fc54fcec040dfb04000001 D2 capture {"raw": "a5120200000000fc54fcec040dfb04000001", "label": "D2 capture", "kind": "short", "opcode": "0x02", "frag_index": null, "checksum_ok": true, "declared_length": 18}
2026-09-27T21:13:49.510+00:00 RX a5120200000000fc54fcec040dfb04000001 D2 capture {"raw": "a5120200000000fc54fcec040dfb04000001", "label": "D2 capture", "kind": "short", "opcode": "0x02", "frag_index": null, "checksum_ok": true, "declared_length": 18}
2026-09-27T21:13:49.526+00:00 RX a5120200000000fc54fcec040dfb04000001 D2 capture {"raw": "a5120200000000fc54fcec040dfb04000001", "label": "D2 capture", "kind": "short", "opcode": "0x02", "frag_index": null, "checksum_ok": true, "declared_length": 18}
2026-09-27T21:13:49.542+00:00 RX a5120200000000fc54fcec040dfb04000001 D2 capture {"raw": "a5120200000000fc54fcec040dfb04000001", "label": "D2 capture", "kind": "short", "opcode": "0x02", "frag_index": null, "checksum_ok": true, "declared_length": 18}
2026-09-27T21:13:49.557+00:00 RX a5120200000000fc54fcec040dfb04000001 D2 capture {"raw": "a5120200000000fc54fcec040dfb04000001", "label": "D2 capture", "kind": "short", "opcode": "0x02", "frag_index": null, "checksum_ok": true, "declared_length": 18}
2026-09-27T21:13:49.572+00:00 RX a5120200000000fc54fcec040dfb04000001 D2 capture {"raw": "a5120200000000fc54fcec040dfb04000001", "label": "D2 capture", "kind": "short", "opcode": "0x02", "frag_index": null, "checksum_ok": true, "declared_length": 18}
2026-09-27T21:13:49.610+00:00 RX a5120200000000fc54fcec040dfb04000001 D2 capture {"raw": "a5120200000000fc54fcec040dfb04000001", "label": "D2 capture", "kind": "short", "opcode": "0x02", "frag_index": null, "checksum_ok": true, "declared_length": 18}
2026-09-27T21:13:49.610+00:00 RX a5120200000000fc54fcec040dfb04000001 D2 capture {"raw": "a5120200000000fc54fcec040dfb04000001", "label": "D2 capture", "kind": "short", "opcode": "0x02", "frag_index": null, "checksum_ok": true, "declared_length": 18}
2026-09-27T21:13:49.624+00:00 RX a5120200000000fc54fcec040dfb04000001 D2 capture {"raw": "a5120200000000fc54fcec040dfb04000001", "label": "D2 capture", "kind": "short", "opcode": "0x02", "frag_index": null, "checksum_ok": true, "declared_length": 18}
2026-09-27T21:13:49.638+00:00 RX a5120200000000fc54fcec040dfb04000001 D2 capture {"raw": "a5120200000000fc54fcec040dfb04000001", "label": "D2 capture", "kind": "short", "opcode": "0x02", "frag_index": null, "checksum_ok": true, "declared_length": 18}
2026-09-27T21:13:49.653+00:00 RX a5120200000000fc54fcec040dfb04000001 D2 capture {"raw": "a5120200000000fc54fcec040dfb04000001", "label": "D2 capture", "kind": "short", "opcode": "0x02", "frag_index": null, "checksum_ok": true, "declared_length": 18}
2026-09-27T21:13:49.669+00:00 RX a5120200000000fc54fcec040dfb04000001 D2 capture {"raw": "a5120200000000fc54fcec040dfb04000001", "label": "D2 capture", "kind": "short", "opcode": "0x02", "frag_index": null, "checksum_ok": true, "declared_length": 18}
2026-09-27T21:13:49.683+00:00 RX a5120200000000fc54fcec040dfb04000001 D2 capture {"raw": "a5120200000000fc54fcec040dfb04000001", "label": "D2 capture", "kind": "short", "opcode": "0x02", "frag_index": null, "checksum_ok": true, "declared_length": 18}
2026-09-27T21:13:49.697+00:00 RX a5120200000000fc54fcec040dfb04000001 D2 capture {"raw": "a5120200000000fc54fcec040dfb04000001", "label": "D2 capture", "kind": "short", "opcode": "0x02", "frag_index": null, "checksum_ok": true, "declared_length": 18}
2026-09-27T21:13:49.712+00:00 RX a5120200000000fc54fcec040dfb04000001 D2 capture {"raw": "a5120200000000fc54fcec040dfb04000001", "label": "D2 capture", "kind": "short", "opcode": "0x02", "frag_index": null, "checksum_ok": true, "declared_length": 18}
2026-09-27T21:13:49.728+00:00 RX a5120200000000fc54fcec040dfb04000001 D2 capture {"raw": "a5120200000000fc54fcec040dfb04000001", "label": "D2 capture", "kind": "short", "opcode": "0x02", "frag_index": null, "checksum_ok": true, "declared_length": 18}
2026-09-27T21:13:49.745+00:00 RX a5120200000000fc54fcec040dfb04000001 D2 capture {"raw": "a5120200000000fc54fcec040dfb04000001", "label": "D2 capture", "kind": "short", "opcode": "0x02", "frag_index": null, "checksum_ok": true, "declared_length": 18}
2026-09-27T21:13:49.757+00:00 RX a5120200000000fc54fcec040dfb04000001 D2 capture {"raw": "a5120200000000fc54fcec040dfb04000001", "label": "D2 capture", "kind": "short", "opcode": "0x02", "frag_index": null, "checksum_ok": true, "declared_length": 18}
2026-09-27T21:13:49.780+00:00 RX a5120200000000fc54fcec040dfb04000001 D2 capture {"raw": "a5120200000000fc54fcec040dfb04000001", "label": "D2 capture", "kind": "short", "opcode": "0x02", "frag_index": null, "checksum_ok": true, "declared_length": 18}
2026-09-27T21:13:49.797+00:00 RX a5120200000000fc54fcec040dfb04000001 D2 capture {"raw": "a5120200000000fc54fcec040dfb04000001", "label": "D2 capture", "kind": "short", "opcode": "0x02", "frag_index": null, "checksum_ok": true, "declared_length": 18}
2026-09-27T21:13:49.812+00:00 RX a5120200000000fc54fcec040dfb04000001 D2 capture {"raw": "a5120200000000fc54fcec040dfb04000001", "label": "D2 capture", "kind": "short", "opcode": "0x02", "frag_index": null, "checksum_ok": true, "declared_length": 18}
2026-09-27T21:13:49.827+00:00 RX a5120200000000fc54fcec040dfb04000001 D2 capture {"raw": "a5120200000000fc54fcec040dfb04000001", "label": "D2 capture", "kind": "short", "opcode": "0x02", "frag_index": null, "checksum_ok": true, "declared_length": 18}
2026-09-27T21:13:49.842+00:00 RX a5120200000000fc54fcec040dfb04000001 D2 capture {"raw": "a5120200000000fc54fcec040dfb04000001", "label": "D2 capture", "kind": "short", "opcode": "0x02", "frag_index": null, "checksum_ok": true, "declared_length": 18}
2026-09-27T21:13:49.857+00:00 RX a5120200000000fc54fcec040dfb04000001 D2 capture {"raw": "a5120200000000fc54fcec040dfb04000001", "label": "D2 capture", "kind": "short", "opcode": "0x02", "frag_index": null, "checksum_ok": true, "declared_length": 18}
2026-09-27T21:13:49.871+00:00 RX a5120200000000fc54fcec040dfb04000001 D2 capture {"raw": "a5120200000000fc54fcec040dfb04000001", "label": "D2 capture", "kind": "short", "opcode": "0x02", "frag_index": null, "checksum_ok": true, "declared_length": 18}
2026-09-27T21:13:49.894+00:00 RX a5120200000000fc54fcec040dfb04000001 D2 capture {"raw": "a5120200000000fc54fcec040dfb04000001", "label": "D2 capture", "kind": "short", "opcode": "0x02", "frag_index": null, "checksum_ok": true, "declared_length": 18}
2026-09-27T21:13:49.909+00:00 RX a5120200000000fc54fcec040dfb04000001 D2 capture {"raw": "a5120200000000fc54fcec040dfb04000001", "label": "D2 capture", "kind": "short", "opcode": "0x02", "frag_index": null, "checksum_ok": true, "declared_length": 18}
2026-09-27T21:13:49.924+00:00 RX a5120200000000fc54fcec040dfb04000001 D2 capture {"raw": "a5120200000000fc54fcec040dfb04000001", "label": "D2 capture", "kind": "short", "opcode": "0x02", "frag_index": null, "checksum_ok": true, "declared_length": 18}
2026-09-27T21:13:49.940+00:00 RX a5120200000000fc54fcec040dfb04000001 D2 capture {"raw": "a5120200000000fc54fcec040dfb04000001", "label": "D2 capture", "kind": "short", "opcode": "0x02", "frag_index": null, "checksum_ok": true, "declared_length": 18}
2026-09-27T21:13:49.954+00:00 RX a5120200000000fc54fcec040dfb04000001 D2 capture {"raw": "a5120200000000fc54fcec040dfb04000001", "label": "D2 capture", "kind": "short", "opcode": "0x02", "frag_index": null, "checksum_ok": true, "declared_length": 18}
2026-09-27T21:13:49.967+00:00 RX a5120200000000fc54fcec040dfb04000001 D2 capture {"raw": "a5120200000000fc54fcec040dfb04000001", "label": "D2 capture", "kind": "short", "opcode": "0x02", "frag_index": null, "checksum_ok": true, "declared_length": 18}
2026-09-27T21:13:49.990+00:00 RX a5120200000000fc54fcec040dfb04000001 D2 capture {"raw": "a5120200000000fc54fcec040dfb04000001", "label": "D2 capture", "kind": "short", "opcode": "0x02", "frag_index": null, "checksum_ok": true, "declared_length": 18}
2026-09-27T21:13:49.991+00:00 RX a5120200000000fc54fcec040dfb04000001 D2 capture {"raw": "a5120200000000fc54fcec040dfb04000001", "label": "D2 capture", "kind": "short", "opcode": "0x02", "frag_index": null, "checksum_ok": true, "declared_length": 18}
2026-09-27T21:13:50.012+00:00 RX a5120200000000fc54fcec040dfb04000001 D2 capture {"raw": "a5120200000000fc54fcec040dfb04000001", "label": "D2 capture", "kind": "short", "opcode": "0x02", "frag_index": null, "checksum_ok": true, "declared_length": 18}
2026-09-27T21:13:50.027+00:00 RX a5120200000000fc54fcec040dfb04000001 D2 capture {"raw": "a5120200000000fc54fcec040dfb04000001", "label": "D2 capture", "kind": "short", "opcode": "0x02", "frag_index": null, "checksum_ok": true, "declared_length": 18}
2026-09-27T21:13:50.042+00:00 RX a5120200000000fc54fcec040dfb04000001 D2 capture {"raw": "a5120200000000fc54fcec040dfb04000001", "label": "D2 capture", "kind": "short", "opcode": "0x02", "frag_index": null, "checksum_ok": true, "declared_length": 18}
2026-09-27T21:13:50.058+00:00 RX a5120200000000fc54fcec040dfb04000001 D2 capture {"raw": "a5120200000000fc54fcec040dfb04000001", "label": "D2 capture", "kind": "short", "opcode": "0x02", "frag_index": null, "checksum_ok": true, "declared_length": 18}
2026-09-27T21:13:50.074+00:00 RX a5120200000000fc54fcec040dfb04000001 D2 capture {"raw": "a5120200000000fc54fcec040dfb04000001", "label": "D2 capture", "kind": "short", "opcode": "0x02", "frag_index": null, "checksum_ok": true, "declared_length": 18}
2026-09-27T21:13:50.089+00:00 RX a5120200000000fc54fcec040dfb04000001 D2 capture {"raw": "a5120200000000fc54fcec040dfb04000001", "label": "D2 capture", "kind": "short", "opcode": "0x02", "frag_index": null, "checksum_ok": true, "declared_length": 18}
2026-09-27T21:13:50.112+00:00 RX a5120200000000fc54fcec040dfb04000001 D2 capture {"raw": "a5120200000000fc54fcec040dfb04000001", "label": "D2 capture", "kind": "short", "opcode": "0x02", "frag_index": null, "checksum_ok": true, "declared_length": 18}
2026-09-27T21:13:50.127+00:00 RX a5120200000000fc54fcec040dfb04000001 D2 capture {"raw": "a5120200000000fc54fcec040dfb04000001", "label": "D2 capture", "kind": "short", "opcode": "0x02", "frag_index": null, "checksum_ok": true, "declared_length": 18}
2026-09-27T21:13:50.141+00:00 RX a5120200000000fc54fcec040dfb04000001 D2 capture {"raw": "a5120200000000fc54fcec040dfb04000001", "label": "D2 capture", "kind": "short", "opcode": "0x02", "frag_index": null, "checksum_ok": true, "declared_length": 18}
2026-09-27T21:13:50.157+00:00 RX a5120200000000fc54fcec040dfb04000001 D2 capture {"raw": "a5120200000000fc54fcec040dfb04000001", "label": "D2 capture", "kind": "short", "opcode": "0x02", "frag_index": null, "checksum_ok": true, "declared_length": 18}
2026-09-27T21:13:50.171+00:00 RX a5120200000000fc54fcec040dfb04000001 D2 capture {"raw": "a5120200000000fc54fcec040dfb04000001", "label": "D2 capture", "kind": "short", "opcode": "0x02", "frag_index": null, "checksum_ok": true, "declared_length": 18}
2026-09-27T21:13:50.195+00:00 RX a5120200000000fc54fcec040dfb04000001 D2 capture {"raw": "a5120200000000fc54fcec040dfb04000001", "label": "D2 capture", "kind": "short", "opcode": "0x02", "frag_index": null, "checksum_ok": true, "declared_length": 18}
2026-09-27T21:13:50.195+00:00 RX a5120200000000fc54fcec040dfb04000001 D2 capture {"raw": "a5120200000000fc54fcec040dfb04000001", "label": "D2 capture", "kind": "short", "opcode": "0x02", "frag_index": null, "checksum_ok": true, "declared_length": 18}
2026-09-27T21:13:50.216+00:00 RX a5120200000000fc54fcec040dfb04000001 D2 capture {"raw": "a5120200000000fc54fcec040dfb04000001", "label": "D2 capture", "kind": "short", "opcode": "0x02", "frag_index": null, "checksum_ok": true, "declared_length": 18}
2026-09-27T21:13:50.230+00:00 RX a5120200000000fc54fcec040dfb04000001 D2 capture {"raw": "a5120200000000fc54fcec040dfb04000001", "label": "D2 capture", "kind": "short", "opcode": "0x02", "frag_index": null, "checksum_ok": true, "declared_length": 18}
2026-09-27T21:13:50.246+00:00 RX a5120200000000fc54fcec040dfb04000001 D2 capture {"raw": "a5120200000000fc54fcec040dfb04000001", "label": "D2 capture", "kind": "short", "opcode": "0x02", "frag_index": null, "checksum_ok": true, "declared_length": 18}
2026-09-27T21:13:50.261+00:00 RX a5120200000000fc54fcec040dfb04000001 D2 capture {"raw": "a5120200000000fc54fcec040dfb04000001", "label": "D2 capture", "kind": "short", "opcode": "0x02", "frag_index": null, "checksum_ok": true, "declared_length": 18}
2026-09-27T21:13:50.275+00:00 RX a5120200000000fc54fcec040dfb04000001 D2 capture {"raw": "a5120200000000fc54fcec040dfb04000001", "label": "D2 capture", "kind": "short", "opcode": "0x02", "frag_index": null, "checksum_ok": true, "declared_length": 18}
2026-09-27T21:14:03.130+00:00 RX a5120200800000fc54fcec040dfb04000081 D2 capture {"raw": "a5120200800000fc54fcec040dfb04000081", "label": "D2 capture", "kind": "short", "opcode": "0x02", "frag_index": null, "checksum_ok": true, "declared_length": 18}
2026-09-27T21:14:03.153+00:00 RX a5120200800000fc54fcec040dfb04000081 D2 capture {"raw": "a5120200800000fc54fcec040dfb04000081", "label": "D2 capture", "kind": "short", "opcode": "0x02", "frag_index": null, "checksum_ok": true, "declared_length": 18}
2026-09-27T21:14:03.154+00:00 RX a5120200800000fc54fcec040dfb04000081 D2 capture {"raw": "a5120200800000fc54fcec040dfb04000081", "label": "D2 capture", "kind": "short", "opcode": "0x02", "frag_index": null, "checksum_ok": true, "declared_length": 18}
2026-09-27T21:14:03.184+00:00 RX a5120200800000fc54fcec040dfb04000081 D2 capture {"raw": "a5120200800000fc54fcec040dfb04000081", "label": "D2 capture", "kind": "short", "opcode": "0x02", "frag_index": null, "checksum_ok": true, "declared_length": 18}
2026-09-27T21:14:03.198+00:00 RX a5120200800000fc54fcec040dfb04000081 D2 capture {"raw": "a5120200800000fc54fcec040dfb04000081", "label": "D2 capture", "kind": "short", "opcode": "0x02", "frag_index": null, "checksum_ok": true, "declared_length": 18}
2026-09-27T21:14:03.213+00:00 RX a5120200800000fc54fcec040dfb04000081 D2 capture {"raw": "a5120200800000fc54fcec040dfb04000081", "label": "D2 capture", "kind": "short", "opcode": "0x02", "frag_index": null, "checksum_ok": true, "declared_length": 18}
2026-09-27T21:14:03.228+00:00 RX a5120200800000fc54fcec040dfb04000081 D2 capture {"raw": "a5120200800000fc54fcec040dfb04000081", "label": "D2 capture", "kind": "short", "opcode": "0x02", "frag_index": null, "checksum_ok": true, "declared_length": 18}
2026-09-27T21:14:03.244+00:00 RX a5120200800000fc54fcec040dfb04000081 D2 capture {"raw": "a5120200800000fc54fcec040dfb04000081", "label": "D2 capture", "kind": "short", "opcode": "0x02", "frag_index": null, "checksum_ok": true, "declared_length": 18}
2026-09-27T21:14:03.259+00:00 RX a5120200800000fc54fcec040dfb04000081 D2 capture {"raw": "a5120200800000fc54fcec040dfb04000081", "label": "D2 capture", "kind": "short", "opcode": "0x02", "frag_index": null, "checksum_ok": true, "declared_length": 18}
2026-09-27T21:14:03.274+00:00 RX a5120200800000fc54fcec040dfb04000081 D2 capture {"raw": "a5120200800000fc54fcec040dfb04000081", "label": "D2 capture", "kind": "short", "opcode": "0x02", "frag_index": null, "checksum_ok": true, "declared_length": 18}
2026-09-27T21:14:03.288+00:00 RX a5120200800000fc54fcec040dfb04000081 D2 capture {"raw": "a5120200800000fc54fcec040dfb04000081", "label": "D2 capture", "kind": "short", "opcode": "0x02", "frag_index": null, "checksum_ok": true, "declared_length": 18}
2026-09-27T21:14:03.312+00:00 RX a5120200800000fc54fcec040dfb04000081 D2 capture {"raw": "a5120200800000fc54fcec040dfb04000081", "label": "D2 capture", "kind": "short", "opcode": "0x02", "frag_index": null, "checksum_ok": true, "declared_length": 18}
2026-09-27T21:14:03.334+00:00 RX a5120200800000fc54fcec040dfb04000081 D2 capture {"raw": "a5120200800000fc54fcec040dfb04000081", "label": "D2 capture", "kind": "short", "opcode": "0x02", "frag_index": null, "checksum_ok": true, "declared_length": 18}
2026-09-27T21:14:03.335+00:00 RX a5120200800000fc54fcec040dfb04000081 D2 capture {"raw": "a5120200800000fc54fcec040dfb04000081", "label": "D2 capture", "kind": "short", "opcode": "0x02", "frag_index": null, "checksum_ok": true, "declared_length": 18}
2026-09-27T21:14:03.356+00:00 RX a5120200800000fc54fcec040dfb04000081 D2 capture {"raw": "a5120200800000fc54fcec040dfb04000081", "label": "D2 capture", "kind": "short", "opcode": "0x02", "frag_index": null, "checksum_ok": true, "declared_length": 18}
2026-09-27T21:14:03.370+00:00 RX a5120200800000fc54fcec040dfb04000081 D2 capture {"raw": "a5120200800000fc54fcec040dfb04000081", "label": "D2 capture", "kind": "short", "opcode": "0x02", "frag_index": null, "checksum_ok": true, "declared_length": 18}
2026-09-27T21:14:03.394+00:00 RX a5120200800000fc54fcec040dfb04000081 D2 capture {"raw": "a5120200800000fc54fcec040dfb04000081", "label": "D2 capture", "kind": "short", "opcode": "0x02", "frag_index": null, "checksum_ok": true, "declared_length": 18}
2026-09-27T21:14:03.408+00:00 RX a5120200800000fc54fcec040dfb04000081 D2 capture {"raw": "a5120200800000fc54fcec040dfb04000081", "label": "D2 capture", "kind": "short", "opcode": "0x02", "frag_index": null, "checksum_ok": true, "declared_length": 18}
2026-09-27T21:14:03.423+00:00 RX a5120200800000fc54fcec040dfb04000081 D2 capture {"raw": "a5120200800000fc54fcec040dfb04000081", "label": "D2 capture", "kind": "short", "opcode": "0x02", "frag_index": null, "checksum_ok": true, "declared_length": 18}
2026-09-27T21:14:03.438+00:00 RX a5120200800000fc54fcec040dfb04000081 D2 capture {"raw": "a5120200800000fc54fcec040dfb04000081", "label": "D2 capture", "kind": "short", "opcode": "0x02", "frag_index": null, "checksum_ok": true, "declared_length": 18}
2026-09-27T21:14:03.454+00:00 RX a5120200800000fc54fcec040dfb04000081 D2 capture {"raw": "a5120200800000fc54fcec040dfb04000081", "label": "D2 capture", "kind": "short", "opcode": "0x02", "frag_index": null, "checksum_ok": true, "declared_length": 18}
2026-09-27T21:14:03.468+00:00 RX a5120200800000fc54fcec040dfb04000081 D2 capture {"raw": "a5120200800000fc54fcec040dfb04000081", "label": "D2 capture", "kind": "short", "opcode": "0x02", "frag_index": null, "checksum_ok": true, "declared_length": 18}
2026-09-27T21:14:03.482+00:00 RX a5120200000000fc54fcec040dfb04000001 D2 capture {"raw": "a5120200000000fc54fcec040dfb04000001", "label": "D2 capture", "kind": "short", "opcode": "0x02", "frag_index": null, "checksum_ok": true, "declared_length": 18}
2026-09-27T21:14:03.501+00:00 RX a5120200000000fc54fcec040dfb04000001 D2 capture {"raw": "a5120200000000fc54fcec040dfb04000001", "label": "D2 capture", "kind": "short", "opcode": "0x02", "frag_index": null, "checksum_ok": true, "declared_length": 18}
2026-09-27T21:14:03.514+00:00 RX a5120200000000fc54fcec040dfb04000001 D2 capture {"raw": "a5120200000000fc54fcec040dfb04000001", "label": "D2 capture", "kind": "short", "opcode": "0x02", "frag_index": null, "checksum_ok": true, "declared_length": 18}
2026-09-27T21:14:03.531+00:00 RX a5120200000000fc54fcec040dfb04000001 D2 capture {"raw": "a5120200000000fc54fcec040dfb04000001", "label": "D2 capture", "kind": "short", "opcode": "0x02", "frag_index": null, "checksum_ok": true, "declared_length": 18}
2026-09-27T21:14:03.545+00:00 RX a5120200000000fc54fcec040dfb04000001 D2 capture {"raw": "a5120200000000fc54fcec040dfb04000001", "label": "D2 capture", "kind": "short", "opcode": "0x02", "frag_index": null, "checksum_ok": true, "declared_length": 18}
2026-09-27T21:14:03.561+00:00 RX a5120200000000fc54fcec040dfb04000001 D2 capture {"raw": "a5120200000000fc54fcec040dfb04000001", "label": "D2 capture", "kind": "short", "opcode": "0x02", "frag_index": null, "checksum_ok": true, "declared_length": 18}
2026-09-27T21:14:03.576+00:00 RX a5120200000000fc54fcec040dfb04000001 D2 capture {"raw": "a5120200000000fc54fcec040dfb04000001", "label": "D2 capture", "kind": "short", "opcode": "0x02", "frag_index": null, "checksum_ok": true, "declared_length": 18}
2026-09-27T21:14:03.590+00:00 RX a5120200000000fc54fcec040dfb04000001 D2 capture {"raw": "a5120200000000fc54fcec040dfb04000001", "label": "D2 capture", "kind": "short", "opcode": "0x02", "frag_index": null, "checksum_ok": true, "declared_length": 18}
2026-09-27T21:14:03.605+00:00 RX a5120200000000fc54fcec040dfb04000001 D2 capture {"raw": "a5120200000000fc54fcec040dfb04000001", "label": "D2 capture", "kind": "short", "opcode": "0x02", "frag_index": null, "checksum_ok": true, "declared_length": 18}
2026-09-27T21:14:03.618+00:00 RX a5120200000000fc54fcec040dfb04000001 D2 capture {"raw": "a5120200000000fc54fcec040dfb04000001", "label": "D2 capture", "kind": "short", "opcode": "0x02", "frag_index": null, "checksum_ok": true, "declared_length": 18}
2026-09-27T21:14:03.633+00:00 RX a5120200000000fc54fcec040dfb04000001 D2 capture {"raw": "a5120200000000fc54fcec040dfb04000001", "label": "D2 capture", "kind": "short", "opcode": "0x02", "frag_index": null, "checksum_ok": true, "declared_length": 18}
2026-09-27T21:14:03.652+00:00 RX a5120200000000fc54fcec040dfb04000001 D2 capture {"raw": "a5120200000000fc54fcec040dfb04000001", "label": "D2 capture", "kind": "short", "opcode": "0x02", "frag_index": null, "checksum_ok": true, "declared_length": 18}
2026-09-27T21:14:03.666+00:00 RX a5120200000000fc54fcec040dfb04000001 D2 capture {"raw": "a5120200000000fc54fcec040dfb04000001", "label": "D2 capture", "kind": "short", "opcode": "0x02", "frag_index": null, "checksum_ok": true, "declared_length": 18}
2026-09-27T21:14:03.680+00:00 RX a5120200000000fc54fcec040dfb04000001 D2 capture {"raw": "a5120200000000fc54fcec040dfb04000001", "label": "D2 capture", "kind": "short", "opcode": "0x02", "frag_index": null, "checksum_ok": true, "declared_length": 18}
2026-09-27T21:14:03.693+00:00 RX a5120200000000fc54fcec040dfb04000001 D2 capture {"raw": "a5120200000000fc54fcec040dfb04000001", "label": "D2 capture", "kind": "short", "opcode": "0x02", "frag_index": null, "checksum_ok": true, "declared_length": 18}
2026-09-27T21:14:03.708+00:00 RX a5120200000000fc54fcec040dfb04000001 D2 capture {"raw": "a5120200000000fc54fcec040dfb04000001", "label": "D2 capture", "kind": "short", "opcode": "0x02", "frag_index": null, "checksum_ok": true, "declared_length": 18}
2026-09-27T21:14:03.723+00:00 RX a5120200000000fc54fcec040dfb04000001 D2 capture {"raw": "a5120200000000fc54fcec040dfb04000001", "label": "D2 capture", "kind": "short", "opcode": "0x02", "frag_index": null, "checksum_ok": true, "declared_length": 18}
2026-09-27T21:14:03.738+00:00 RX a5120200000000fc54fcec040dfb04000001 D2 capture {"raw": "a5120200000000fc54fcec040dfb04000001", "label": "D2 capture", "kind": "short", "opcode": "0x02", "frag_index": null, "checksum_ok": true, "declared_length": 18}
2026-09-27T21:14:03.753+00:00 RX a5120200000000fc54fcec040dfb04000001 D2 capture {"raw": "a5120200000000fc54fcec040dfb04000001", "label": "D2 capture", "kind": "short", "opcode": "0x02", "frag_index": null, "checksum_ok": true, "declared_length": 18}
2026-09-27T21:14:03.768+00:00 RX a5120200000000fc54fcec040dfb04000001 D2 capture {"raw": "a5120200000000fc54fcec040dfb04000001", "label": "D2 capture", "kind": "short", "opcode": "0x02", "frag_index": null, "checksum_ok": true, "declared_length": 18}
2026-09-27T21:14:03.787+00:00 RX a5120200000000fc54fcec040dfb04000001 D2 capture {"raw": "a5120200000000fc54fcec040dfb04000001", "label": "D2 capture", "kind": "short", "opcode": "0x02", "frag_index": null, "checksum_ok": true, "declared_length": 18}
2026-09-27T21:14:03.808+00:00 RX a5120200000000fc54fcec040dfb04000001 D2 capture {"raw": "a5120200000000fc54fcec040dfb04000001", "label": "D2 capture", "kind": "short", "opcode": "0x02", "frag_index": null, "checksum_ok": true, "declared_length": 18}
2026-09-27T21:14:03.808+00:00 RX a5120200000000fc54fcec040dfb04000001 D2 capture {"raw": "a5120200000000fc54fcec040dfb04000001", "label": "D2 capture", "kind": "short", "opcode": "0x02", "frag_index": null, "checksum_ok": true, "declared_length": 18}
2026-09-27T21:14:03.831+00:00 RX a5120200000000fc54fcec040dfb04000001 D2 capture {"raw": "a5120200000000fc54fcec040dfb04000001", "label": "D2 capture", "kind": "short", "opcode": "0x02", "frag_index": null, "checksum_ok": true, "declared_length": 18}
2026-09-27T21:14:03.852+00:00 RX a5120200000000fc54fcec040dfb04000001 D2 capture {"raw": "a5120200000000fc54fcec040dfb04000001", "label": "D2 capture", "kind": "short", "opcode": "0x02", "frag_index": null, "checksum_ok": true, "declared_length": 18}
2026-09-27T21:14:03.867+00:00 RX a5120200000000fc54fcec040dfb04000001 D2 capture {"raw": "a5120200000000fc54fcec040dfb04000001", "label": "D2 capture", "kind": "short", "opcode": "0x02", "frag_index": null, "checksum_ok": true, "declared_length": 18}
2026-09-27T21:14:03.883+00:00 RX a5120200000000fc54fcec040dfb04000001 D2 capture {"raw": "a5120200000000fc54fcec040dfb04000001", "label": "D2 capture", "kind": "short", "opcode": "0x02", "frag_index": null, "checksum_ok": true, "declared_length": 18}
2026-09-27T21:14:03.895+00:00 RX a5120200000000fc54fcec040dfb04000001 D2 capture {"raw": "a5120200000000fc54fcec040dfb04000001", "label": "D2 capture", "kind": "short", "opcode": "0x02", "frag_index": null, "checksum_ok": true, "declared_length": 18}
2026-09-27T21:14:03.912+00:00 RX a5120200000000fc54fcec040dfb04000001 D2 capture {"raw": "a5120200000000fc54fcec040dfb04000001", "label": "D2 capture", "kind": "short", "opcode": "0x02", "frag_index": null, "checksum_ok": true, "declared_length": 18}
2026-09-27T21:14:03.934+00:00 RX a5120200000000fc54fcec040dfb04000001 D2 capture {"raw": "a5120200000000fc54fcec040dfb04000001", "label": "D2 capture", "kind": "short", "opcode": "0x02", "frag_index": null, "checksum_ok": true, "declared_length": 18}
2026-09-27T21:14:03.935+00:00 RX a5120200000000fc54fcec040dfb04000001 D2 capture {"raw": "a5120200000000fc54fcec040dfb04000001", "label": "D2 capture", "kind": "short", "opcode": "0x02", "frag_index": null, "checksum_ok": true, "declared_length": 18}
2026-09-27T21:14:03.963+00:00 RX a5120200000000fc54fcec040dfb04000001 D2 capture {"raw": "a5120200000000fc54fcec040dfb04000001", "label": "D2 capture", "kind": "short", "opcode": "0x02", "frag_index": null, "checksum_ok": true, "declared_length": 18}
2026-09-27T21:14:03.979+00:00 RX a5120200000000fc54fcec040dfb04000001 D2 capture {"raw": "a5120200000000fc54fcec040dfb04000001", "label": "D2 capture", "kind": "short", "opcode": "0x02", "frag_index": null, "checksum_ok": true, "declared_length": 18}
2026-09-27T21:14:03.994+00:00 RX a5120200000000fc54fcec040dfb04000001 D2 capture {"raw": "a5120200000000fc54fcec040dfb04000001", "label": "D2 capture", "kind": "short", "opcode": "0x02", "frag_index": null, "checksum_ok": true, "declared_length": 18}
2026-09-27T21:14:04.008+00:00 RX a5120200000000fc54fcec040dfb04000001 D2 capture {"raw": "a5120200000000fc54fcec040dfb04000001", "label": "D2 capture", "kind": "short", "opcode": "0x02", "frag_index": null, "checksum_ok": true, "declared_length": 18}
2026-09-27T21:14:04.022+00:00 RX a5120200000000fc54fcec040dfb04000001 D2 capture {"raw": "a5120200000000fc54fcec040dfb04000001", "label": "D2 capture", "kind": "short", "opcode": "0x02", "frag_index": null, "checksum_ok": true, "declared_length": 18}
2026-09-27T21:14:04.039+00:00 RX a5120200000000fc54fcec040dfb04000001 D2 capture {"raw": "a5120200000000fc54fcec040dfb04000001", "label": "D2 capture", "kind": "short", "opcode": "0x02", "frag_index": null, "checksum_ok": true, "declared_length": 18}
2026-09-27T21:14:04.054+00:00 RX a5120200000000fc54fcec040dfb04000001 D2 capture {"raw": "a5120200000000fc54fcec040dfb04000001", "label": "D2 capture", "kind": "short", "opcode": "0x02", "frag_index": null, "checksum_ok": true, "declared_length": 18}
2026-09-27T21:14:04.071+00:00 RX a5120200000000fc54fcec040dfb04000001 D2 capture {"raw": "a5120200000000fc54fcec040dfb04000001", "label": "D2 capture", "kind": "short", "opcode": "0x02", "frag_index": null, "checksum_ok": true, "declared_length": 18}
2026-09-27T21:14:04.084+00:00 RX a5120200000000fc54fcec040dfb04000001 D2 capture {"raw": "a5120200000000fc54fcec040dfb04000001", "label": "D2 capture", "kind": "short", "opcode": "0x02", "frag_index": null, "checksum_ok": true, "declared_length": 18}
2026-09-27T21:14:04.099+00:00 RX a5120200000000fc54fcec040dfb04000001 D2 capture {"raw": "a5120200000000fc54fcec040dfb04000001", "label": "D2 capture", "kind": "short", "opcode": "0x02", "frag_index": null, "checksum_ok": true, "declared_length": 18}
2026-09-27T21:14:04.121+00:00 RX a5120200000000fc54fcec040dfb04000001 D2 capture {"raw": "a5120200000000fc54fcec040dfb04000001", "label": "D2 capture", "kind": "short", "opcode": "0x02", "frag_index": null, "checksum_ok": true, "declared_length": 18}
2026-09-27T21:14:04.122+00:00 RX a5120200000000fc54fcec040dfb04000001 D2 capture {"raw": "a5120200000000fc54fcec040dfb04000001", "label": "D2 capture", "kind": "short", "opcode": "0x02", "frag_index": null, "checksum_ok": true, "declared_length": 18}
2026-09-27T21:14:04.143+00:00 RX a5120200000000fc54fcec040dfb04000001 D2 capture {"raw": "a5120200000000fc54fcec040dfb04000001", "label": "D2 capture", "kind": "short", "opcode": "0x02", "frag_index": null, "checksum_ok": true, "declared_length": 18}
2026-09-27T21:14:04.167+00:00 RX a5120200000000fc54fcec040dfb04000001 D2 capture {"raw": "a5120200000000fc54fcec040dfb04000001", "label": "D2 capture", "kind": "short", "opcode": "0x02", "frag_index": null, "checksum_ok": true, "declared_length": 18}
2026-09-27T21:14:04.167+00:00 RX a5120200000000fc54fcec040dfb04000001 D2 capture {"raw": "a5120200000000fc54fcec040dfb04000001", "label": "D2 capture", "kind": "short", "opcode": "0x02", "frag_index": null, "checksum_ok": true, "declared_length": 18}
2026-09-27T21:14:04.192+00:00 RX a5120200000000fc54fcec040dfb04000001 D2 capture {"raw": "a5120200000000fc54fcec040dfb04000001", "label": "D2 capture", "kind": "short", "opcode": "0x02", "frag_index": null, "checksum_ok": true, "declared_length": 18}
2026-09-27T21:14:04.204+00:00 RX a5120200000000fc54fcec040dfb04000001 D2 capture {"raw": "a5120200000000fc54fcec040dfb04000001", "label": "D2 capture", "kind": "short", "opcode": "0x02", "frag_index": null, "checksum_ok": true, "declared_length": 18}
2026-09-27T21:14:04.226+00:00 RX a5120200000000fc54fcec040dfb04000001 D2 capture {"raw": "a5120200000000fc54fcec040dfb04000001", "label": "D2 capture", "kind": "short", "opcode": "0x02", "frag_index": null, "checksum_ok": true, "declared_length": 18}
2026-09-27T21:14:04.227+00:00 RX a5120200000000fc54fcec040dfb04000001 D2 capture {"raw": "a5120200000000fc54fcec040dfb04000001", "label": "D2 capture", "kind": "short", "opcode": "0x02", "frag_index": null, "checksum_ok": true, "declared_length": 18}
2026-09-27T21:14:04.249+00:00 RX a5120200000000fc54fcec040dfb04000001 D2 capture {"raw": "a5120200000000fc54fcec040dfb04000001", "label": "D2 capture", "kind": "short", "opcode": "0x02", "frag_index": null, "checksum_ok": true, "declared_length": 18}
2026-09-27T21:14:04.270+00:00 RX a5120200000000fc54fcec040dfb04000001 D2 capture {"raw": "a5120200000000fc54fcec040dfb04000001", "label": "D2 capture", "kind": "short", "opcode": "0x02", "frag_index": null, "checksum_ok": true, "declared_length": 18}
2026-09-27T21:14:04.285+00:00 RX a5120200000000fc54fcec040dfb04000001 D2 capture {"raw": "a5120200000000fc54fcec040dfb04000001", "label": "D2 capture", "kind": "short", "opcode": "0x02", "frag_index": null, "checksum_ok": true, "declared_length": 18}
2026-09-27T21:14:04.302+00:00 RX a5120200000000fc54fcec040dfb04000001 D2 capture {"raw": "a5120200000000fc54fcec040dfb04000001", "label": "D2 capture", "kind": "short", "opcode": "0x02", "frag_index": null, "checksum_ok": true, "declared_length": 18}
2026-09-27T21:14:04.316+00:00 RX a5120200000000fc54fcec040dfb04000001 D2 capture {"raw": "a5120200000000fc54fcec040dfb04000001", "label": "D2 capture", "kind": "short", "opcode": "0x02", "frag_index": null, "checksum_ok": true, "declared_length": 18}
2026-09-27T21:14:04.331+00:00 RX a5120200000000fc54fcec040dfb04000001 D2 capture {"raw": "a5120200000000fc54fcec040dfb04000001", "label": "D2 capture", "kind": "short", "opcode": "0x02", "frag_index": null, "checksum_ok": true, "declared_length": 18}
2026-09-27T21:14:04.355+00:00 RX a5120200000000fc54fcec040dfb04000001 D2 capture {"raw": "a5120200000000fc54fcec040dfb04000001", "label": "D2 capture", "kind": "short", "opcode": "0x02", "frag_index": null, "checksum_ok": true, "declared_length": 18}
2026-09-27T21:14:04.355+00:00 RX a5120200000000fc54fcec040dfb04000001 D2 capture {"raw": "a5120200000000fc54fcec040dfb04000001", "label": "D2 capture", "kind": "short", "opcode": "0x02", "frag_index": null, "checksum_ok": true, "declared_length": 18}
2026-09-27T21:14:04.385+00:00 RX a5120200000000fc54fcec040dfb04000001 D2 capture {"raw": "a5120200000000fc54fcec040dfb04000001", "label": "D2 capture", "kind": "short", "opcode": "0x02", "frag_index": null, "checksum_ok": true, "declared_length": 18}
2026-09-27T21:14:04.400+00:00 RX a5120200000000fc54fcec040dfb04000001 D2 capture {"raw": "a5120200000000fc54fcec040dfb04000001", "label": "D2 capture", "kind": "short", "opcode": "0x02", "frag_index": null, "checksum_ok": true, "declared_length": 18}
2026-09-27T21:14:04.415+00:00 RX a5120200000000fc54fcec040dfb04000001 D2 capture {"raw": "a5120200000000fc54fcec040dfb04000001", "label": "D2 capture", "kind": "short", "opcode": "0x02", "frag_index": null, "checksum_ok": true, "declared_length": 18}
2026-09-27T21:14:04.428+00:00 RX a5120200000000fc54fcec040dfb04000001 D2 capture {"raw": "a5120200000000fc54fcec040dfb04000001", "label": "D2 capture", "kind": "short", "opcode": "0x02", "frag_index": null, "checksum_ok": true, "declared_length": 18}
2026-09-27T21:14:04.444+00:00 RX a5120200000000fc54fcec040dfb04000001 D2 capture {"raw": "a5120200000000fc54fcec040dfb04000001", "label": "D2 capture", "kind": "short", "opcode": "0x02", "frag_index": null, "checksum_ok": true, "declared_length": 18}
2026-09-27T21:14:04.466+00:00 RX a5120200000000fc54fcec040dfb04000001 D2 capture {"raw": "a5120200000000fc54fcec040dfb04000001", "label": "D2 capture", "kind": "short", "opcode": "0x02", "frag_index": null, "checksum_ok": true, "declared_length": 18}
2026-09-27T21:14:04.467+00:00 RX a5120200000000fc54fcec040dfb04000001 D2 capture {"raw": "a5120200000000fc54fcec040dfb04000001", "label": "D2 capture", "kind": "short", "opcode": "0x02", "frag_index": null, "checksum_ok": true, "declared_length": 18}
2026-09-27T21:14:04.489+00:00 RX a5120200000000fc54fcec040dfb04000001 D2 capture {"raw": "a5120200000000fc54fcec040dfb04000001", "label": "D2 capture", "kind": "short", "opcode": "0x02", "frag_index": null, "checksum_ok": true, "declared_length": 18}
2026-09-27T21:14:04.511+00:00 RX a5120200000000fc54fcec040dfb04000001 D2 capture {"raw": "a5120200000000fc54fcec040dfb04000001", "label": "D2 capture", "kind": "short", "opcode": "0x02", "frag_index": null, "checksum_ok": true, "declared_length": 18}
2026-09-27T21:14:04.525+00:00 RX a5120200000000fc54fcec040dfb04000001 D2 capture {"raw": "a5120200000000fc54fcec040dfb04000001", "label": "D2 capture", "kind": "short", "opcode": "0x02", "frag_index": null, "checksum_ok": true, "declared_length": 18}
2026-09-27T21:14:04.540+00:00 RX a5120200000000fc54fcec040dfb04000001 D2 capture {"raw": "a5120200000000fc54fcec040dfb04000001", "label": "D2 capture", "kind": "short", "opcode": "0x02", "frag_index": null, "checksum_ok": true, "declared_length": 18}
2026-09-27T21:14:04.559+00:00 RX a5120200000000fc54fcec040dfb04000001 D2 capture {"raw": "a5120200000000fc54fcec040dfb04000001", "label": "D2 capture", "kind": "short", "opcode": "0x02", "frag_index": null, "checksum_ok": true, "declared_length": 18}
2026-09-27T21:14:04.571+00:00 RX a5120200000000fc54fcec040dfb04000001 D2 capture {"raw": "a5120200000000fc54fcec040dfb04000001", "label": "D2 capture", "kind": "short", "opcode": "0x02", "frag_index": null, "checksum_ok": true, "declared_length": 18}
2026-09-27T21:14:04.586+00:00 RX a5120200000000fc54fcec040dfb04000001 D2 capture {"raw": "a5120200000000fc54fcec040dfb04000001", "label": "D2 capture", "kind": "short", "opcode": "0x02", "frag_index": null, "checksum_ok": true, "declared_length": 18}
2026-09-27T21:14:04.601+00:00 RX a5120200000000fc54fcec040dfb04000001 D2 capture {"raw": "a5120200000000fc54fcec040dfb04000001", "label": "D2 capture", "kind": "short", "opcode": "0x02", "frag_index": null, "checksum_ok": true, "declared_length": 18}
2026-09-27T21:14:04.624+00:00 RX a5120200000000fc54fcec040dfb04000001 D2 capture {"raw": "a5120200000000fc54fcec040dfb04000001", "label": "D2 capture", "kind": "short", "opcode": "0x02", "frag_index": null, "checksum_ok": true, "declared_length": 18}
2026-09-27T21:14:04.646+00:00 RX a5120200000000fc54fcec040dfb04000001 D2 capture {"raw": "a5120200000000fc54fcec040dfb04000001", "label": "D2 capture", "kind": "short", "opcode": "0x02", "frag_index": null, "checksum_ok": true, "declared_length": 18}
2026-09-27T21:14:04.646+00:00 RX a5120200000000fc54fcec040dfb04000001 D2 capture {"raw": "a5120200000000fc54fcec040dfb04000001", "label": "D2 capture", "kind": "short", "opcode": "0x02", "frag_index": null, "checksum_ok": true, "declared_length": 18}
2026-09-27T21:14:04.670+00:00 RX a5120200000000fc54fcec040dfb04000001 D2 capture {"raw": "a5120200000000fc54fcec040dfb04000001", "label": "D2 capture", "kind": "short", "opcode": "0x02", "frag_index": null, "checksum_ok": true, "declared_length": 18}
2026-09-27T21:14:04.788+00:00 RX a5120201000000fc54fcec040dfb04000002 D2 capture {"raw": "a5120201000000fc54fcec040dfb04000002", "label": "D2 capture", "kind": "short", "opcode": "0x02", "frag_index": null, "checksum_ok": true, "declared_length": 18}
2026-09-27T21:14:04.803+00:00 RX a5120201000000fc54fcec040dfb04000002 D2 capture {"raw": "a5120201000000fc54fcec040dfb04000002", "label": "D2 capture", "kind": "short", "opcode": "0x02", "frag_index": null, "checksum_ok": true, "declared_length": 18}
2026-09-27T21:14:04.828+00:00 RX a5120201000000fc54fcec040dfb04000002 D2 capture {"raw": "a5120201000000fc54fcec040dfb04000002", "label": "D2 capture", "kind": "short", "opcode": "0x02", "frag_index": null, "checksum_ok": true, "declared_length": 18}
2026-09-27T21:14:04.842+00:00 RX a5120201000000fc54fcec040dfb04000002 D2 capture {"raw": "a5120201000000fc54fcec040dfb04000002", "label": "D2 capture", "kind": "short", "opcode": "0x02", "frag_index": null, "checksum_ok": true, "declared_length": 18}
2026-09-27T21:14:04.864+00:00 RX a5120201000000fc54fcec040dfb04000002 D2 capture {"raw": "a5120201000000fc54fcec040dfb04000002", "label": "D2 capture", "kind": "short", "opcode": "0x02", "frag_index": null, "checksum_ok": true, "declared_length": 18}
2026-09-27T21:14:04.864+00:00 RX a5120201000000fc54fcec040dfb04000002 D2 capture {"raw": "a5120201000000fc54fcec040dfb04000002", "label": "D2 capture", "kind": "short", "opcode": "0x02", "frag_index": null, "checksum_ok": true, "declared_length": 18}
2026-09-27T21:14:04.888+00:00 RX a5120201000000fc54fcec040dfb04000002 D2 capture {"raw": "a5120201000000fc54fcec040dfb04000002", "label": "D2 capture", "kind": "short", "opcode": "0x02", "frag_index": null, "checksum_ok": true, "declared_length": 18}
2026-09-27T21:14:04.901+00:00 RX a5120201000000fc54fcec040dfb04000002 D2 capture {"raw": "a5120201000000fc54fcec040dfb04000002", "label": "D2 capture", "kind": "short", "opcode": "0x02", "frag_index": null, "checksum_ok": true, "declared_length": 18}
2026-09-27T21:14:04.916+00:00 RX a5120201000000fc54fcec040dfb04000002 D2 capture {"raw": "a5120201000000fc54fcec040dfb04000002", "label": "D2 capture", "kind": "short", "opcode": "0x02", "frag_index": null, "checksum_ok": true, "declared_length": 18}
2026-09-27T21:14:04.939+00:00 RX a5120201000000fc54fcec040dfb04000002 D2 capture {"raw": "a5120201000000fc54fcec040dfb04000002", "label": "D2 capture", "kind": "short", "opcode": "0x02", "frag_index": null, "checksum_ok": true, "declared_length": 18}
2026-09-27T21:14:04.953+00:00 RX a5120201000000fc54fcec040dfb04000002 D2 capture {"raw": "a5120201000000fc54fcec040dfb04000002", "label": "D2 capture", "kind": "short", "opcode": "0x02", "frag_index": null, "checksum_ok": true, "declared_length": 18}
2026-09-27T21:14:04.968+00:00 RX a5120201000000fc54fcec040dfb04000002 D2 capture {"raw": "a5120201000000fc54fcec040dfb04000002", "label": "D2 capture", "kind": "short", "opcode": "0x02", "frag_index": null, "checksum_ok": true, "declared_length": 18}
2026-09-27T21:14:04.985+00:00 RX a5120201000000fc54fcec040dfb04000002 D2 capture {"raw": "a5120201000000fc54fcec040dfb04000002", "label": "D2 capture", "kind": "short", "opcode": "0x02", "frag_index": null, "checksum_ok": true, "declared_length": 18}
2026-09-27T21:14:05.006+00:00 RX a5120201000000fc54fcec040dfb04000002 D2 capture {"raw": "a5120201000000fc54fcec040dfb04000002", "label": "D2 capture", "kind": "short", "opcode": "0x02", "frag_index": null, "checksum_ok": true, "declared_length": 18}
2026-09-27T21:14:05.006+00:00 RX a5120201000000fc54fcec040dfb04000002 D2 capture {"raw": "a5120201000000fc54fcec040dfb04000002", "label": "D2 capture", "kind": "short", "opcode": "0x02", "frag_index": null, "checksum_ok": true, "declared_length": 18}
2026-09-27T21:14:05.030+00:00 RX a5120201000000fc54fcec040dfb04000002 D2 capture {"raw": "a5120201000000fc54fcec040dfb04000002", "label": "D2 capture", "kind": "short", "opcode": "0x02", "frag_index": null, "checksum_ok": true, "declared_length": 18}
2026-09-27T21:14:05.044+00:00 RX a5120201000000fc54fcec040dfb04000002 D2 capture {"raw": "a5120201000000fc54fcec040dfb04000002", "label": "D2 capture", "kind": "short", "opcode": "0x02", "frag_index": null, "checksum_ok": true, "declared_length": 18}
2026-09-27T21:14:05.065+00:00 RX a5120201000000fc54fcec040dfb04000002 D2 capture {"raw": "a5120201000000fc54fcec040dfb04000002", "label": "D2 capture", "kind": "short", "opcode": "0x02", "frag_index": null, "checksum_ok": true, "declared_length": 18}
2026-09-27T21:14:05.065+00:00 RX a5120201000000fc54fcec040dfb04000002 D2 capture {"raw": "a5120201000000fc54fcec040dfb04000002", "label": "D2 capture", "kind": "short", "opcode": "0x02", "frag_index": null, "checksum_ok": true, "declared_length": 18}
2026-09-27T21:14:05.097+00:00 RX a5120201000000fc54fcec040dfb04000002 D2 capture {"raw": "a5120201000000fc54fcec040dfb04000002", "label": "D2 capture", "kind": "short", "opcode": "0x02", "frag_index": null, "checksum_ok": true, "declared_length": 18}
2026-09-27T21:14:05.120+00:00 RX a5120201000000fc54fcec040dfb04000002 D2 capture {"raw": "a5120201000000fc54fcec040dfb04000002", "label": "D2 capture", "kind": "short", "opcode": "0x02", "frag_index": null, "checksum_ok": true, "declared_length": 18}
2026-09-27T21:14:05.121+00:00 RX a5120201000000fc54fcec040dfb04000002 D2 capture {"raw": "a5120201000000fc54fcec040dfb04000002", "label": "D2 capture", "kind": "short", "opcode": "0x02", "frag_index": null, "checksum_ok": true, "declared_length": 18}
2026-09-27T21:14:05.142+00:00 RX a5120201000000fc54fcec040dfb04000002 D2 capture {"raw": "a5120201000000fc54fcec040dfb04000002", "label": "D2 capture", "kind": "short", "opcode": "0x02", "frag_index": null, "checksum_ok": true, "declared_length": 18}
2026-09-27T21:14:05.157+00:00 RX a5120201000000fc54fcec040dfb04000002 D2 capture {"raw": "a5120201000000fc54fcec040dfb04000002", "label": "D2 capture", "kind": "short", "opcode": "0x02", "frag_index": null, "checksum_ok": true, "declared_length": 18}
2026-09-27T21:14:05.172+00:00 RX a5120201000000fc54fcec040dfb04000002 D2 capture {"raw": "a5120201000000fc54fcec040dfb04000002", "label": "D2 capture", "kind": "short", "opcode": "0x02", "frag_index": null, "checksum_ok": true, "declared_length": 18}
2026-09-27T21:14:05.195+00:00 RX a5120201000000fc54fcec040dfb04000002 D2 capture {"raw": "a5120201000000fc54fcec040dfb04000002", "label": "D2 capture", "kind": "short", "opcode": "0x02", "frag_index": null, "checksum_ok": true, "declared_length": 18}
2026-09-27T21:14:05.208+00:00 RX a5120201000000fc54fcec040dfb04000002 D2 capture {"raw": "a5120201000000fc54fcec040dfb04000002", "label": "D2 capture", "kind": "short", "opcode": "0x02", "frag_index": null, "checksum_ok": true, "declared_length": 18}
2026-09-27T21:14:05.223+00:00 RX a5120201000000fc54fcec040dfb04000002 D2 capture {"raw": "a5120201000000fc54fcec040dfb04000002", "label": "D2 capture", "kind": "short", "opcode": "0x02", "frag_index": null, "checksum_ok": true, "declared_length": 18}
2026-09-27T21:14:05.241+00:00 RX a5120200000000fc54fcec040dfb04000001 D2 capture {"raw": "a5120200000000fc54fcec040dfb04000001", "label": "D2 capture", "kind": "short", "opcode": "0x02", "frag_index": null, "checksum_ok": true, "declared_length": 18}
2026-09-27T21:14:05.254+00:00 RX a5120200000000fc54fcec040dfb04000001 D2 capture {"raw": "a5120200000000fc54fcec040dfb04000001", "label": "D2 capture", "kind": "short", "opcode": "0x02", "frag_index": null, "checksum_ok": true, "declared_length": 18}
2026-09-27T21:14:05.275+00:00 RX a5120200000000fc54fcec040dfb04000001 D2 capture {"raw": "a5120200000000fc54fcec040dfb04000001", "label": "D2 capture", "kind": "short", "opcode": "0x02", "frag_index": null, "checksum_ok": true, "declared_length": 18}
2026-09-27T21:14:05.299+00:00 RX a5120200000000fc54fcec040dfb04000001 D2 capture {"raw": "a5120200000000fc54fcec040dfb04000001", "label": "D2 capture", "kind": "short", "opcode": "0x02", "frag_index": null, "checksum_ok": true, "declared_length": 18}
2026-09-27T21:14:05.299+00:00 RX a5120200000000fc54fcec040dfb04000001 D2 capture {"raw": "a5120200000000fc54fcec040dfb04000001", "label": "D2 capture", "kind": "short", "opcode": "0x02", "frag_index": null, "checksum_ok": true, "declared_length": 18}
2026-09-27T21:14:05.320+00:00 RX a5120200000000fc54fcec040dfb04000001 D2 capture {"raw": "a5120200000000fc54fcec040dfb04000001", "label": "D2 capture", "kind": "short", "opcode": "0x02", "frag_index": null, "checksum_ok": true, "declared_length": 18}
2026-09-27T21:14:05.335+00:00 RX a5120200000000fc54fcec040dfb04000001 D2 capture {"raw": "a5120200000000fc54fcec040dfb04000001", "label": "D2 capture", "kind": "short", "opcode": "0x02", "frag_index": null, "checksum_ok": true, "declared_length": 18}
2026-09-27T21:14:05.351+00:00 RX a5120200000000fc54fcec040dfb04000001 D2 capture {"raw": "a5120200000000fc54fcec040dfb04000001", "label": "D2 capture", "kind": "short", "opcode": "0x02", "frag_index": null, "checksum_ok": true, "declared_length": 18}
2026-09-27T21:14:05.375+00:00 RX a5120200000000fc54fcec040dfb04000001 D2 capture {"raw": "a5120200000000fc54fcec040dfb04000001", "label": "D2 capture", "kind": "short", "opcode": "0x02", "frag_index": null, "checksum_ok": true, "declared_length": 18}
2026-09-27T21:14:05.389+00:00 RX a5120200000000fc54fcec040dfb04000001 D2 capture {"raw": "a5120200000000fc54fcec040dfb04000001", "label": "D2 capture", "kind": "short", "opcode": "0x02", "frag_index": null, "checksum_ok": true, "declared_length": 18}
2026-09-27T21:14:05.404+00:00 RX a5120200000000fc54fcec040dfb04000001 D2 capture {"raw": "a5120200000000fc54fcec040dfb04000001", "label": "D2 capture", "kind": "short", "opcode": "0x02", "frag_index": null, "checksum_ok": true, "declared_length": 18}
2026-09-27T21:14:05.422+00:00 RX a5120200000000fc54fcec040dfb04000001 D2 capture {"raw": "a5120200000000fc54fcec040dfb04000001", "label": "D2 capture", "kind": "short", "opcode": "0x02", "frag_index": null, "checksum_ok": true, "declared_length": 18}
2026-09-27T21:14:05.434+00:00 RX a5120200000000fc54fcec040dfb04000001 D2 capture {"raw": "a5120200000000fc54fcec040dfb04000001", "label": "D2 capture", "kind": "short", "opcode": "0x02", "frag_index": null, "checksum_ok": true, "declared_length": 18}
2026-09-27T21:14:05.456+00:00 RX a5120200000000fc54fcec040dfb04000001 D2 capture {"raw": "a5120200000000fc54fcec040dfb04000001", "label": "D2 capture", "kind": "short", "opcode": "0x02", "frag_index": null, "checksum_ok": true, "declared_length": 18}
2026-09-27T21:14:05.480+00:00 RX a5120200000000fc54fcec040dfb04000001 D2 capture {"raw": "a5120200000000fc54fcec040dfb04000001", "label": "D2 capture", "kind": "short", "opcode": "0x02", "frag_index": null, "checksum_ok": true, "declared_length": 18}
2026-09-27T21:14:05.480+00:00 RX a5120200000000fc54fcec040dfb04000001 D2 capture {"raw": "a5120200000000fc54fcec040dfb04000001", "label": "D2 capture", "kind": "short", "opcode": "0x02", "frag_index": null, "checksum_ok": true, "declared_length": 18}
2026-09-27T21:14:05.501+00:00 RX a5120200000000fc54fcec040dfb04000001 D2 capture {"raw": "a5120200000000fc54fcec040dfb04000001", "label": "D2 capture", "kind": "short", "opcode": "0x02", "frag_index": null, "checksum_ok": true, "declared_length": 18}
2026-09-27T21:14:05.517+00:00 RX a5120200000000fc54fcec040dfb04000001 D2 capture {"raw": "a5120200000000fc54fcec040dfb04000001", "label": "D2 capture", "kind": "short", "opcode": "0x02", "frag_index": null, "checksum_ok": true, "declared_length": 18}
2026-09-27T21:14:05.532+00:00 RX a5120200000000fc54fcec040dfb04000001 D2 capture {"raw": "a5120200000000fc54fcec040dfb04000001", "label": "D2 capture", "kind": "short", "opcode": "0x02", "frag_index": null, "checksum_ok": true, "declared_length": 18}
2026-09-27T21:14:05.553+00:00 RX a5120200000000fc54fcec040dfb04000001 D2 capture {"raw": "a5120200000000fc54fcec040dfb04000001", "label": "D2 capture", "kind": "short", "opcode": "0x02", "frag_index": null, "checksum_ok": true, "declared_length": 18}
2026-09-27T21:14:05.576+00:00 RX a5120200000000fc54fcec040dfb04000001 D2 capture {"raw": "a5120200000000fc54fcec040dfb04000001", "label": "D2 capture", "kind": "short", "opcode": "0x02", "frag_index": null, "checksum_ok": true, "declared_length": 18}
2026-09-27T21:14:05.576+00:00 RX a5120200000000fc54fcec040dfb04000001 D2 capture {"raw": "a5120200000000fc54fcec040dfb04000001", "label": "D2 capture", "kind": "short", "opcode": "0x02", "frag_index": null, "checksum_ok": true, "declared_length": 18}
2026-09-27T21:14:05.598+00:00 RX a5120200000000fc54fcec040dfb04000001 D2 capture {"raw": "a5120200000000fc54fcec040dfb04000001", "label": "D2 capture", "kind": "short", "opcode": "0x02", "frag_index": null, "checksum_ok": true, "declared_length": 18}
2026-09-27T21:14:05.613+00:00 RX a5120200000000fc54fcec040dfb04000001 D2 capture {"raw": "a5120200000000fc54fcec040dfb04000001", "label": "D2 capture", "kind": "short", "opcode": "0x02", "frag_index": null, "checksum_ok": true, "declared_length": 18}
2026-09-27T21:14:05.630+00:00 RX a5120200000000fc54fcec040dfb04000001 D2 capture {"raw": "a5120200000000fc54fcec040dfb04000001", "label": "D2 capture", "kind": "short", "opcode": "0x02", "frag_index": null, "checksum_ok": true, "declared_length": 18}
2026-09-27T21:14:05.643+00:00 RX a5120200000000fc54fcec040dfb04000001 D2 capture {"raw": "a5120200000000fc54fcec040dfb04000001", "label": "D2 capture", "kind": "short", "opcode": "0x02", "frag_index": null, "checksum_ok": true, "declared_length": 18}
2026-09-27T21:14:05.660+00:00 RX a5120200000000fc54fcec040dfb04000001 D2 capture {"raw": "a5120200000000fc54fcec040dfb04000001", "label": "D2 capture", "kind": "short", "opcode": "0x02", "frag_index": null, "checksum_ok": true, "declared_length": 18}
2026-09-27T21:14:05.674+00:00 RX a5120200000000fc54fcec040dfb04000001 D2 capture {"raw": "a5120200000000fc54fcec040dfb04000001", "label": "D2 capture", "kind": "short", "opcode": "0x02", "frag_index": null, "checksum_ok": true, "declared_length": 18}
2026-09-27T21:14:05.690+00:00 RX a5120200000000fc54fcec040dfb04000001 D2 capture {"raw": "a5120200000000fc54fcec040dfb04000001", "label": "D2 capture", "kind": "short", "opcode": "0x02", "frag_index": null, "checksum_ok": true, "declared_length": 18}
2026-09-27T21:14:05.704+00:00 RX a5120200000000fc54fcec040dfb04000001 D2 capture {"raw": "a5120200000000fc54fcec040dfb04000001", "label": "D2 capture", "kind": "short", "opcode": "0x02", "frag_index": null, "checksum_ok": true, "declared_length": 18}
2026-09-27T21:14:05.719+00:00 RX a5120200000000fc54fcec040dfb04000001 D2 capture {"raw": "a5120200000000fc54fcec040dfb04000001", "label": "D2 capture", "kind": "short", "opcode": "0x02", "frag_index": null, "checksum_ok": true, "declared_length": 18}
2026-09-27T21:14:05.735+00:00 RX a5120200000000fc54fcec040dfb04000001 D2 capture {"raw": "a5120200000000fc54fcec040dfb04000001", "label": "D2 capture", "kind": "short", "opcode": "0x02", "frag_index": null, "checksum_ok": true, "declared_length": 18}
2026-09-27T21:14:05.748+00:00 RX a5120200000000fc54fcec040dfb04000001 D2 capture {"raw": "a5120200000000fc54fcec040dfb04000001", "label": "D2 capture", "kind": "short", "opcode": "0x02", "frag_index": null, "checksum_ok": true, "declared_length": 18}
2026-09-27T21:14:05.763+00:00 RX a5120200000000fc54fcec040dfb04000001 D2 capture {"raw": "a5120200000000fc54fcec040dfb04000001", "label": "D2 capture", "kind": "short", "opcode": "0x02", "frag_index": null, "checksum_ok": true, "declared_length": 18}
2026-09-27T21:14:05.779+00:00 RX a5120200000000fc54fcec040dfb04000001 D2 capture {"raw": "a5120200000000fc54fcec040dfb04000001", "label": "D2 capture", "kind": "short", "opcode": "0x02", "frag_index": null, "checksum_ok": true, "declared_length": 18}
2026-09-27T21:14:05.794+00:00 RX a5120200000000fc54fcec040dfb04000001 D2 capture {"raw": "a5120200000000fc54fcec040dfb04000001", "label": "D2 capture", "kind": "short", "opcode": "0x02", "frag_index": null, "checksum_ok": true, "declared_length": 18}
2026-09-27T21:14:05.808+00:00 RX a5120200000000fc54fcec040dfb04000001 D2 capture {"raw": "a5120200000000fc54fcec040dfb04000001", "label": "D2 capture", "kind": "short", "opcode": "0x02", "frag_index": null, "checksum_ok": true, "declared_length": 18}
2026-09-27T21:14:05.823+00:00 RX a5120200000000fc54fcec040dfb04000001 D2 capture {"raw": "a5120200000000fc54fcec040dfb04000001", "label": "D2 capture", "kind": "short", "opcode": "0x02", "frag_index": null, "checksum_ok": true, "declared_length": 18}
2026-09-27T21:14:05.846+00:00 RX a5120200000000fc54fcec040dfb04000001 D2 capture {"raw": "a5120200000000fc54fcec040dfb04000001", "label": "D2 capture", "kind": "short", "opcode": "0x02", "frag_index": null, "checksum_ok": true, "declared_length": 18}
2026-09-27T21:14:05.860+00:00 RX a5120200000000fc54fcec040dfb04000001 D2 capture {"raw": "a5120200000000fc54fcec040dfb04000001", "label": "D2 capture", "kind": "short", "opcode": "0x02", "frag_index": null, "checksum_ok": true, "declared_length": 18}
2026-09-27T21:14:05.876+00:00 RX a5120200000000fc54fcec040dfb04000001 D2 capture {"raw": "a5120200000000fc54fcec040dfb04000001", "label": "D2 capture", "kind": "short", "opcode": "0x02", "frag_index": null, "checksum_ok": true, "declared_length": 18}
2026-09-27T21:14:05.890+00:00 RX a5120200000000fc54fcec040dfb04000001 D2 capture {"raw": "a5120200000000fc54fcec040dfb04000001", "label": "D2 capture", "kind": "short", "opcode": "0x02", "frag_index": null, "checksum_ok": true, "declared_length": 18}
2026-09-27T21:14:05.908+00:00 RX a5120200000000fc54fcec040dfb04000001 D2 capture {"raw": "a5120200000000fc54fcec040dfb04000001", "label": "D2 capture", "kind": "short", "opcode": "0x02", "frag_index": null, "checksum_ok": true, "declared_length": 18}
2026-09-27T21:14:05.922+00:00 RX a5120200000000fc54fcec040dfb04000001 D2 capture {"raw": "a5120200000000fc54fcec040dfb04000001", "label": "D2 capture", "kind": "short", "opcode": "0x02", "frag_index": null, "checksum_ok": true, "declared_length": 18}
2026-09-27T21:14:05.937+00:00 RX a5120200000000fc54fcec040dfb04000001 D2 capture {"raw": "a5120200000000fc54fcec040dfb04000001", "label": "D2 capture", "kind": "short", "opcode": "0x02", "frag_index": null, "checksum_ok": true, "declared_length": 18}
2026-09-27T21:14:05.960+00:00 RX a5120200000000fc54fcec040dfb04000001 D2 capture {"raw": "a5120200000000fc54fcec040dfb04000001", "label": "D2 capture", "kind": "short", "opcode": "0x02", "frag_index": null, "checksum_ok": true, "declared_length": 18}
2026-09-27T21:14:05.974+00:00 RX a5120200000000fc54fcec040dfb04000001 D2 capture {"raw": "a5120200000000fc54fcec040dfb04000001", "label": "D2 capture", "kind": "short", "opcode": "0x02", "frag_index": null, "checksum_ok": true, "declared_length": 18}
2026-09-27T21:14:05.991+00:00 RX a5120200000000fc54fcec040dfb04000001 D2 capture {"raw": "a5120200000000fc54fcec040dfb04000001", "label": "D2 capture", "kind": "short", "opcode": "0x02", "frag_index": null, "checksum_ok": true, "declared_length": 18}
2026-09-27T21:14:06.011+00:00 RX a5120200000000fc54fcec040dfb04000001 D2 capture {"raw": "a5120200000000fc54fcec040dfb04000001", "label": "D2 capture", "kind": "short", "opcode": "0x02", "frag_index": null, "checksum_ok": true, "declared_length": 18}
2026-09-27T21:14:06.011+00:00 RX a5120200000000fc54fcec040dfb04000001 D2 capture {"raw": "a5120200000000fc54fcec040dfb04000001", "label": "D2 capture", "kind": "short", "opcode": "0x02", "frag_index": null, "checksum_ok": true, "declared_length": 18}
2026-09-27T21:14:06.035+00:00 RX a5120200000000fc54fcec040dfb04000001 D2 capture {"raw": "a5120200000000fc54fcec040dfb04000001", "label": "D2 capture", "kind": "short", "opcode": "0x02", "frag_index": null, "checksum_ok": true, "declared_length": 18}
2026-09-27T21:14:06.049+00:00 RX a5120200000000fc54fcec040dfb04000001 D2 capture {"raw": "a5120200000000fc54fcec040dfb04000001", "label": "D2 capture", "kind": "short", "opcode": "0x02", "frag_index": null, "checksum_ok": true, "declared_length": 18}
2026-09-27T21:14:06.065+00:00 RX a5120200000000fc54fcec040dfb04000001 D2 capture {"raw": "a5120200000000fc54fcec040dfb04000001", "label": "D2 capture", "kind": "short", "opcode": "0x02", "frag_index": null, "checksum_ok": true, "declared_length": 18}
2026-09-27T21:14:06.079+00:00 RX a5120200000000fc54fcec040dfb04000001 D2 capture {"raw": "a5120200000000fc54fcec040dfb04000001", "label": "D2 capture", "kind": "short", "opcode": "0x02", "frag_index": null, "checksum_ok": true, "declared_length": 18}
2026-09-27T21:14:06.093+00:00 RX a5120200000000fc54fcec040dfb04000001 D2 capture {"raw": "a5120200000000fc54fcec040dfb04000001", "label": "D2 capture", "kind": "short", "opcode": "0x02", "frag_index": null, "checksum_ok": true, "declared_length": 18}
2026-09-27T21:14:06.108+00:00 RX a5120200000000fc54fcec040dfb04000001 D2 capture {"raw": "a5120200000000fc54fcec040dfb04000001", "label": "D2 capture", "kind": "short", "opcode": "0x02", "frag_index": null, "checksum_ok": true, "declared_length": 18}
2026-09-27T21:14:06.139+00:00 RX a5120200000000fc54fcec040dfb04000001 D2 capture {"raw": "a5120200000000fc54fcec040dfb04000001", "label": "D2 capture", "kind": "short", "opcode": "0x02", "frag_index": null, "checksum_ok": true, "declared_length": 18}
2026-09-27T21:14:06.139+00:00 RX a5120200000000fc54fcec040dfb04000001 D2 capture {"raw": "a5120200000000fc54fcec040dfb04000001", "label": "D2 capture", "kind": "short", "opcode": "0x02", "frag_index": null, "checksum_ok": true, "declared_length": 18}
2026-09-27T21:14:06.160+00:00 RX a5120200000000fc54fcec040dfb04000001 D2 capture {"raw": "a5120200000000fc54fcec040dfb04000001", "label": "D2 capture", "kind": "short", "opcode": "0x02", "frag_index": null, "checksum_ok": true, "declared_length": 18}
2026-09-27T21:14:06.176+00:00 RX a5120200000000fc54fcec040dfb04000001 D2 capture {"raw": "a5120200000000fc54fcec040dfb04000001", "label": "D2 capture", "kind": "short", "opcode": "0x02", "frag_index": null, "checksum_ok": true, "declared_length": 18}
2026-09-27T21:14:06.191+00:00 RX a5120200000000fc54fcec040dfb04000001 D2 capture {"raw": "a5120200000000fc54fcec040dfb04000001", "label": "D2 capture", "kind": "short", "opcode": "0x02", "frag_index": null, "checksum_ok": true, "declared_length": 18}
2026-09-27T21:14:06.206+00:00 RX a5120200000000fc54fcec040dfb04000001 D2 capture {"raw": "a5120200000000fc54fcec040dfb04000001", "label": "D2 capture", "kind": "short", "opcode": "0x02", "frag_index": null, "checksum_ok": true, "declared_length": 18}
2026-09-27T21:14:06.221+00:00 RX a5120200000000fc54fcec040dfb04000001 D2 capture {"raw": "a5120200000000fc54fcec040dfb04000001", "label": "D2 capture", "kind": "short", "opcode": "0x02", "frag_index": null, "checksum_ok": true, "declared_length": 18}
2026-09-27T21:14:06.236+00:00 RX a5120200000000fc54fcec040dfb04000001 D2 capture {"raw": "a5120200000000fc54fcec040dfb04000001", "label": "D2 capture", "kind": "short", "opcode": "0x02", "frag_index": null, "checksum_ok": true, "declared_length": 18}
2026-09-27T21:14:06.259+00:00 RX a5120200000000fc54fcec040dfb04000001 D2 capture {"raw": "a5120200000000fc54fcec040dfb04000001", "label": "D2 capture", "kind": "short", "opcode": "0x02", "frag_index": null, "checksum_ok": true, "declared_length": 18}
2026-09-27T21:14:06.259+00:00 RX a5120200000000fc54fcec040dfb04000001 D2 capture {"raw": "a5120200000000fc54fcec040dfb04000001", "label": "D2 capture", "kind": "short", "opcode": "0x02", "frag_index": null, "checksum_ok": true, "declared_length": 18}
2026-09-27T21:14:06.281+00:00 RX a5120200000000fc54fcec040dfb04000001 D2 capture {"raw": "a5120200000000fc54fcec040dfb04000001", "label": "D2 capture", "kind": "short", "opcode": "0x02", "frag_index": null, "checksum_ok": true, "declared_length": 18}
2026-09-27T21:14:06.312+00:00 RX a5120200000000fc54fcec040dfb04000001 D2 capture {"raw": "a5120200000000fc54fcec040dfb04000001", "label": "D2 capture", "kind": "short", "opcode": "0x02", "frag_index": null, "checksum_ok": true, "declared_length": 18}
2026-09-27T21:14:06.312+00:00 RX a5120200000000fc54fcec040dfb04000001 D2 capture {"raw": "a5120200000000fc54fcec040dfb04000001", "label": "D2 capture", "kind": "short", "opcode": "0x02", "frag_index": null, "checksum_ok": true, "declared_length": 18}
2026-09-27T21:14:06.342+00:00 RX a5120200000000fc54fcec040dfb04000001 D2 capture {"raw": "a5120200000000fc54fcec040dfb04000001", "label": "D2 capture", "kind": "short", "opcode": "0x02", "frag_index": null, "checksum_ok": true, "declared_length": 18}
2026-09-27T21:14:06.343+00:00 RX a5120200000000fc54fcec040dfb04000001 D2 capture {"raw": "a5120200000000fc54fcec040dfb04000001", "label": "D2 capture", "kind": "short", "opcode": "0x02", "frag_index": null, "checksum_ok": true, "declared_length": 18}
2026-09-27T21:14:06.372+00:00 RX a5120200000000fc54fcec040dfb04000001 D2 capture {"raw": "a5120200000000fc54fcec040dfb04000001", "label": "D2 capture", "kind": "short", "opcode": "0x02", "frag_index": null, "checksum_ok": true, "declared_length": 18}
2026-09-27T21:14:06.372+00:00 RX a5120200000000fc54fcec040dfb04000001 D2 capture {"raw": "a5120200000000fc54fcec040dfb04000001", "label": "D2 capture", "kind": "short", "opcode": "0x02", "frag_index": null, "checksum_ok": true, "declared_length": 18}
2026-09-27T21:14:06.394+00:00 RX a5120200000000fc54fcec040dfb04000001 D2 capture {"raw": "a5120200000000fc54fcec040dfb04000001", "label": "D2 capture", "kind": "short", "opcode": "0x02", "frag_index": null, "checksum_ok": true, "declared_length": 18}
2026-09-27T21:14:06.415+00:00 RX a5120200000000fc54fcec040dfb04000001 D2 capture {"raw": "a5120200000000fc54fcec040dfb04000001", "label": "D2 capture", "kind": "short", "opcode": "0x02", "frag_index": null, "checksum_ok": true, "declared_length": 18}
2026-09-27T21:14:06.432+00:00 RX a5120200000000fc54fcec040dfb04000001 D2 capture {"raw": "a5120200000000fc54fcec040dfb04000001", "label": "D2 capture", "kind": "short", "opcode": "0x02", "frag_index": null, "checksum_ok": true, "declared_length": 18}
2026-09-27T21:14:06.874+00:00 RX a5120202000000fc54fcec040dfb04000003 D2 capture {"raw": "a5120202000000fc54fcec040dfb04000003", "label": "D2 capture", "kind": "short", "opcode": "0x02", "frag_index": null, "checksum_ok": true, "declared_length": 18}
2026-09-27T21:14:06.890+00:00 RX a5120202000000fc54fcec040dfb04000003 D2 capture {"raw": "a5120202000000fc54fcec040dfb04000003", "label": "D2 capture", "kind": "short", "opcode": "0x02", "frag_index": null, "checksum_ok": true, "declared_length": 18}
2026-09-27T21:14:06.911+00:00 RX a5120202000000fc54fcec040dfb04000003 D2 capture {"raw": "a5120202000000fc54fcec040dfb04000003", "label": "D2 capture", "kind": "short", "opcode": "0x02", "frag_index": null, "checksum_ok": true, "declared_length": 18}
2026-09-27T21:14:06.925+00:00 RX a5120202000000fc54fcec040dfb04000003 D2 capture {"raw": "a5120202000000fc54fcec040dfb04000003", "label": "D2 capture", "kind": "short", "opcode": "0x02", "frag_index": null, "checksum_ok": true, "declared_length": 18}
2026-09-27T21:14:06.941+00:00 RX a5120202000000fc54fcec040dfb04000003 D2 capture {"raw": "a5120202000000fc54fcec040dfb04000003", "label": "D2 capture", "kind": "short", "opcode": "0x02", "frag_index": null, "checksum_ok": true, "declared_length": 18}
2026-09-27T21:14:06.955+00:00 RX a5120202000000fc54fcec040dfb04000003 D2 capture {"raw": "a5120202000000fc54fcec040dfb04000003", "label": "D2 capture", "kind": "short", "opcode": "0x02", "frag_index": null, "checksum_ok": true, "declared_length": 18}
2026-09-27T21:14:06.970+00:00 RX a5120202000000fc54fcec040dfb04000003 D2 capture {"raw": "a5120202000000fc54fcec040dfb04000003", "label": "D2 capture", "kind": "short", "opcode": "0x02", "frag_index": null, "checksum_ok": true, "declared_length": 18}
2026-09-27T21:14:06.987+00:00 RX a5120202000000fc54fcec040dfb04000003 D2 capture {"raw": "a5120202000000fc54fcec040dfb04000003", "label": "D2 capture", "kind": "short", "opcode": "0x02", "frag_index": null, "checksum_ok": true, "declared_length": 18}
2026-09-27T21:14:07.011+00:00 RX a5120202000000fc54fcec040dfb04000003 D2 capture {"raw": "a5120202000000fc54fcec040dfb04000003", "label": "D2 capture", "kind": "short", "opcode": "0x02", "frag_index": null, "checksum_ok": true, "declared_length": 18}
2026-09-27T21:14:07.026+00:00 RX a5120202000000fc54fcec040dfb04000003 D2 capture {"raw": "a5120202000000fc54fcec040dfb04000003", "label": "D2 capture", "kind": "short", "opcode": "0x02", "frag_index": null, "checksum_ok": true, "declared_length": 18}
2026-09-27T21:14:07.039+00:00 RX a5120202000000fc54fcec040dfb04000003 D2 capture {"raw": "a5120202000000fc54fcec040dfb04000003", "label": "D2 capture", "kind": "short", "opcode": "0x02", "frag_index": null, "checksum_ok": true, "declared_length": 18}
2026-09-27T21:14:07.055+00:00 RX a5120202000000fc54fcec040dfb04000003 D2 capture {"raw": "a5120202000000fc54fcec040dfb04000003", "label": "D2 capture", "kind": "short", "opcode": "0x02", "frag_index": null, "checksum_ok": true, "declared_length": 18}
2026-09-27T21:14:07.070+00:00 RX a5120202000000fc54fcec040dfb04000003 D2 capture {"raw": "a5120202000000fc54fcec040dfb04000003", "label": "D2 capture", "kind": "short", "opcode": "0x02", "frag_index": null, "checksum_ok": true, "declared_length": 18}
2026-09-27T21:14:07.085+00:00 RX a5120202000000fc54fcec040dfb04000003 D2 capture {"raw": "a5120202000000fc54fcec040dfb04000003", "label": "D2 capture", "kind": "short", "opcode": "0x02", "frag_index": null, "checksum_ok": true, "declared_length": 18}
2026-09-27T21:14:07.105+00:00 RX a5120202000000fc54fcec040dfb04000003 D2 capture {"raw": "a5120202000000fc54fcec040dfb04000003", "label": "D2 capture", "kind": "short", "opcode": "0x02", "frag_index": null, "checksum_ok": true, "declared_length": 18}
2026-09-27T21:14:07.121+00:00 RX a5120202000000fc54fcec040dfb04000003 D2 capture {"raw": "a5120202000000fc54fcec040dfb04000003", "label": "D2 capture", "kind": "short", "opcode": "0x02", "frag_index": null, "checksum_ok": true, "declared_length": 18}
2026-09-27T21:14:07.144+00:00 RX a5120202000000fc54fcec040dfb04000003 D2 capture {"raw": "a5120202000000fc54fcec040dfb04000003", "label": "D2 capture", "kind": "short", "opcode": "0x02", "frag_index": null, "checksum_ok": true, "declared_length": 18}
2026-09-27T21:14:07.145+00:00 RX a5120202000000fc54fcec040dfb04000003 D2 capture {"raw": "a5120202000000fc54fcec040dfb04000003", "label": "D2 capture", "kind": "short", "opcode": "0x02", "frag_index": null, "checksum_ok": true, "declared_length": 18}
2026-09-27T21:14:07.166+00:00 RX a5120202000000fc54fcec040dfb04000003 D2 capture {"raw": "a5120202000000fc54fcec040dfb04000003", "label": "D2 capture", "kind": "short", "opcode": "0x02", "frag_index": null, "checksum_ok": true, "declared_length": 18}
2026-09-27T21:14:07.181+00:00 RX a5120202000000fc54fcec040dfb04000003 D2 capture {"raw": "a5120202000000fc54fcec040dfb04000003", "label": "D2 capture", "kind": "short", "opcode": "0x02", "frag_index": null, "checksum_ok": true, "declared_length": 18}
2026-09-27T21:14:07.203+00:00 RX a5120202000000fc54fcec040dfb04000003 D2 capture {"raw": "a5120202000000fc54fcec040dfb04000003", "label": "D2 capture", "kind": "short", "opcode": "0x02", "frag_index": null, "checksum_ok": true, "declared_length": 18}
2026-09-27T21:14:07.204+00:00 RX a5120202000000fc54fcec040dfb04000003 D2 capture {"raw": "a5120202000000fc54fcec040dfb04000003", "label": "D2 capture", "kind": "short", "opcode": "0x02", "frag_index": null, "checksum_ok": true, "declared_length": 18}
2026-09-27T21:14:07.233+00:00 RX a5120202000000fc54fcec040dfb04000003 D2 capture {"raw": "a5120202000000fc54fcec040dfb04000003", "label": "D2 capture", "kind": "short", "opcode": "0x02", "frag_index": null, "checksum_ok": true, "declared_length": 18}
2026-09-27T21:14:07.249+00:00 RX a5120202000000fc54fcec040dfb04000003 D2 capture {"raw": "a5120202000000fc54fcec040dfb04000003", "label": "D2 capture", "kind": "short", "opcode": "0x02", "frag_index": null, "checksum_ok": true, "declared_length": 18}
2026-09-27T21:14:07.264+00:00 RX a5120200000000fc54fcec040dfb04000001 D2 capture {"raw": "a5120200000000fc54fcec040dfb04000001", "label": "D2 capture", "kind": "short", "opcode": "0x02", "frag_index": null, "checksum_ok": true, "declared_length": 18}
2026-09-27T21:14:07.279+00:00 RX a5120200000000fc54fcec040dfb04000001 D2 capture {"raw": "a5120200000000fc54fcec040dfb04000001", "label": "D2 capture", "kind": "short", "opcode": "0x02", "frag_index": null, "checksum_ok": true, "declared_length": 18}
2026-09-27T21:14:07.295+00:00 RX a5120200000000fc54fcec040dfb04000001 D2 capture {"raw": "a5120200000000fc54fcec040dfb04000001", "label": "D2 capture", "kind": "short", "opcode": "0x02", "frag_index": null, "checksum_ok": true, "declared_length": 18}
2026-09-27T21:14:07.316+00:00 RX a5120200000000fc54fcec040dfb04000001 D2 capture {"raw": "a5120200000000fc54fcec040dfb04000001", "label": "D2 capture", "kind": "short", "opcode": "0x02", "frag_index": null, "checksum_ok": true, "declared_length": 18}
2026-09-27T21:14:07.332+00:00 RX a5120200000000fc54fcec040dfb04000001 D2 capture {"raw": "a5120200000000fc54fcec040dfb04000001", "label": "D2 capture", "kind": "short", "opcode": "0x02", "frag_index": null, "checksum_ok": true, "declared_length": 18}
2026-09-27T21:14:07.346+00:00 RX a5120200000000fc54fcec040dfb04000001 D2 capture {"raw": "a5120200000000fc54fcec040dfb04000001", "label": "D2 capture", "kind": "short", "opcode": "0x02", "frag_index": null, "checksum_ok": true, "declared_length": 18}
2026-09-27T21:14:07.368+00:00 RX a5120200000000fc54fcec040dfb04000001 D2 capture {"raw": "a5120200000000fc54fcec040dfb04000001", "label": "D2 capture", "kind": "short", "opcode": "0x02", "frag_index": null, "checksum_ok": true, "declared_length": 18}
2026-09-27T21:14:07.368+00:00 RX a5120200000000fc54fcec040dfb04000001 D2 capture {"raw": "a5120200000000fc54fcec040dfb04000001", "label": "D2 capture", "kind": "short", "opcode": "0x02", "frag_index": null, "checksum_ok": true, "declared_length": 18}
2026-09-27T21:14:07.392+00:00 RX a5120200000000fc54fcec040dfb04000001 D2 capture {"raw": "a5120200000000fc54fcec040dfb04000001", "label": "D2 capture", "kind": "short", "opcode": "0x02", "frag_index": null, "checksum_ok": true, "declared_length": 18}
2026-09-27T21:14:07.415+00:00 RX a5120200000000fc54fcec040dfb04000001 D2 capture {"raw": "a5120200000000fc54fcec040dfb04000001", "label": "D2 capture", "kind": "short", "opcode": "0x02", "frag_index": null, "checksum_ok": true, "declared_length": 18}
2026-09-27T21:14:07.428+00:00 RX a5120200000000fc54fcec040dfb04000001 D2 capture {"raw": "a5120200000000fc54fcec040dfb04000001", "label": "D2 capture", "kind": "short", "opcode": "0x02", "frag_index": null, "checksum_ok": true, "declared_length": 18}
2026-09-27T21:14:07.452+00:00 RX a5120200000000fc54fcec040dfb04000001 D2 capture {"raw": "a5120200000000fc54fcec040dfb04000001", "label": "D2 capture", "kind": "short", "opcode": "0x02", "frag_index": null, "checksum_ok": true, "declared_length": 18}
2026-09-27T21:14:07.452+00:00 RX a5120200000000fc54fcec040dfb04000001 D2 capture {"raw": "a5120200000000fc54fcec040dfb04000001", "label": "D2 capture", "kind": "short", "opcode": "0x02", "frag_index": null, "checksum_ok": true, "declared_length": 18}
2026-09-27T21:14:07.488+00:00 RX a5120200000000fc54fcec040dfb04000001 D2 capture {"raw": "a5120200000000fc54fcec040dfb04000001", "label": "D2 capture", "kind": "short", "opcode": "0x02", "frag_index": null, "checksum_ok": true, "declared_length": 18}
2026-09-27T21:14:07.488+00:00 RX a5120200000000fc54fcec040dfb04000001 D2 capture {"raw": "a5120200000000fc54fcec040dfb04000001", "label": "D2 capture", "kind": "short", "opcode": "0x02", "frag_index": null, "checksum_ok": true, "declared_length": 18}
2026-09-27T21:14:07.504+00:00 RX a5120200000000fc54fcec040dfb04000001 D2 capture {"raw": "a5120200000000fc54fcec040dfb04000001", "label": "D2 capture", "kind": "short", "opcode": "0x02", "frag_index": null, "checksum_ok": true, "declared_length": 18}
2026-09-27T21:14:07.525+00:00 RX a5120200000000fc54fcec040dfb04000001 D2 capture {"raw": "a5120200000000fc54fcec040dfb04000001", "label": "D2 capture", "kind": "short", "opcode": "0x02", "frag_index": null, "checksum_ok": true, "declared_length": 18}
2026-09-27T21:14:07.542+00:00 RX a5120200000000fc54fcec040dfb04000001 D2 capture {"raw": "a5120200000000fc54fcec040dfb04000001", "label": "D2 capture", "kind": "short", "opcode": "0x02", "frag_index": null, "checksum_ok": true, "declared_length": 18}
2026-09-27T21:14:07.564+00:00 RX a5120200000000fc54fcec040dfb04000001 D2 capture {"raw": "a5120200000000fc54fcec040dfb04000001", "label": "D2 capture", "kind": "short", "opcode": "0x02", "frag_index": null, "checksum_ok": true, "declared_length": 18}
2026-09-27T21:14:07.564+00:00 RX a5120200000000fc54fcec040dfb04000001 D2 capture {"raw": "a5120200000000fc54fcec040dfb04000001", "label": "D2 capture", "kind": "short", "opcode": "0x02", "frag_index": null, "checksum_ok": true, "declared_length": 18}
2026-09-27T21:14:07.595+00:00 RX a5120200000000fc54fcec040dfb04000001 D2 capture {"raw": "a5120200000000fc54fcec040dfb04000001", "label": "D2 capture", "kind": "short", "opcode": "0x02", "frag_index": null, "checksum_ok": true, "declared_length": 18}
2026-09-27T21:14:07.595+00:00 RX a5120200000000fc54fcec040dfb04000001 D2 capture {"raw": "a5120200000000fc54fcec040dfb04000001", "label": "D2 capture", "kind": "short", "opcode": "0x02", "frag_index": null, "checksum_ok": true, "declared_length": 18}
2026-09-27T21:14:07.625+00:00 RX a5120200000000fc54fcec040dfb04000001 D2 capture {"raw": "a5120200000000fc54fcec040dfb04000001", "label": "D2 capture", "kind": "short", "opcode": "0x02", "frag_index": null, "checksum_ok": true, "declared_length": 18}
2026-09-27T21:14:07.640+00:00 RX a5120200000000fc54fcec040dfb04000001 D2 capture {"raw": "a5120200000000fc54fcec040dfb04000001", "label": "D2 capture", "kind": "short", "opcode": "0x02", "frag_index": null, "checksum_ok": true, "declared_length": 18}
2026-09-27T21:14:07.656+00:00 RX a5120200000000fc54fcec040dfb04000001 D2 capture {"raw": "a5120200000000fc54fcec040dfb04000001", "label": "D2 capture", "kind": "short", "opcode": "0x02", "frag_index": null, "checksum_ok": true, "declared_length": 18}
2026-09-27T21:14:07.678+00:00 RX a5120200000000fc54fcec040dfb04000001 D2 capture {"raw": "a5120200000000fc54fcec040dfb04000001", "label": "D2 capture", "kind": "short", "opcode": "0x02", "frag_index": null, "checksum_ok": true, "declared_length": 18}
2026-09-27T21:14:07.678+00:00 RX a5120200000000fc54fcec040dfb04000001 D2 capture {"raw": "a5120200000000fc54fcec040dfb04000001", "label": "D2 capture", "kind": "short", "opcode": "0x02", "frag_index": null, "checksum_ok": true, "declared_length": 18}
2026-09-27T21:14:07.705+00:00 RX a5120200000000fc54fcec040dfb04000001 D2 capture {"raw": "a5120200000000fc54fcec040dfb04000001", "label": "D2 capture", "kind": "short", "opcode": "0x02", "frag_index": null, "checksum_ok": true, "declared_length": 18}
2026-09-27T21:14:07.705+00:00 RX a5120200000000fc54fcec040dfb04000001 D2 capture {"raw": "a5120200000000fc54fcec040dfb04000001", "label": "D2 capture", "kind": "short", "opcode": "0x02", "frag_index": null, "checksum_ok": true, "declared_length": 18}
2026-09-27T21:14:07.728+00:00 RX a5120200000000fc54fcec040dfb04000001 D2 capture {"raw": "a5120200000000fc54fcec040dfb04000001", "label": "D2 capture", "kind": "short", "opcode": "0x02", "frag_index": null, "checksum_ok": true, "declared_length": 18}
2026-09-27T21:14:07.743+00:00 RX a5120200000000fc54fcec040dfb04000001 D2 capture {"raw": "a5120200000000fc54fcec040dfb04000001", "label": "D2 capture", "kind": "short", "opcode": "0x02", "frag_index": null, "checksum_ok": true, "declared_length": 18}
2026-09-27T21:14:07.758+00:00 RX a5120200000000fc54fcec040dfb04000001 D2 capture {"raw": "a5120200000000fc54fcec040dfb04000001", "label": "D2 capture", "kind": "short", "opcode": "0x02", "frag_index": null, "checksum_ok": true, "declared_length": 18}
2026-09-27T21:14:07.781+00:00 RX a5120200000000fc54fcec040dfb04000001 D2 capture {"raw": "a5120200000000fc54fcec040dfb04000001", "label": "D2 capture", "kind": "short", "opcode": "0x02", "frag_index": null, "checksum_ok": true, "declared_length": 18}
2026-09-27T21:14:07.796+00:00 RX a5120200000000fc54fcec040dfb04000001 D2 capture {"raw": "a5120200000000fc54fcec040dfb04000001", "label": "D2 capture", "kind": "short", "opcode": "0x02", "frag_index": null, "checksum_ok": true, "declared_length": 18}
2026-09-27T21:14:07.810+00:00 RX a5120200000000fc54fcec040dfb04000001 D2 capture {"raw": "a5120200000000fc54fcec040dfb04000001", "label": "D2 capture", "kind": "short", "opcode": "0x02", "frag_index": null, "checksum_ok": true, "declared_length": 18}
2026-09-27T21:14:07.827+00:00 RX a5120200000000fc54fcec040dfb04000001 D2 capture {"raw": "a5120200000000fc54fcec040dfb04000001", "label": "D2 capture", "kind": "short", "opcode": "0x02", "frag_index": null, "checksum_ok": true, "declared_length": 18}
2026-09-27T21:14:07.841+00:00 RX a5120200000000fc54fcec040dfb04000001 D2 capture {"raw": "a5120200000000fc54fcec040dfb04000001", "label": "D2 capture", "kind": "short", "opcode": "0x02", "frag_index": null, "checksum_ok": true, "declared_length": 18}
2026-09-27T21:14:07.857+00:00 RX a5120200000000fc54fcec040dfb04000001 D2 capture {"raw": "a5120200000000fc54fcec040dfb04000001", "label": "D2 capture", "kind": "short", "opcode": "0x02", "frag_index": null, "checksum_ok": true, "declared_length": 18}
2026-09-27T21:14:07.872+00:00 RX a5120200000000fc54fcec040dfb04000001 D2 capture {"raw": "a5120200000000fc54fcec040dfb04000001", "label": "D2 capture", "kind": "short", "opcode": "0x02", "frag_index": null, "checksum_ok": true, "declared_length": 18}
2026-09-27T21:14:07.887+00:00 RX a5120200000000fc54fcec040dfb04000001 D2 capture {"raw": "a5120200000000fc54fcec040dfb04000001", "label": "D2 capture", "kind": "short", "opcode": "0x02", "frag_index": null, "checksum_ok": true, "declared_length": 18}
2026-09-27T21:14:07.900+00:00 RX a5120200000000fc54fcec040dfb04000001 D2 capture {"raw": "a5120200000000fc54fcec040dfb04000001", "label": "D2 capture", "kind": "short", "opcode": "0x02", "frag_index": null, "checksum_ok": true, "declared_length": 18}
2026-09-27T21:14:07.915+00:00 RX a5120200000000fc54fcec040dfb04000001 D2 capture {"raw": "a5120200000000fc54fcec040dfb04000001", "label": "D2 capture", "kind": "short", "opcode": "0x02", "frag_index": null, "checksum_ok": true, "declared_length": 18}
2026-09-27T21:14:07.931+00:00 RX a5120200000000fc54fcec040dfb04000001 D2 capture {"raw": "a5120200000000fc54fcec040dfb04000001", "label": "D2 capture", "kind": "short", "opcode": "0x02", "frag_index": null, "checksum_ok": true, "declared_length": 18}
2026-09-27T21:14:07.953+00:00 RX a5120200000000fc54fcec040dfb04000001 D2 capture {"raw": "a5120200000000fc54fcec040dfb04000001", "label": "D2 capture", "kind": "short", "opcode": "0x02", "frag_index": null, "checksum_ok": true, "declared_length": 18}
2026-09-27T21:14:07.954+00:00 RX a5120200000000fc54fcec040dfb04000001 D2 capture {"raw": "a5120200000000fc54fcec040dfb04000001", "label": "D2 capture", "kind": "short", "opcode": "0x02", "frag_index": null, "checksum_ok": true, "declared_length": 18}
2026-09-27T21:14:07.984+00:00 RX a5120200000000fc54fcec040dfb04000001 D2 capture {"raw": "a5120200000000fc54fcec040dfb04000001", "label": "D2 capture", "kind": "short", "opcode": "0x02", "frag_index": null, "checksum_ok": true, "declared_length": 18}
2026-09-27T21:14:07.984+00:00 RX a5120200000000fc54fcec040dfb04000001 D2 capture {"raw": "a5120200000000fc54fcec040dfb04000001", "label": "D2 capture", "kind": "short", "opcode": "0x02", "frag_index": null, "checksum_ok": true, "declared_length": 18}
2026-09-27T21:14:08.006+00:00 RX a5120200000000fc54fcec040dfb04000001 D2 capture {"raw": "a5120200000000fc54fcec040dfb04000001", "label": "D2 capture", "kind": "short", "opcode": "0x02", "frag_index": null, "checksum_ok": true, "declared_length": 18}
2026-09-27T21:14:08.028+00:00 RX a5120200000000fc54fcec040dfb04000001 D2 capture {"raw": "a5120200000000fc54fcec040dfb04000001", "label": "D2 capture", "kind": "short", "opcode": "0x02", "frag_index": null, "checksum_ok": true, "declared_length": 18}
2026-09-27T21:14:08.043+00:00 RX a5120200000000fc54fcec040dfb04000001 D2 capture {"raw": "a5120200000000fc54fcec040dfb04000001", "label": "D2 capture", "kind": "short", "opcode": "0x02", "frag_index": null, "checksum_ok": true, "declared_length": 18}
2026-09-27T21:14:08.065+00:00 RX a5120200000000fc54fcec040dfb04000001 D2 capture {"raw": "a5120200000000fc54fcec040dfb04000001", "label": "D2 capture", "kind": "short", "opcode": "0x02", "frag_index": null, "checksum_ok": true, "declared_length": 18}
2026-09-27T21:14:08.066+00:00 RX a5120200000000fc54fcec040dfb04000001 D2 capture {"raw": "a5120200000000fc54fcec040dfb04000001", "label": "D2 capture", "kind": "short", "opcode": "0x02", "frag_index": null, "checksum_ok": true, "declared_length": 18}
2026-09-27T21:14:08.089+00:00 RX a5120200000000fc54fcec040dfb04000001 D2 capture {"raw": "a5120200000000fc54fcec040dfb04000001", "label": "D2 capture", "kind": "short", "opcode": "0x02", "frag_index": null, "checksum_ok": true, "declared_length": 18}
2026-09-27T21:14:08.103+00:00 RX a5120200000000fc54fcec040dfb04000001 D2 capture {"raw": "a5120200000000fc54fcec040dfb04000001", "label": "D2 capture", "kind": "short", "opcode": "0x02", "frag_index": null, "checksum_ok": true, "declared_length": 18}
2026-09-27T21:14:08.127+00:00 RX a5120200000000fc54fcec040dfb04000001 D2 capture {"raw": "a5120200000000fc54fcec040dfb04000001", "label": "D2 capture", "kind": "short", "opcode": "0x02", "frag_index": null, "checksum_ok": true, "declared_length": 18}
2026-09-27T21:14:08.142+00:00 RX a5120200000000fc54fcec040dfb04000001 D2 capture {"raw": "a5120200000000fc54fcec040dfb04000001", "label": "D2 capture", "kind": "short", "opcode": "0x02", "frag_index": null, "checksum_ok": true, "declared_length": 18}
2026-09-27T21:14:08.155+00:00 RX a5120200000000fc54fcec040dfb04000001 D2 capture {"raw": "a5120200000000fc54fcec040dfb04000001", "label": "D2 capture", "kind": "short", "opcode": "0x02", "frag_index": null, "checksum_ok": true, "declared_length": 18}
2026-09-27T21:14:08.172+00:00 RX a5120200000000fc54fcec040dfb04000001 D2 capture {"raw": "a5120200000000fc54fcec040dfb04000001", "label": "D2 capture", "kind": "short", "opcode": "0x02", "frag_index": null, "checksum_ok": true, "declared_length": 18}
2026-09-27T21:14:08.185+00:00 RX a5120200000000fc54fcec040dfb04000001 D2 capture {"raw": "a5120200000000fc54fcec040dfb04000001", "label": "D2 capture", "kind": "short", "opcode": "0x02", "frag_index": null, "checksum_ok": true, "declared_length": 18}
2026-09-27T21:14:08.201+00:00 RX a5120200000000fc54fcec040dfb04000001 D2 capture {"raw": "a5120200000000fc54fcec040dfb04000001", "label": "D2 capture", "kind": "short", "opcode": "0x02", "frag_index": null, "checksum_ok": true, "declared_length": 18}
2026-09-27T21:14:08.216+00:00 RX a5120200000000fc54fcec040dfb04000001 D2 capture {"raw": "a5120200000000fc54fcec040dfb04000001", "label": "D2 capture", "kind": "short", "opcode": "0x02", "frag_index": null, "checksum_ok": true, "declared_length": 18}
2026-09-27T21:14:08.231+00:00 RX a5120200000000fc54fcec040dfb04000001 D2 capture {"raw": "a5120200000000fc54fcec040dfb04000001", "label": "D2 capture", "kind": "short", "opcode": "0x02", "frag_index": null, "checksum_ok": true, "declared_length": 18}
2026-09-27T21:14:08.254+00:00 RX a5120200000000fc54fcec040dfb04000001 D2 capture {"raw": "a5120200000000fc54fcec040dfb04000001", "label": "D2 capture", "kind": "short", "opcode": "0x02", "frag_index": null, "checksum_ok": true, "declared_length": 18}
2026-09-27T21:14:08.270+00:00 RX a5120200000000fc54fcec040dfb04000001 D2 capture {"raw": "a5120200000000fc54fcec040dfb04000001", "label": "D2 capture", "kind": "short", "opcode": "0x02", "frag_index": null, "checksum_ok": true, "declared_length": 18}
2026-09-27T21:14:08.283+00:00 RX a5120200000000fc54fcec040dfb04000001 D2 capture {"raw": "a5120200000000fc54fcec040dfb04000001", "label": "D2 capture", "kind": "short", "opcode": "0x02", "frag_index": null, "checksum_ok": true, "declared_length": 18}
2026-09-27T21:14:08.298+00:00 RX a5120200000000fc54fcec040dfb04000001 D2 capture {"raw": "a5120200000000fc54fcec040dfb04000001", "label": "D2 capture", "kind": "short", "opcode": "0x02", "frag_index": null, "checksum_ok": true, "declared_length": 18}
2026-09-27T21:14:08.313+00:00 RX a5120200000000fc54fcec040dfb04000001 D2 capture {"raw": "a5120200000000fc54fcec040dfb04000001", "label": "D2 capture", "kind": "short", "opcode": "0x02", "frag_index": null, "checksum_ok": true, "declared_length": 18}
2026-09-27T21:14:08.352+00:00 RX a5120200000000fc54fcec040dfb04000001 D2 capture {"raw": "a5120200000000fc54fcec040dfb04000001", "label": "D2 capture", "kind": "short", "opcode": "0x02", "frag_index": null, "checksum_ok": true, "declared_length": 18}
2026-09-27T21:14:08.352+00:00 RX a5120200000000fc54fcec040dfb04000001 D2 capture {"raw": "a5120200000000fc54fcec040dfb04000001", "label": "D2 capture", "kind": "short", "opcode": "0x02", "frag_index": null, "checksum_ok": true, "declared_length": 18}
2026-09-27T21:14:08.367+00:00 RX a5120200000000fc54fcec040dfb04000001 D2 capture {"raw": "a5120200000000fc54fcec040dfb04000001", "label": "D2 capture", "kind": "short", "opcode": "0x02", "frag_index": null, "checksum_ok": true, "declared_length": 18}
2026-09-27T21:14:08.381+00:00 RX a5120200000000fc54fcec040dfb04000001 D2 capture {"raw": "a5120200000000fc54fcec040dfb04000001", "label": "D2 capture", "kind": "short", "opcode": "0x02", "frag_index": null, "checksum_ok": true, "declared_length": 18}
2026-09-27T21:14:08.396+00:00 RX a5120200000000fc54fcec040dfb04000001 D2 capture {"raw": "a5120200000000fc54fcec040dfb04000001", "label": "D2 capture", "kind": "short", "opcode": "0x02", "frag_index": null, "checksum_ok": true, "declared_length": 18}
2026-09-27T21:14:08.411+00:00 RX a5120200000000fc54fcec040dfb04000001 D2 capture {"raw": "a5120200000000fc54fcec040dfb04000001", "label": "D2 capture", "kind": "short", "opcode": "0x02", "frag_index": null, "checksum_ok": true, "declared_length": 18}
2026-09-27T21:14:08.426+00:00 RX a5120200000000fc54fcec040dfb04000001 D2 capture {"raw": "a5120200000000fc54fcec040dfb04000001", "label": "D2 capture", "kind": "short", "opcode": "0x02", "frag_index": null, "checksum_ok": true, "declared_length": 18}
2026-09-27T21:14:08.441+00:00 RX a5120200000000fc54fcec040dfb04000001 D2 capture {"raw": "a5120200000000fc54fcec040dfb04000001", "label": "D2 capture", "kind": "short", "opcode": "0x02", "frag_index": null, "checksum_ok": true, "declared_length": 18}
2026-09-27T21:14:08.456+00:00 RX a5120200000000fc54fcec040dfb04000001 D2 capture {"raw": "a5120200000000fc54fcec040dfb04000001", "label": "D2 capture", "kind": "short", "opcode": "0x02", "frag_index": null, "checksum_ok": true, "declared_length": 18}
2026-09-27T21:14:08.667+00:00 RX a5120204000000fc54fcec040dfb04000005 D2 capture {"raw": "a5120204000000fc54fcec040dfb04000005", "label": "D2 capture", "kind": "short", "opcode": "0x02", "frag_index": null, "checksum_ok": true, "declared_length": 18}
2026-09-27T21:14:08.681+00:00 RX a5120204000000fc54fcec040dfb04000005 D2 capture {"raw": "a5120204000000fc54fcec040dfb04000005", "label": "D2 capture", "kind": "short", "opcode": "0x02", "frag_index": null, "checksum_ok": true, "declared_length": 18}
2026-09-27T21:14:08.695+00:00 RX a5120204000000fc54fcec040dfb04000005 D2 capture {"raw": "a5120204000000fc54fcec040dfb04000005", "label": "D2 capture", "kind": "short", "opcode": "0x02", "frag_index": null, "checksum_ok": true, "declared_length": 18}
2026-09-27T21:14:08.712+00:00 RX a5120204000000fc54fcec040dfb04000005 D2 capture {"raw": "a5120204000000fc54fcec040dfb04000005", "label": "D2 capture", "kind": "short", "opcode": "0x02", "frag_index": null, "checksum_ok": true, "declared_length": 18}
2026-09-27T21:14:08.725+00:00 RX a5120204000000fc54fcec040dfb04000005 D2 capture {"raw": "a5120204000000fc54fcec040dfb04000005", "label": "D2 capture", "kind": "short", "opcode": "0x02", "frag_index": null, "checksum_ok": true, "declared_length": 18}
2026-09-27T21:14:08.741+00:00 RX a5120204000000fc54fcec040dfb04000005 D2 capture {"raw": "a5120204000000fc54fcec040dfb04000005", "label": "D2 capture", "kind": "short", "opcode": "0x02", "frag_index": null, "checksum_ok": true, "declared_length": 18}
2026-09-27T21:14:08.764+00:00 RX a5120204000000fc54fcec040dfb04000005 D2 capture {"raw": "a5120204000000fc54fcec040dfb04000005", "label": "D2 capture", "kind": "short", "opcode": "0x02", "frag_index": null, "checksum_ok": true, "declared_length": 18}
2026-09-27T21:14:08.778+00:00 RX a5120204000000fc54fcec040dfb04000005 D2 capture {"raw": "a5120204000000fc54fcec040dfb04000005", "label": "D2 capture", "kind": "short", "opcode": "0x02", "frag_index": null, "checksum_ok": true, "declared_length": 18}
2026-09-27T21:14:08.794+00:00 RX a5120204000000fc54fcec040dfb04000005 D2 capture {"raw": "a5120204000000fc54fcec040dfb04000005", "label": "D2 capture", "kind": "short", "opcode": "0x02", "frag_index": null, "checksum_ok": true, "declared_length": 18}
2026-09-27T21:14:08.808+00:00 RX a5120204000000fc54fcec040dfb04000005 D2 capture {"raw": "a5120204000000fc54fcec040dfb04000005", "label": "D2 capture", "kind": "short", "opcode": "0x02", "frag_index": null, "checksum_ok": true, "declared_length": 18}
2026-09-27T21:14:08.823+00:00 RX a5120204000000fc54fcec040dfb04000005 D2 capture {"raw": "a5120204000000fc54fcec040dfb04000005", "label": "D2 capture", "kind": "short", "opcode": "0x02", "frag_index": null, "checksum_ok": true, "declared_length": 18}
2026-09-27T21:14:08.842+00:00 RX a5120204000000fc54fcec040dfb04000005 D2 capture {"raw": "a5120204000000fc54fcec040dfb04000005", "label": "D2 capture", "kind": "short", "opcode": "0x02", "frag_index": null, "checksum_ok": true, "declared_length": 18}
2026-09-27T21:14:08.854+00:00 RX a5120204000000fc54fcec040dfb04000005 D2 capture {"raw": "a5120204000000fc54fcec040dfb04000005", "label": "D2 capture", "kind": "short", "opcode": "0x02", "frag_index": null, "checksum_ok": true, "declared_length": 18}
2026-09-27T21:14:08.870+00:00 RX a5120204000000fc54fcec040dfb04000005 D2 capture {"raw": "a5120204000000fc54fcec040dfb04000005", "label": "D2 capture", "kind": "short", "opcode": "0x02", "frag_index": null, "checksum_ok": true, "declared_length": 18}
2026-09-27T21:14:08.899+00:00 RX a5120204000000fc54fcec040dfb04000005 D2 capture {"raw": "a5120204000000fc54fcec040dfb04000005", "label": "D2 capture", "kind": "short", "opcode": "0x02", "frag_index": null, "checksum_ok": true, "declared_length": 18}
2026-09-27T21:14:08.899+00:00 RX a5120204000000fc54fcec040dfb04000005 D2 capture {"raw": "a5120204000000fc54fcec040dfb04000005", "label": "D2 capture", "kind": "short", "opcode": "0x02", "frag_index": null, "checksum_ok": true, "declared_length": 18}
2026-09-27T21:14:08.914+00:00 RX a5120204000000fc54fcec040dfb04000005 D2 capture {"raw": "a5120204000000fc54fcec040dfb04000005", "label": "D2 capture", "kind": "short", "opcode": "0x02", "frag_index": null, "checksum_ok": true, "declared_length": 18}
2026-09-27T21:14:08.930+00:00 RX a5120204000000fc54fcec040dfb04000005 D2 capture {"raw": "a5120204000000fc54fcec040dfb04000005", "label": "D2 capture", "kind": "short", "opcode": "0x02", "frag_index": null, "checksum_ok": true, "declared_length": 18}
2026-09-27T21:14:08.945+00:00 RX a5120204000000fc54fcec040dfb04000005 D2 capture {"raw": "a5120204000000fc54fcec040dfb04000005", "label": "D2 capture", "kind": "short", "opcode": "0x02", "frag_index": null, "checksum_ok": true, "declared_length": 18}
2026-09-27T21:14:08.958+00:00 RX a5120204000000fc54fcec040dfb04000005 D2 capture {"raw": "a5120204000000fc54fcec040dfb04000005", "label": "D2 capture", "kind": "short", "opcode": "0x02", "frag_index": null, "checksum_ok": true, "declared_length": 18}
2026-09-27T21:14:08.973+00:00 RX a5120204000000fc54fcec040dfb04000005 D2 capture {"raw": "a5120204000000fc54fcec040dfb04000005", "label": "D2 capture", "kind": "short", "opcode": "0x02", "frag_index": null, "checksum_ok": true, "declared_length": 18}
2026-09-27T21:14:08.989+00:00 RX a5120200000000fc54fcec040dfb04000001 D2 capture {"raw": "a5120200000000fc54fcec040dfb04000001", "label": "D2 capture", "kind": "short", "opcode": "0x02", "frag_index": null, "checksum_ok": true, "declared_length": 18}
2026-09-27T21:14:09.010+00:00 RX a5120200000000fc54fcec040dfb04000001 D2 capture {"raw": "a5120200000000fc54fcec040dfb04000001", "label": "D2 capture", "kind": "short", "opcode": "0x02", "frag_index": null, "checksum_ok": true, "declared_length": 18}
2026-09-27T21:14:09.025+00:00 RX a5120200000000fc54fcec040dfb04000001 D2 capture {"raw": "a5120200000000fc54fcec040dfb04000001", "label": "D2 capture", "kind": "short", "opcode": "0x02", "frag_index": null, "checksum_ok": true, "declared_length": 18}
2026-09-27T21:14:09.040+00:00 RX a5120200000000fc54fcec040dfb04000001 D2 capture {"raw": "a5120200000000fc54fcec040dfb04000001", "label": "D2 capture", "kind": "short", "opcode": "0x02", "frag_index": null, "checksum_ok": true, "declared_length": 18}
2026-09-27T21:14:09.056+00:00 RX a5120200000000fc54fcec040dfb04000001 D2 capture {"raw": "a5120200000000fc54fcec040dfb04000001", "label": "D2 capture", "kind": "short", "opcode": "0x02", "frag_index": null, "checksum_ok": true, "declared_length": 18}
2026-09-27T21:14:09.070+00:00 RX a5120200000000fc54fcec040dfb04000001 D2 capture {"raw": "a5120200000000fc54fcec040dfb04000001", "label": "D2 capture", "kind": "short", "opcode": "0x02", "frag_index": null, "checksum_ok": true, "declared_length": 18}
2026-09-27T21:14:09.085+00:00 RX a5120200000000fc54fcec040dfb04000001 D2 capture {"raw": "a5120200000000fc54fcec040dfb04000001", "label": "D2 capture", "kind": "short", "opcode": "0x02", "frag_index": null, "checksum_ok": true, "declared_length": 18}
2026-09-27T21:14:09.103+00:00 RX a5120200000000fc54fcec040dfb04000001 D2 capture {"raw": "a5120200000000fc54fcec040dfb04000001", "label": "D2 capture", "kind": "short", "opcode": "0x02", "frag_index": null, "checksum_ok": true, "declared_length": 18}
2026-09-27T21:14:09.118+00:00 RX a5120200000000fc54fcec040dfb04000001 D2 capture {"raw": "a5120200000000fc54fcec040dfb04000001", "label": "D2 capture", "kind": "short", "opcode": "0x02", "frag_index": null, "checksum_ok": true, "declared_length": 18}
2026-09-27T21:14:09.131+00:00 RX a5120200000000fc54fcec040dfb04000001 D2 capture {"raw": "a5120200000000fc54fcec040dfb04000001", "label": "D2 capture", "kind": "short", "opcode": "0x02", "frag_index": null, "checksum_ok": true, "declared_length": 18}
2026-09-27T21:14:09.147+00:00 RX a5120200000000fc54fcec040dfb04000001 D2 capture {"raw": "a5120200000000fc54fcec040dfb04000001", "label": "D2 capture", "kind": "short", "opcode": "0x02", "frag_index": null, "checksum_ok": true, "declared_length": 18}
2026-09-27T21:14:09.170+00:00 RX a5120200000000fc54fcec040dfb04000001 D2 capture {"raw": "a5120200000000fc54fcec040dfb04000001", "label": "D2 capture", "kind": "short", "opcode": "0x02", "frag_index": null, "checksum_ok": true, "declared_length": 18}
2026-09-27T21:14:09.171+00:00 RX a5120200000000fc54fcec040dfb04000001 D2 capture {"raw": "a5120200000000fc54fcec040dfb04000001", "label": "D2 capture", "kind": "short", "opcode": "0x02", "frag_index": null, "checksum_ok": true, "declared_length": 18}
2026-09-27T21:14:09.191+00:00 RX a5120200000000fc54fcec040dfb04000001 D2 capture {"raw": "a5120200000000fc54fcec040dfb04000001", "label": "D2 capture", "kind": "short", "opcode": "0x02", "frag_index": null, "checksum_ok": true, "declared_length": 18}
2026-09-27T21:14:09.206+00:00 RX a5120200000000fc54fcec040dfb04000001 D2 capture {"raw": "a5120200000000fc54fcec040dfb04000001", "label": "D2 capture", "kind": "short", "opcode": "0x02", "frag_index": null, "checksum_ok": true, "declared_length": 18}
2026-09-27T21:14:09.222+00:00 RX a5120200000000fc54fcec040dfb04000001 D2 capture {"raw": "a5120200000000fc54fcec040dfb04000001", "label": "D2 capture", "kind": "short", "opcode": "0x02", "frag_index": null, "checksum_ok": true, "declared_length": 18}
2026-09-27T21:14:09.240+00:00 RX a5120200000000fc54fcec040dfb04000001 D2 capture {"raw": "a5120200000000fc54fcec040dfb04000001", "label": "D2 capture", "kind": "short", "opcode": "0x02", "frag_index": null, "checksum_ok": true, "declared_length": 18}
2026-09-27T21:14:09.260+00:00 RX a5120200000000fc54fcec040dfb04000001 D2 capture {"raw": "a5120200000000fc54fcec040dfb04000001", "label": "D2 capture", "kind": "short", "opcode": "0x02", "frag_index": null, "checksum_ok": true, "declared_length": 18}
2026-09-27T21:14:09.287+00:00 RX a5120200000000fc54fcec040dfb04000001 D2 capture {"raw": "a5120200000000fc54fcec040dfb04000001", "label": "D2 capture", "kind": "short", "opcode": "0x02", "frag_index": null, "checksum_ok": true, "declared_length": 18}
2026-09-27T21:14:09.288+00:00 RX a5120200000000fc54fcec040dfb04000001 D2 capture {"raw": "a5120200000000fc54fcec040dfb04000001", "label": "D2 capture", "kind": "short", "opcode": "0x02", "frag_index": null, "checksum_ok": true, "declared_length": 18}
2026-09-27T21:14:09.303+00:00 RX a5120200000000fc54fcec040dfb04000001 D2 capture {"raw": "a5120200000000fc54fcec040dfb04000001", "label": "D2 capture", "kind": "short", "opcode": "0x02", "frag_index": null, "checksum_ok": true, "declared_length": 18}
2026-09-27T21:14:09.319+00:00 RX a5120200000000fc54fcec040dfb04000001 D2 capture {"raw": "a5120200000000fc54fcec040dfb04000001", "label": "D2 capture", "kind": "short", "opcode": "0x02", "frag_index": null, "checksum_ok": true, "declared_length": 18}
2026-09-27T21:14:09.334+00:00 RX a5120200000000fc54fcec040dfb04000001 D2 capture {"raw": "a5120200000000fc54fcec040dfb04000001", "label": "D2 capture", "kind": "short", "opcode": "0x02", "frag_index": null, "checksum_ok": true, "declared_length": 18}
2026-09-27T21:14:09.348+00:00 RX a5120200000000fc54fcec040dfb04000001 D2 capture {"raw": "a5120200000000fc54fcec040dfb04000001", "label": "D2 capture", "kind": "short", "opcode": "0x02", "frag_index": null, "checksum_ok": true, "declared_length": 18}
2026-09-27T21:14:09.371+00:00 RX a5120200000000fc54fcec040dfb04000001 D2 capture {"raw": "a5120200000000fc54fcec040dfb04000001", "label": "D2 capture", "kind": "short", "opcode": "0x02", "frag_index": null, "checksum_ok": true, "declared_length": 18}
2026-09-27T21:14:09.387+00:00 RX a5120200000000fc54fcec040dfb04000001 D2 capture {"raw": "a5120200000000fc54fcec040dfb04000001", "label": "D2 capture", "kind": "short", "opcode": "0x02", "frag_index": null, "checksum_ok": true, "declared_length": 18}
2026-09-27T21:14:09.410+00:00 RX a5120200000000fc54fcec040dfb04000001 D2 capture {"raw": "a5120200000000fc54fcec040dfb04000001", "label": "D2 capture", "kind": "short", "opcode": "0x02", "frag_index": null, "checksum_ok": true, "declared_length": 18}
2026-09-27T21:14:09.411+00:00 RX a5120200000000fc54fcec040dfb04000001 D2 capture {"raw": "a5120200000000fc54fcec040dfb04000001", "label": "D2 capture", "kind": "short", "opcode": "0x02", "frag_index": null, "checksum_ok": true, "declared_length": 18}
2026-09-27T21:14:09.432+00:00 RX a5120200000000fc54fcec040dfb04000001 D2 capture {"raw": "a5120200000000fc54fcec040dfb04000001", "label": "D2 capture", "kind": "short", "opcode": "0x02", "frag_index": null, "checksum_ok": true, "declared_length": 18}
2026-09-27T21:14:09.446+00:00 RX a5120200000000fc54fcec040dfb04000001 D2 capture {"raw": "a5120200000000fc54fcec040dfb04000001", "label": "D2 capture", "kind": "short", "opcode": "0x02", "frag_index": null, "checksum_ok": true, "declared_length": 18}
2026-09-27T21:14:09.462+00:00 RX a5120200000000fc54fcec040dfb04000001 D2 capture {"raw": "a5120200000000fc54fcec040dfb04000001", "label": "D2 capture", "kind": "short", "opcode": "0x02", "frag_index": null, "checksum_ok": true, "declared_length": 18}
2026-09-27T21:14:09.476+00:00 RX a5120200000000fc54fcec040dfb04000001 D2 capture {"raw": "a5120200000000fc54fcec040dfb04000001", "label": "D2 capture", "kind": "short", "opcode": "0x02", "frag_index": null, "checksum_ok": true, "declared_length": 18}
2026-09-27T21:14:09.498+00:00 RX a5120200000000fc54fcec040dfb04000001 D2 capture {"raw": "a5120200000000fc54fcec040dfb04000001", "label": "D2 capture", "kind": "short", "opcode": "0x02", "frag_index": null, "checksum_ok": true, "declared_length": 18}
2026-09-27T21:14:09.514+00:00 RX a5120200000000fc54fcec040dfb04000001 D2 capture {"raw": "a5120200000000fc54fcec040dfb04000001", "label": "D2 capture", "kind": "short", "opcode": "0x02", "frag_index": null, "checksum_ok": true, "declared_length": 18}
2026-09-27T21:14:09.529+00:00 RX a5120200000000fc54fcec040dfb04000001 D2 capture {"raw": "a5120200000000fc54fcec040dfb04000001", "label": "D2 capture", "kind": "short", "opcode": "0x02", "frag_index": null, "checksum_ok": true, "declared_length": 18}
2026-09-27T21:14:09.544+00:00 RX a5120200000000fc54fcec040dfb04000001 D2 capture {"raw": "a5120200000000fc54fcec040dfb04000001", "label": "D2 capture", "kind": "short", "opcode": "0x02", "frag_index": null, "checksum_ok": true, "declared_length": 18}
2026-09-27T21:14:09.558+00:00 RX a5120200000000fc54fcec040dfb04000001 D2 capture {"raw": "a5120200000000fc54fcec040dfb04000001", "label": "D2 capture", "kind": "short", "opcode": "0x02", "frag_index": null, "checksum_ok": true, "declared_length": 18}
2026-09-27T21:14:09.573+00:00 RX a5120200000000fc54fcec040dfb04000001 D2 capture {"raw": "a5120200000000fc54fcec040dfb04000001", "label": "D2 capture", "kind": "short", "opcode": "0x02", "frag_index": null, "checksum_ok": true, "declared_length": 18}
2026-09-27T21:14:09.589+00:00 RX a5120200000000fc54fcec040dfb04000001 D2 capture {"raw": "a5120200000000fc54fcec040dfb04000001", "label": "D2 capture", "kind": "short", "opcode": "0x02", "frag_index": null, "checksum_ok": true, "declared_length": 18}
2026-09-27T21:14:09.603+00:00 RX a5120200000000fc54fcec040dfb04000001 D2 capture {"raw": "a5120200000000fc54fcec040dfb04000001", "label": "D2 capture", "kind": "short", "opcode": "0x02", "frag_index": null, "checksum_ok": true, "declared_length": 18}
2026-09-27T21:14:09.625+00:00 RX a5120200000000fc54fcec040dfb04000001 D2 capture {"raw": "a5120200000000fc54fcec040dfb04000001", "label": "D2 capture", "kind": "short", "opcode": "0x02", "frag_index": null, "checksum_ok": true, "declared_length": 18}
2026-09-27T21:14:09.641+00:00 RX a5120200000000fc54fcec040dfb04000001 D2 capture {"raw": "a5120200000000fc54fcec040dfb04000001", "label": "D2 capture", "kind": "short", "opcode": "0x02", "frag_index": null, "checksum_ok": true, "declared_length": 18}
2026-09-27T21:14:09.657+00:00 RX a5120200000000fc54fcec040dfb04000001 D2 capture {"raw": "a5120200000000fc54fcec040dfb04000001", "label": "D2 capture", "kind": "short", "opcode": "0x02", "frag_index": null, "checksum_ok": true, "declared_length": 18}
2026-09-27T21:14:09.679+00:00 RX a5120200000000fc54fcec040dfb04000001 D2 capture {"raw": "a5120200000000fc54fcec040dfb04000001", "label": "D2 capture", "kind": "short", "opcode": "0x02", "frag_index": null, "checksum_ok": true, "declared_length": 18}
2026-09-27T21:14:09.680+00:00 RX a5120200000000fc54fcec040dfb04000001 D2 capture {"raw": "a5120200000000fc54fcec040dfb04000001", "label": "D2 capture", "kind": "short", "opcode": "0x02", "frag_index": null, "checksum_ok": true, "declared_length": 18}
2026-09-27T21:14:09.702+00:00 RX a5120200000000fc54fcec040dfb04000001 D2 capture {"raw": "a5120200000000fc54fcec040dfb04000001", "label": "D2 capture", "kind": "short", "opcode": "0x02", "frag_index": null, "checksum_ok": true, "declared_length": 18}
2026-09-27T21:14:09.724+00:00 RX a5120200000000fc54fcec040dfb04000001 D2 capture {"raw": "a5120200000000fc54fcec040dfb04000001", "label": "D2 capture", "kind": "short", "opcode": "0x02", "frag_index": null, "checksum_ok": true, "declared_length": 18}
2026-09-27T21:14:09.739+00:00 RX a5120200000000fc54fcec040dfb04000001 D2 capture {"raw": "a5120200000000fc54fcec040dfb04000001", "label": "D2 capture", "kind": "short", "opcode": "0x02", "frag_index": null, "checksum_ok": true, "declared_length": 18}
2026-09-27T21:14:09.769+00:00 RX a5120200000000fc54fcec040dfb04000001 D2 capture {"raw": "a5120200000000fc54fcec040dfb04000001", "label": "D2 capture", "kind": "short", "opcode": "0x02", "frag_index": null, "checksum_ok": true, "declared_length": 18}
2026-09-27T21:14:09.770+00:00 RX a5120200000000fc54fcec040dfb04000001 D2 capture {"raw": "a5120200000000fc54fcec040dfb04000001", "label": "D2 capture", "kind": "short", "opcode": "0x02", "frag_index": null, "checksum_ok": true, "declared_length": 18}
2026-09-27T21:14:09.785+00:00 RX a5120200000000fc54fcec040dfb04000001 D2 capture {"raw": "a5120200000000fc54fcec040dfb04000001", "label": "D2 capture", "kind": "short", "opcode": "0x02", "frag_index": null, "checksum_ok": true, "declared_length": 18}
2026-09-27T21:14:09.799+00:00 RX a5120200000000fc54fcec040dfb04000001 D2 capture {"raw": "a5120200000000fc54fcec040dfb04000001", "label": "D2 capture", "kind": "short", "opcode": "0x02", "frag_index": null, "checksum_ok": true, "declared_length": 18}
2026-09-27T21:14:09.815+00:00 RX a5120200000000fc54fcec040dfb04000001 D2 capture {"raw": "a5120200000000fc54fcec040dfb04000001", "label": "D2 capture", "kind": "short", "opcode": "0x02", "frag_index": null, "checksum_ok": true, "declared_length": 18}
2026-09-27T21:14:09.836+00:00 RX a5120200000000fc54fcec040dfb04000001 D2 capture {"raw": "a5120200000000fc54fcec040dfb04000001", "label": "D2 capture", "kind": "short", "opcode": "0x02", "frag_index": null, "checksum_ok": true, "declared_length": 18}
2026-09-27T21:14:09.851+00:00 RX a5120200000000fc54fcec040dfb04000001 D2 capture {"raw": "a5120200000000fc54fcec040dfb04000001", "label": "D2 capture", "kind": "short", "opcode": "0x02", "frag_index": null, "checksum_ok": true, "declared_length": 18}
2026-09-27T21:14:09.867+00:00 RX a5120200000000fc54fcec040dfb04000001 D2 capture {"raw": "a5120200000000fc54fcec040dfb04000001", "label": "D2 capture", "kind": "short", "opcode": "0x02", "frag_index": null, "checksum_ok": true, "declared_length": 18}
2026-09-27T21:14:09.880+00:00 RX a5120200000000fc54fcec040dfb04000001 D2 capture {"raw": "a5120200000000fc54fcec040dfb04000001", "label": "D2 capture", "kind": "short", "opcode": "0x02", "frag_index": null, "checksum_ok": true, "declared_length": 18}
2026-09-27T21:14:09.895+00:00 RX a5120200000000fc54fcec040dfb04000001 D2 capture {"raw": "a5120200000000fc54fcec040dfb04000001", "label": "D2 capture", "kind": "short", "opcode": "0x02", "frag_index": null, "checksum_ok": true, "declared_length": 18}
2026-09-27T21:14:09.920+00:00 RX a5120200000000fc54fcec040dfb04000001 D2 capture {"raw": "a5120200000000fc54fcec040dfb04000001", "label": "D2 capture", "kind": "short", "opcode": "0x02", "frag_index": null, "checksum_ok": true, "declared_length": 18}
2026-09-27T21:14:09.921+00:00 RX a5120200000000fc54fcec040dfb04000001 D2 capture {"raw": "a5120200000000fc54fcec040dfb04000001", "label": "D2 capture", "kind": "short", "opcode": "0x02", "frag_index": null, "checksum_ok": true, "declared_length": 18}
2026-09-27T21:14:09.950+00:00 RX a5120200000000fc54fcec040dfb04000001 D2 capture {"raw": "a5120200000000fc54fcec040dfb04000001", "label": "D2 capture", "kind": "short", "opcode": "0x02", "frag_index": null, "checksum_ok": true, "declared_length": 18}
2026-09-27T21:14:09.964+00:00 RX a5120200000000fc54fcec040dfb04000001 D2 capture {"raw": "a5120200000000fc54fcec040dfb04000001", "label": "D2 capture", "kind": "short", "opcode": "0x02", "frag_index": null, "checksum_ok": true, "declared_length": 18}
2026-09-27T21:14:09.979+00:00 RX a5120200000000fc54fcec040dfb04000001 D2 capture {"raw": "a5120200000000fc54fcec040dfb04000001", "label": "D2 capture", "kind": "short", "opcode": "0x02", "frag_index": null, "checksum_ok": true, "declared_length": 18}
2026-09-27T21:14:10.002+00:00 RX a5120200000000fc54fcec040dfb04000001 D2 capture {"raw": "a5120200000000fc54fcec040dfb04000001", "label": "D2 capture", "kind": "short", "opcode": "0x02", "frag_index": null, "checksum_ok": true, "declared_length": 18}
2026-09-27T21:14:10.002+00:00 RX a5120200000000fc54fcec040dfb04000001 D2 capture {"raw": "a5120200000000fc54fcec040dfb04000001", "label": "D2 capture", "kind": "short", "opcode": "0x02", "frag_index": null, "checksum_ok": true, "declared_length": 18}
2026-09-27T21:14:10.024+00:00 RX a5120200000000fc54fcec040dfb04000001 D2 capture {"raw": "a5120200000000fc54fcec040dfb04000001", "label": "D2 capture", "kind": "short", "opcode": "0x02", "frag_index": null, "checksum_ok": true, "declared_length": 18}
2026-09-27T21:14:10.045+00:00 RX a5120200000000fc54fcec040dfb04000001 D2 capture {"raw": "a5120200000000fc54fcec040dfb04000001", "label": "D2 capture", "kind": "short", "opcode": "0x02", "frag_index": null, "checksum_ok": true, "declared_length": 18}
2026-09-27T21:14:10.061+00:00 RX a5120200000000fc54fcec040dfb04000001 D2 capture {"raw": "a5120200000000fc54fcec040dfb04000001", "label": "D2 capture", "kind": "short", "opcode": "0x02", "frag_index": null, "checksum_ok": true, "declared_length": 18}
2026-09-27T21:14:10.077+00:00 RX a5120200000000fc54fcec040dfb04000001 D2 capture {"raw": "a5120200000000fc54fcec040dfb04000001", "label": "D2 capture", "kind": "short", "opcode": "0x02", "frag_index": null, "checksum_ok": true, "declared_length": 18}
2026-09-27T21:14:10.092+00:00 RX a5120200000000fc54fcec040dfb04000001 D2 capture {"raw": "a5120200000000fc54fcec040dfb04000001", "label": "D2 capture", "kind": "short", "opcode": "0x02", "frag_index": null, "checksum_ok": true, "declared_length": 18}
2026-09-27T21:14:10.120+00:00 RX a5120200000000fc54fcec040dfb04000001 D2 capture {"raw": "a5120200000000fc54fcec040dfb04000001", "label": "D2 capture", "kind": "short", "opcode": "0x02", "frag_index": null, "checksum_ok": true, "declared_length": 18}
2026-09-27T21:14:10.121+00:00 RX a5120200000000fc54fcec040dfb04000001 D2 capture {"raw": "a5120200000000fc54fcec040dfb04000001", "label": "D2 capture", "kind": "short", "opcode": "0x02", "frag_index": null, "checksum_ok": true, "declared_length": 18}
2026-09-27T21:14:10.143+00:00 RX a5120200000000fc54fcec040dfb04000001 D2 capture {"raw": "a5120200000000fc54fcec040dfb04000001", "label": "D2 capture", "kind": "short", "opcode": "0x02", "frag_index": null, "checksum_ok": true, "declared_length": 18}
2026-09-27T21:14:10.158+00:00 RX a5120200000000fc54fcec040dfb04000001 D2 capture {"raw": "a5120200000000fc54fcec040dfb04000001", "label": "D2 capture", "kind": "short", "opcode": "0x02", "frag_index": null, "checksum_ok": true, "declared_length": 18}
2026-09-27T21:14:10.180+00:00 RX a5120200000000fc54fcec040dfb04000001 D2 capture {"raw": "a5120200000000fc54fcec040dfb04000001", "label": "D2 capture", "kind": "short", "opcode": "0x02", "frag_index": null, "checksum_ok": true, "declared_length": 18}
2026-09-27T21:15:18.394+00:00 RX a5120200100000fc54fcec040dfb04000011 D2 capture {"raw": "a5120200100000fc54fcec040dfb04000011", "label": "D2 capture", "kind": "short", "opcode": "0x02", "frag_index": null, "checksum_ok": true, "declared_length": 18}
2026-09-27T21:15:18.409+00:00 RX a5120200100000fc54fcec040dfb04000011 D2 capture {"raw": "a5120200100000fc54fcec040dfb04000011", "label": "D2 capture", "kind": "short", "opcode": "0x02", "frag_index": null, "checksum_ok": true, "declared_length": 18}
2026-09-27T21:15:18.424+00:00 RX a5120200100000fc54fcec040dfb04000011 D2 capture {"raw": "a5120200100000fc54fcec040dfb04000011", "label": "D2 capture", "kind": "short", "opcode": "0x02", "frag_index": null, "checksum_ok": true, "declared_length": 18}
2026-09-27T21:15:18.439+00:00 RX a5120200100000fc54fcec040dfb04000011 D2 capture {"raw": "a5120200100000fc54fcec040dfb04000011", "label": "D2 capture", "kind": "short", "opcode": "0x02", "frag_index": null, "checksum_ok": true, "declared_length": 18}
2026-09-27T21:15:18.454+00:00 RX a5120200100000fc54fcec040dfb04000011 D2 capture {"raw": "a5120200100000fc54fcec040dfb04000011", "label": "D2 capture", "kind": "short", "opcode": "0x02", "frag_index": null, "checksum_ok": true, "declared_length": 18}
2026-09-27T21:15:18.470+00:00 RX a5120200100000fc54fcec040dfb04000011 D2 capture {"raw": "a5120200100000fc54fcec040dfb04000011", "label": "D2 capture", "kind": "short", "opcode": "0x02", "frag_index": null, "checksum_ok": true, "declared_length": 18}
2026-09-27T21:15:18.484+00:00 RX a5120200100000fc54fcec040dfb04000011 D2 capture {"raw": "a5120200100000fc54fcec040dfb04000011", "label": "D2 capture", "kind": "short", "opcode": "0x02", "frag_index": null, "checksum_ok": true, "declared_length": 18}
2026-09-27T21:15:18.508+00:00 RX a5120200100000fc54fcec040dfb04000011 D2 capture {"raw": "a5120200100000fc54fcec040dfb04000011", "label": "D2 capture", "kind": "short", "opcode": "0x02", "frag_index": null, "checksum_ok": true, "declared_length": 18}
2026-09-27T21:15:18.508+00:00 RX a5120200100000fc54fcec040dfb04000011 D2 capture {"raw": "a5120200100000fc54fcec040dfb04000011", "label": "D2 capture", "kind": "short", "opcode": "0x02", "frag_index": null, "checksum_ok": true, "declared_length": 18}
2026-09-27T21:15:18.528+00:00 RX a5120200100000fc54fcec040dfb04000011 D2 capture {"raw": "a5120200100000fc54fcec040dfb04000011", "label": "D2 capture", "kind": "short", "opcode": "0x02", "frag_index": null, "checksum_ok": true, "declared_length": 18}
2026-09-27T21:15:18.544+00:00 RX a5120200100000fc54fcec040dfb04000011 D2 capture {"raw": "a5120200100000fc54fcec040dfb04000011", "label": "D2 capture", "kind": "short", "opcode": "0x02", "frag_index": null, "checksum_ok": true, "declared_length": 18}
2026-09-27T21:15:18.566+00:00 RX a5120200100000fc54fcec040dfb04000011 D2 capture {"raw": "a5120200100000fc54fcec040dfb04000011", "label": "D2 capture", "kind": "short", "opcode": "0x02", "frag_index": null, "checksum_ok": true, "declared_length": 18}
2026-09-27T21:15:18.582+00:00 RX a5120200100000fc54fcec040dfb04000011 D2 capture {"raw": "a5120200100000fc54fcec040dfb04000011", "label": "D2 capture", "kind": "short", "opcode": "0x02", "frag_index": null, "checksum_ok": true, "declared_length": 18}
2026-09-27T21:15:18.596+00:00 RX a5120200100000fc54fcec040dfb04000011 D2 capture {"raw": "a5120200100000fc54fcec040dfb04000011", "label": "D2 capture", "kind": "short", "opcode": "0x02", "frag_index": null, "checksum_ok": true, "declared_length": 18}
2026-09-27T21:15:18.611+00:00 RX a5120200100000fc54fcec040dfb04000011 D2 capture {"raw": "a5120200100000fc54fcec040dfb04000011", "label": "D2 capture", "kind": "short", "opcode": "0x02", "frag_index": null, "checksum_ok": true, "declared_length": 18}
2026-09-27T21:15:18.626+00:00 RX a5120200100000fc54fcec040dfb04000011 D2 capture {"raw": "a5120200100000fc54fcec040dfb04000011", "label": "D2 capture", "kind": "short", "opcode": "0x02", "frag_index": null, "checksum_ok": true, "declared_length": 18}
2026-09-27T21:15:18.643+00:00 RX a5120200100000fc54fcec040dfb04000011 D2 capture {"raw": "a5120200100000fc54fcec040dfb04000011", "label": "D2 capture", "kind": "short", "opcode": "0x02", "frag_index": null, "checksum_ok": true, "declared_length": 18}
2026-09-27T21:15:18.657+00:00 RX a5120200100000fc54fcec040dfb04000011 D2 capture {"raw": "a5120200100000fc54fcec040dfb04000011", "label": "D2 capture", "kind": "short", "opcode": "0x02", "frag_index": null, "checksum_ok": true, "declared_length": 18}
2026-09-27T21:15:18.680+00:00 RX a5120200100000fc54fcec040dfb04000011 D2 capture {"raw": "a5120200100000fc54fcec040dfb04000011", "label": "D2 capture", "kind": "short", "opcode": "0x02", "frag_index": null, "checksum_ok": true, "declared_length": 18}
2026-09-27T21:15:18.680+00:00 RX a5120200000000fc54fcec040dfb04000001 D2 capture {"raw": "a5120200000000fc54fcec040dfb04000001", "label": "D2 capture", "kind": "short", "opcode": "0x02", "frag_index": null, "checksum_ok": true, "declared_length": 18}
2026-09-27T21:15:18.718+00:00 RX a5120200000000fc54fcec040dfb04000001 D2 capture {"raw": "a5120200000000fc54fcec040dfb04000001", "label": "D2 capture", "kind": "short", "opcode": "0x02", "frag_index": null, "checksum_ok": true, "declared_length": 18}
2026-09-27T21:15:18.719+00:00 RX a5120200000000fc54fcec040dfb04000001 D2 capture {"raw": "a5120200000000fc54fcec040dfb04000001", "label": "D2 capture", "kind": "short", "opcode": "0x02", "frag_index": null, "checksum_ok": true, "declared_length": 18}
2026-09-27T21:15:18.747+00:00 RX a5120200000000fc54fcec040dfb04000001 D2 capture {"raw": "a5120200000000fc54fcec040dfb04000001", "label": "D2 capture", "kind": "short", "opcode": "0x02", "frag_index": null, "checksum_ok": true, "declared_length": 18}
2026-09-27T21:15:18.748+00:00 RX a5120200000000fc54fcec040dfb04000001 D2 capture {"raw": "a5120200000000fc54fcec040dfb04000001", "label": "D2 capture", "kind": "short", "opcode": "0x02", "frag_index": null, "checksum_ok": true, "declared_length": 18}
2026-09-27T21:15:18.771+00:00 RX a5120200000000fc54fcec040dfb04000001 D2 capture {"raw": "a5120200000000fc54fcec040dfb04000001", "label": "D2 capture", "kind": "short", "opcode": "0x02", "frag_index": null, "checksum_ok": true, "declared_length": 18}
2026-09-27T21:15:18.783+00:00 RX a5120200000000fc54fcec040dfb04000001 D2 capture {"raw": "a5120200000000fc54fcec040dfb04000001", "label": "D2 capture", "kind": "short", "opcode": "0x02", "frag_index": null, "checksum_ok": true, "declared_length": 18}
2026-09-27T21:15:18.799+00:00 RX a5120200000000fc54fcec040dfb04000001 D2 capture {"raw": "a5120200000000fc54fcec040dfb04000001", "label": "D2 capture", "kind": "short", "opcode": "0x02", "frag_index": null, "checksum_ok": true, "declared_length": 18}
2026-09-27T21:15:18.821+00:00 RX a5120200000000fc54fcec040dfb04000001 D2 capture {"raw": "a5120200000000fc54fcec040dfb04000001", "label": "D2 capture", "kind": "short", "opcode": "0x02", "frag_index": null, "checksum_ok": true, "declared_length": 18}
2026-09-27T21:15:18.836+00:00 RX a5120200000000fc54fcec040dfb04000001 D2 capture {"raw": "a5120200000000fc54fcec040dfb04000001", "label": "D2 capture", "kind": "short", "opcode": "0x02", "frag_index": null, "checksum_ok": true, "declared_length": 18}
2026-09-27T21:15:18.858+00:00 RX a5120200000000fc54fcec040dfb04000001 D2 capture {"raw": "a5120200000000fc54fcec040dfb04000001", "label": "D2 capture", "kind": "short", "opcode": "0x02", "frag_index": null, "checksum_ok": true, "declared_length": 18}
2026-09-27T21:15:18.859+00:00 RX a5120200000000fc54fcec040dfb04000001 D2 capture {"raw": "a5120200000000fc54fcec040dfb04000001", "label": "D2 capture", "kind": "short", "opcode": "0x02", "frag_index": null, "checksum_ok": true, "declared_length": 18}
2026-09-27T21:15:18.881+00:00 RX a5120200000000fc54fcec040dfb04000001 D2 capture {"raw": "a5120200000000fc54fcec040dfb04000001", "label": "D2 capture", "kind": "short", "opcode": "0x02", "frag_index": null, "checksum_ok": true, "declared_length": 18}
2026-09-27T21:15:18.896+00:00 RX a5120200000000fc54fcec040dfb04000001 D2 capture {"raw": "a5120200000000fc54fcec040dfb04000001", "label": "D2 capture", "kind": "short", "opcode": "0x02", "frag_index": null, "checksum_ok": true, "declared_length": 18}
2026-09-27T21:15:18.919+00:00 RX a5120200000000fc54fcec040dfb04000001 D2 capture {"raw": "a5120200000000fc54fcec040dfb04000001", "label": "D2 capture", "kind": "short", "opcode": "0x02", "frag_index": null, "checksum_ok": true, "declared_length": 18}
2026-09-27T21:15:18.920+00:00 RX a5120200000000fc54fcec040dfb04000001 D2 capture {"raw": "a5120200000000fc54fcec040dfb04000001", "label": "D2 capture", "kind": "short", "opcode": "0x02", "frag_index": null, "checksum_ok": true, "declared_length": 18}
2026-09-27T21:15:18.942+00:00 RX a5120200000000fc54fcec040dfb04000001 D2 capture {"raw": "a5120200000000fc54fcec040dfb04000001", "label": "D2 capture", "kind": "short", "opcode": "0x02", "frag_index": null, "checksum_ok": true, "declared_length": 18}
2026-09-27T21:15:18.958+00:00 RX a5120200000000fc54fcec040dfb04000001 D2 capture {"raw": "a5120200000000fc54fcec040dfb04000001", "label": "D2 capture", "kind": "short", "opcode": "0x02", "frag_index": null, "checksum_ok": true, "declared_length": 18}
2026-09-27T21:15:18.980+00:00 RX a5120200000000fc54fcec040dfb04000001 D2 capture {"raw": "a5120200000000fc54fcec040dfb04000001", "label": "D2 capture", "kind": "short", "opcode": "0x02", "frag_index": null, "checksum_ok": true, "declared_length": 18}
2026-09-27T21:15:18.995+00:00 RX a5120200000000fc54fcec040dfb04000001 D2 capture {"raw": "a5120200000000fc54fcec040dfb04000001", "label": "D2 capture", "kind": "short", "opcode": "0x02", "frag_index": null, "checksum_ok": true, "declared_length": 18}
2026-09-27T21:15:19.010+00:00 RX a5120200000000fc54fcec040dfb04000001 D2 capture {"raw": "a5120200000000fc54fcec040dfb04000001", "label": "D2 capture", "kind": "short", "opcode": "0x02", "frag_index": null, "checksum_ok": true, "declared_length": 18}
2026-09-27T21:15:19.024+00:00 RX a5120200000000fc54fcec040dfb04000001 D2 capture {"raw": "a5120200000000fc54fcec040dfb04000001", "label": "D2 capture", "kind": "short", "opcode": "0x02", "frag_index": null, "checksum_ok": true, "declared_length": 18}
2026-09-27T21:15:19.038+00:00 RX a5120200000000fc54fcec040dfb04000001 D2 capture {"raw": "a5120200000000fc54fcec040dfb04000001", "label": "D2 capture", "kind": "short", "opcode": "0x02", "frag_index": null, "checksum_ok": true, "declared_length": 18}
2026-09-27T21:15:19.053+00:00 RX a5120200000000fc54fcec040dfb04000001 D2 capture {"raw": "a5120200000000fc54fcec040dfb04000001", "label": "D2 capture", "kind": "short", "opcode": "0x02", "frag_index": null, "checksum_ok": true, "declared_length": 18}
2026-09-27T21:15:19.069+00:00 RX a5120200000000fc54fcec040dfb04000001 D2 capture {"raw": "a5120200000000fc54fcec040dfb04000001", "label": "D2 capture", "kind": "short", "opcode": "0x02", "frag_index": null, "checksum_ok": true, "declared_length": 18}
2026-09-27T21:15:19.083+00:00 RX a5120200000000fc54fcec040dfb04000001 D2 capture {"raw": "a5120200000000fc54fcec040dfb04000001", "label": "D2 capture", "kind": "short", "opcode": "0x02", "frag_index": null, "checksum_ok": true, "declared_length": 18}
2026-09-27T21:15:19.098+00:00 RX a5120200000000fc54fcec040dfb04000001 D2 capture {"raw": "a5120200000000fc54fcec040dfb04000001", "label": "D2 capture", "kind": "short", "opcode": "0x02", "frag_index": null, "checksum_ok": true, "declared_length": 18}
2026-09-27T21:15:19.113+00:00 RX a5120200000000fc54fcec040dfb04000001 D2 capture {"raw": "a5120200000000fc54fcec040dfb04000001", "label": "D2 capture", "kind": "short", "opcode": "0x02", "frag_index": null, "checksum_ok": true, "declared_length": 18}
2026-09-27T21:15:19.137+00:00 RX a5120200000000fc54fcec040dfb04000001 D2 capture {"raw": "a5120200000000fc54fcec040dfb04000001", "label": "D2 capture", "kind": "short", "opcode": "0x02", "frag_index": null, "checksum_ok": true, "declared_length": 18}
2026-09-27T21:15:19.151+00:00 RX a5120200000000fc54fcec040dfb04000001 D2 capture {"raw": "a5120200000000fc54fcec040dfb04000001", "label": "D2 capture", "kind": "short", "opcode": "0x02", "frag_index": null, "checksum_ok": true, "declared_length": 18}
2026-09-27T21:15:19.166+00:00 RX a5120200000000fc54fcec040dfb04000001 D2 capture {"raw": "a5120200000000fc54fcec040dfb04000001", "label": "D2 capture", "kind": "short", "opcode": "0x02", "frag_index": null, "checksum_ok": true, "declared_length": 18}
2026-09-27T21:15:19.182+00:00 RX a5120200000000fc54fcec040dfb04000001 D2 capture {"raw": "a5120200000000fc54fcec040dfb04000001", "label": "D2 capture", "kind": "short", "opcode": "0x02", "frag_index": null, "checksum_ok": true, "declared_length": 18}
2026-09-27T21:15:19.197+00:00 RX a5120200000000fc54fcec040dfb04000001 D2 capture {"raw": "a5120200000000fc54fcec040dfb04000001", "label": "D2 capture", "kind": "short", "opcode": "0x02", "frag_index": null, "checksum_ok": true, "declared_length": 18}
2026-09-27T21:15:19.220+00:00 RX a5120200000000fc54fcec040dfb04000001 D2 capture {"raw": "a5120200000000fc54fcec040dfb04000001", "label": "D2 capture", "kind": "short", "opcode": "0x02", "frag_index": null, "checksum_ok": true, "declared_length": 18}
2026-09-27T21:15:19.234+00:00 RX a5120200000000fc54fcec040dfb04000001 D2 capture {"raw": "a5120200000000fc54fcec040dfb04000001", "label": "D2 capture", "kind": "short", "opcode": "0x02", "frag_index": null, "checksum_ok": true, "declared_length": 18}
2026-09-27T21:15:19.249+00:00 RX a5120200000000fc54fcec040dfb04000001 D2 capture {"raw": "a5120200000000fc54fcec040dfb04000001", "label": "D2 capture", "kind": "short", "opcode": "0x02", "frag_index": null, "checksum_ok": true, "declared_length": 18}
2026-09-27T21:15:19.265+00:00 RX a5120200000000fc54fcec040dfb04000001 D2 capture {"raw": "a5120200000000fc54fcec040dfb04000001", "label": "D2 capture", "kind": "short", "opcode": "0x02", "frag_index": null, "checksum_ok": true, "declared_length": 18}
2026-09-27T21:15:19.280+00:00 RX a5120200000000fc54fcec040dfb04000001 D2 capture {"raw": "a5120200000000fc54fcec040dfb04000001", "label": "D2 capture", "kind": "short", "opcode": "0x02", "frag_index": null, "checksum_ok": true, "declared_length": 18}
2026-09-27T21:15:19.294+00:00 RX a5120200000000fc54fcec040dfb04000001 D2 capture {"raw": "a5120200000000fc54fcec040dfb04000001", "label": "D2 capture", "kind": "short", "opcode": "0x02", "frag_index": null, "checksum_ok": true, "declared_length": 18}
2026-09-27T21:15:19.308+00:00 RX a5120200000000fc54fcec040dfb04000001 D2 capture {"raw": "a5120200000000fc54fcec040dfb04000001", "label": "D2 capture", "kind": "short", "opcode": "0x02", "frag_index": null, "checksum_ok": true, "declared_length": 18}
2026-09-27T21:15:19.324+00:00 RX a5120200000000fc54fcec040dfb04000001 D2 capture {"raw": "a5120200000000fc54fcec040dfb04000001", "label": "D2 capture", "kind": "short", "opcode": "0x02", "frag_index": null, "checksum_ok": true, "declared_length": 18}
2026-09-27T21:15:19.338+00:00 RX a5120200000000fc54fcec040dfb04000001 D2 capture {"raw": "a5120200000000fc54fcec040dfb04000001", "label": "D2 capture", "kind": "short", "opcode": "0x02", "frag_index": null, "checksum_ok": true, "declared_length": 18}
2026-09-27T21:15:19.355+00:00 RX a5120200000000fc54fcec040dfb04000001 D2 capture {"raw": "a5120200000000fc54fcec040dfb04000001", "label": "D2 capture", "kind": "short", "opcode": "0x02", "frag_index": null, "checksum_ok": true, "declared_length": 18}
2026-09-27T21:15:19.368+00:00 RX a5120200000000fc54fcec040dfb04000001 D2 capture {"raw": "a5120200000000fc54fcec040dfb04000001", "label": "D2 capture", "kind": "short", "opcode": "0x02", "frag_index": null, "checksum_ok": true, "declared_length": 18}
2026-09-27T21:15:19.384+00:00 RX a5120200000000fc54fcec040dfb04000001 D2 capture {"raw": "a5120200000000fc54fcec040dfb04000001", "label": "D2 capture", "kind": "short", "opcode": "0x02", "frag_index": null, "checksum_ok": true, "declared_length": 18}
2026-09-27T21:15:19.398+00:00 RX a5120200000000fc54fcec040dfb04000001 D2 capture {"raw": "a5120200000000fc54fcec040dfb04000001", "label": "D2 capture", "kind": "short", "opcode": "0x02", "frag_index": null, "checksum_ok": true, "declared_length": 18}
2026-09-27T21:15:19.414+00:00 RX a5120200000000fc54fcec040dfb04000001 D2 capture {"raw": "a5120200000000fc54fcec040dfb04000001", "label": "D2 capture", "kind": "short", "opcode": "0x02", "frag_index": null, "checksum_ok": true, "declared_length": 18}
2026-09-27T21:15:19.428+00:00 RX a5120200000000fc54fcec040dfb04000001 D2 capture {"raw": "a5120200000000fc54fcec040dfb04000001", "label": "D2 capture", "kind": "short", "opcode": "0x02", "frag_index": null, "checksum_ok": true, "declared_length": 18}
2026-09-27T21:15:19.443+00:00 RX a5120200000000fc54fcec040dfb04000001 D2 capture {"raw": "a5120200000000fc54fcec040dfb04000001", "label": "D2 capture", "kind": "short", "opcode": "0x02", "frag_index": null, "checksum_ok": true, "declared_length": 18}
2026-09-27T21:15:19.461+00:00 RX a5120200000000fc54fcec040dfb04000001 D2 capture {"raw": "a5120200000000fc54fcec040dfb04000001", "label": "D2 capture", "kind": "short", "opcode": "0x02", "frag_index": null, "checksum_ok": true, "declared_length": 18}
2026-09-27T21:15:19.474+00:00 RX a5120200000000fc54fcec040dfb04000001 D2 capture {"raw": "a5120200000000fc54fcec040dfb04000001", "label": "D2 capture", "kind": "short", "opcode": "0x02", "frag_index": null, "checksum_ok": true, "declared_length": 18}
2026-09-27T21:15:19.497+00:00 RX a5120200000000fc54fcec040dfb04000001 D2 capture {"raw": "a5120200000000fc54fcec040dfb04000001", "label": "D2 capture", "kind": "short", "opcode": "0x02", "frag_index": null, "checksum_ok": true, "declared_length": 18}
2026-09-27T21:15:19.521+00:00 RX a5120200000000fc54fcec040dfb04000001 D2 capture {"raw": "a5120200000000fc54fcec040dfb04000001", "label": "D2 capture", "kind": "short", "opcode": "0x02", "frag_index": null, "checksum_ok": true, "declared_length": 18}
2026-09-27T21:15:19.522+00:00 RX a5120200000000fc54fcec040dfb04000001 D2 capture {"raw": "a5120200000000fc54fcec040dfb04000001", "label": "D2 capture", "kind": "short", "opcode": "0x02", "frag_index": null, "checksum_ok": true, "declared_length": 18}
2026-09-27T21:15:19.543+00:00 RX a5120200000000fc54fcec040dfb04000001 D2 capture {"raw": "a5120200000000fc54fcec040dfb04000001", "label": "D2 capture", "kind": "short", "opcode": "0x02", "frag_index": null, "checksum_ok": true, "declared_length": 18}
2026-09-27T21:15:19.558+00:00 RX a5120200000000fc54fcec040dfb04000001 D2 capture {"raw": "a5120200000000fc54fcec040dfb04000001", "label": "D2 capture", "kind": "short", "opcode": "0x02", "frag_index": null, "checksum_ok": true, "declared_length": 18}
2026-09-27T21:15:19.578+00:00 RX a5120200000000fc54fcec040dfb04000001 D2 capture {"raw": "a5120200000000fc54fcec040dfb04000001", "label": "D2 capture", "kind": "short", "opcode": "0x02", "frag_index": null, "checksum_ok": true, "declared_length": 18}
2026-09-27T21:15:19.579+00:00 RX a5120200000000fc54fcec040dfb04000001 D2 capture {"raw": "a5120200000000fc54fcec040dfb04000001", "label": "D2 capture", "kind": "short", "opcode": "0x02", "frag_index": null, "checksum_ok": true, "declared_length": 18}
2026-09-27T21:15:19.609+00:00 RX a5120200000000fc54fcec040dfb04000001 D2 capture {"raw": "a5120200000000fc54fcec040dfb04000001", "label": "D2 capture", "kind": "short", "opcode": "0x02", "frag_index": null, "checksum_ok": true, "declared_length": 18}
2026-09-27T21:15:19.626+00:00 RX a5120200000000fc54fcec040dfb04000001 D2 capture {"raw": "a5120200000000fc54fcec040dfb04000001", "label": "D2 capture", "kind": "short", "opcode": "0x02", "frag_index": null, "checksum_ok": true, "declared_length": 18}
2026-09-27T21:15:19.638+00:00 RX a5120200000000fc54fcec040dfb04000001 D2 capture {"raw": "a5120200000000fc54fcec040dfb04000001", "label": "D2 capture", "kind": "short", "opcode": "0x02", "frag_index": null, "checksum_ok": true, "declared_length": 18}
2026-09-27T21:15:19.653+00:00 RX a5120200000000fc54fcec040dfb04000001 D2 capture {"raw": "a5120200000000fc54fcec040dfb04000001", "label": "D2 capture", "kind": "short", "opcode": "0x02", "frag_index": null, "checksum_ok": true, "declared_length": 18}
2026-09-27T21:15:19.670+00:00 RX a5120200000000fc54fcec040dfb04000001 D2 capture {"raw": "a5120200000000fc54fcec040dfb04000001", "label": "D2 capture", "kind": "short", "opcode": "0x02", "frag_index": null, "checksum_ok": true, "declared_length": 18}
2026-09-27T21:15:19.691+00:00 RX a5120200000000fc54fcec040dfb04000001 D2 capture {"raw": "a5120200000000fc54fcec040dfb04000001", "label": "D2 capture", "kind": "short", "opcode": "0x02", "frag_index": null, "checksum_ok": true, "declared_length": 18}
2026-09-27T21:15:19.692+00:00 RX a5120200000000fc54fcec040dfb04000001 D2 capture {"raw": "a5120200000000fc54fcec040dfb04000001", "label": "D2 capture", "kind": "short", "opcode": "0x02", "frag_index": null, "checksum_ok": true, "declared_length": 18}
2026-09-27T21:15:19.721+00:00 RX a5120200000000fc54fcec040dfb04000001 D2 capture {"raw": "a5120200000000fc54fcec040dfb04000001", "label": "D2 capture", "kind": "short", "opcode": "0x02", "frag_index": null, "checksum_ok": true, "declared_length": 18}
2026-09-27T21:15:19.736+00:00 RX a5120200000000fc54fcec040dfb04000001 D2 capture {"raw": "a5120200000000fc54fcec040dfb04000001", "label": "D2 capture", "kind": "short", "opcode": "0x02", "frag_index": null, "checksum_ok": true, "declared_length": 18}
2026-09-27T21:15:19.760+00:00 RX a5120200000000fc54fcec040dfb04000001 D2 capture {"raw": "a5120200000000fc54fcec040dfb04000001", "label": "D2 capture", "kind": "short", "opcode": "0x02", "frag_index": null, "checksum_ok": true, "declared_length": 18}
2026-09-27T21:15:19.760+00:00 RX a5120200000000fc54fcec040dfb04000001 D2 capture {"raw": "a5120200000000fc54fcec040dfb04000001", "label": "D2 capture", "kind": "short", "opcode": "0x02", "frag_index": null, "checksum_ok": true, "declared_length": 18}
2026-09-27T21:15:19.782+00:00 RX a5120200000000fc54fcec040dfb04000001 D2 capture {"raw": "a5120200000000fc54fcec040dfb04000001", "label": "D2 capture", "kind": "short", "opcode": "0x02", "frag_index": null, "checksum_ok": true, "declared_length": 18}
2026-09-27T21:15:19.796+00:00 RX a5120200000000fc54fcec040dfb04000001 D2 capture {"raw": "a5120200000000fc54fcec040dfb04000001", "label": "D2 capture", "kind": "short", "opcode": "0x02", "frag_index": null, "checksum_ok": true, "declared_length": 18}
2026-09-27T21:15:19.820+00:00 RX a5120200000000fc54fcec040dfb04000001 D2 capture {"raw": "a5120200000000fc54fcec040dfb04000001", "label": "D2 capture", "kind": "short", "opcode": "0x02", "frag_index": null, "checksum_ok": true, "declared_length": 18}
2026-09-27T21:15:19.834+00:00 RX a5120200000000fc54fcec040dfb04000001 D2 capture {"raw": "a5120200000000fc54fcec040dfb04000001", "label": "D2 capture", "kind": "short", "opcode": "0x02", "frag_index": null, "checksum_ok": true, "declared_length": 18}
2026-09-27T21:15:19.848+00:00 RX a5120200000000fc54fcec040dfb04000001 D2 capture {"raw": "a5120200000000fc54fcec040dfb04000001", "label": "D2 capture", "kind": "short", "opcode": "0x02", "frag_index": null, "checksum_ok": true, "declared_length": 18}
2026-09-27T21:15:19.863+00:00 RX a5120200000000fc54fcec040dfb04000001 D2 capture {"raw": "a5120200000000fc54fcec040dfb04000001", "label": "D2 capture", "kind": "short", "opcode": "0x02", "frag_index": null, "checksum_ok": true, "declared_length": 18}
2026-09-27T21:15:19.879+00:00 RX a5120200000000fc54fcec040dfb04000001 D2 capture {"raw": "a5120200000000fc54fcec040dfb04000001", "label": "D2 capture", "kind": "short", "opcode": "0x02", "frag_index": null, "checksum_ok": true, "declared_length": 18}
2026-09-27T21:15:19.939+00:00 RX a5120208000000fc54fcec040dfb04000009 D2 capture {"raw": "a5120208000000fc54fcec040dfb04000009", "label": "D2 capture", "kind": "short", "opcode": "0x02", "frag_index": null, "checksum_ok": true, "declared_length": 18}
2026-09-27T21:15:19.939+00:00 RX a5120208000000fc54fcec040dfb04000009 D2 capture {"raw": "a5120208000000fc54fcec040dfb04000009", "label": "D2 capture", "kind": "short", "opcode": "0x02", "frag_index": null, "checksum_ok": true, "declared_length": 18}
2026-09-27T21:15:19.962+00:00 RX a5120208000000fc54fcec040dfb04000009 D2 capture {"raw": "a5120208000000fc54fcec040dfb04000009", "label": "D2 capture", "kind": "short", "opcode": "0x02", "frag_index": null, "checksum_ok": true, "declared_length": 18}
2026-09-27T21:15:19.976+00:00 RX a5120208000000fc54fcec040dfb04000009 D2 capture {"raw": "a5120208000000fc54fcec040dfb04000009", "label": "D2 capture", "kind": "short", "opcode": "0x02", "frag_index": null, "checksum_ok": true, "declared_length": 18}
2026-09-27T21:15:19.993+00:00 RX a5120208000000fc54fcec040dfb04000009 D2 capture {"raw": "a5120208000000fc54fcec040dfb04000009", "label": "D2 capture", "kind": "short", "opcode": "0x02", "frag_index": null, "checksum_ok": true, "declared_length": 18}
2026-09-27T21:15:20.007+00:00 RX a5120208000000fc54fcec040dfb04000009 D2 capture {"raw": "a5120208000000fc54fcec040dfb04000009", "label": "D2 capture", "kind": "short", "opcode": "0x02", "frag_index": null, "checksum_ok": true, "declared_length": 18}
2026-09-27T21:15:20.029+00:00 RX a5120208000000fc54fcec040dfb04000009 D2 capture {"raw": "a5120208000000fc54fcec040dfb04000009", "label": "D2 capture", "kind": "short", "opcode": "0x02", "frag_index": null, "checksum_ok": true, "declared_length": 18}
2026-09-27T21:15:20.045+00:00 RX a5120208000000fc54fcec040dfb04000009 D2 capture {"raw": "a5120208000000fc54fcec040dfb04000009", "label": "D2 capture", "kind": "short", "opcode": "0x02", "frag_index": null, "checksum_ok": true, "declared_length": 18}
2026-09-27T21:15:20.059+00:00 RX a5120208000000fc54fcec040dfb04000009 D2 capture {"raw": "a5120208000000fc54fcec040dfb04000009", "label": "D2 capture", "kind": "short", "opcode": "0x02", "frag_index": null, "checksum_ok": true, "declared_length": 18}
2026-09-27T21:15:20.075+00:00 RX a5120208000000fc54fcec040dfb04000009 D2 capture {"raw": "a5120208000000fc54fcec040dfb04000009", "label": "D2 capture", "kind": "short", "opcode": "0x02", "frag_index": null, "checksum_ok": true, "declared_length": 18}
2026-09-27T21:15:20.097+00:00 RX a5120208000000fc54fcec040dfb04000009 D2 capture {"raw": "a5120208000000fc54fcec040dfb04000009", "label": "D2 capture", "kind": "short", "opcode": "0x02", "frag_index": null, "checksum_ok": true, "declared_length": 18}
2026-09-27T21:15:20.097+00:00 RX a5120208000000fc54fcec040dfb04000009 D2 capture {"raw": "a5120208000000fc54fcec040dfb04000009", "label": "D2 capture", "kind": "short", "opcode": "0x02", "frag_index": null, "checksum_ok": true, "declared_length": 18}
2026-09-27T21:15:20.128+00:00 RX a5120208000000fc54fcec040dfb04000009 D2 capture {"raw": "a5120208000000fc54fcec040dfb04000009", "label": "D2 capture", "kind": "short", "opcode": "0x02", "frag_index": null, "checksum_ok": true, "declared_length": 18}
2026-09-27T21:15:20.141+00:00 RX a5120208000000fc54fcec040dfb04000009 D2 capture {"raw": "a5120208000000fc54fcec040dfb04000009", "label": "D2 capture", "kind": "short", "opcode": "0x02", "frag_index": null, "checksum_ok": true, "declared_length": 18}
2026-09-27T21:15:20.157+00:00 RX a5120208000000fc54fcec040dfb04000009 D2 capture {"raw": "a5120208000000fc54fcec040dfb04000009", "label": "D2 capture", "kind": "short", "opcode": "0x02", "frag_index": null, "checksum_ok": true, "declared_length": 18}
2026-09-27T21:15:20.172+00:00 RX a5120208000000fc54fcec040dfb04000009 D2 capture {"raw": "a5120208000000fc54fcec040dfb04000009", "label": "D2 capture", "kind": "short", "opcode": "0x02", "frag_index": null, "checksum_ok": true, "declared_length": 18}
2026-09-27T21:15:20.186+00:00 RX a5120208000000fc54fcec040dfb04000009 D2 capture {"raw": "a5120208000000fc54fcec040dfb04000009", "label": "D2 capture", "kind": "short", "opcode": "0x02", "frag_index": null, "checksum_ok": true, "declared_length": 18}
2026-09-27T21:15:20.208+00:00 RX a5120208000000fc54fcec040dfb04000009 D2 capture {"raw": "a5120208000000fc54fcec040dfb04000009", "label": "D2 capture", "kind": "short", "opcode": "0x02", "frag_index": null, "checksum_ok": true, "declared_length": 18}
2026-09-27T21:15:20.232+00:00 RX a5120208000000fc54fcec040dfb04000009 D2 capture {"raw": "a5120208000000fc54fcec040dfb04000009", "label": "D2 capture", "kind": "short", "opcode": "0x02", "frag_index": null, "checksum_ok": true, "declared_length": 18}
2026-09-27T21:15:20.232+00:00 RX a5120200000000fc54fcec040dfb04000001 D2 capture {"raw": "a5120200000000fc54fcec040dfb04000001", "label": "D2 capture", "kind": "short", "opcode": "0x02", "frag_index": null, "checksum_ok": true, "declared_length": 18}
2026-09-27T21:15:20.253+00:00 RX a5120200000000fc54fcec040dfb04000001 D2 capture {"raw": "a5120200000000fc54fcec040dfb04000001", "label": "D2 capture", "kind": "short", "opcode": "0x02", "frag_index": null, "checksum_ok": true, "declared_length": 18}
2026-09-27T21:15:20.270+00:00 RX a5120200000000fc54fcec040dfb04000001 D2 capture {"raw": "a5120200000000fc54fcec040dfb04000001", "label": "D2 capture", "kind": "short", "opcode": "0x02", "frag_index": null, "checksum_ok": true, "declared_length": 18}
2026-09-27T21:15:20.284+00:00 RX a5120200000000fc54fcec040dfb04000001 D2 capture {"raw": "a5120200000000fc54fcec040dfb04000001", "label": "D2 capture", "kind": "short", "opcode": "0x02", "frag_index": null, "checksum_ok": true, "declared_length": 18}
2026-09-27T21:15:20.306+00:00 RX a5120200000000fc54fcec040dfb04000001 D2 capture {"raw": "a5120200000000fc54fcec040dfb04000001", "label": "D2 capture", "kind": "short", "opcode": "0x02", "frag_index": null, "checksum_ok": true, "declared_length": 18}
2026-09-27T21:15:20.323+00:00 RX a5120200000000fc54fcec040dfb04000001 D2 capture {"raw": "a5120200000000fc54fcec040dfb04000001", "label": "D2 capture", "kind": "short", "opcode": "0x02", "frag_index": null, "checksum_ok": true, "declared_length": 18}
2026-09-27T21:15:20.338+00:00 RX a5120200000000fc54fcec040dfb04000001 D2 capture {"raw": "a5120200000000fc54fcec040dfb04000001", "label": "D2 capture", "kind": "short", "opcode": "0x02", "frag_index": null, "checksum_ok": true, "declared_length": 18}
2026-09-27T21:15:20.353+00:00 RX a5120200000000fc54fcec040dfb04000001 D2 capture {"raw": "a5120200000000fc54fcec040dfb04000001", "label": "D2 capture", "kind": "short", "opcode": "0x02", "frag_index": null, "checksum_ok": true, "declared_length": 18}
2026-09-27T21:15:20.368+00:00 RX a5120200000000fc54fcec040dfb04000001 D2 capture {"raw": "a5120200000000fc54fcec040dfb04000001", "label": "D2 capture", "kind": "short", "opcode": "0x02", "frag_index": null, "checksum_ok": true, "declared_length": 18}
2026-09-27T21:15:20.388+00:00 RX a5120200000000fc54fcec040dfb04000001 D2 capture {"raw": "a5120200000000fc54fcec040dfb04000001", "label": "D2 capture", "kind": "short", "opcode": "0x02", "frag_index": null, "checksum_ok": true, "declared_length": 18}
2026-09-27T21:15:20.404+00:00 RX a5120200000000fc54fcec040dfb04000001 D2 capture {"raw": "a5120200000000fc54fcec040dfb04000001", "label": "D2 capture", "kind": "short", "opcode": "0x02", "frag_index": null, "checksum_ok": true, "declared_length": 18}
2026-09-27T21:15:20.418+00:00 RX a5120200000000fc54fcec040dfb04000001 D2 capture {"raw": "a5120200000000fc54fcec040dfb04000001", "label": "D2 capture", "kind": "short", "opcode": "0x02", "frag_index": null, "checksum_ok": true, "declared_length": 18}
2026-09-27T21:15:20.433+00:00 RX a5120200000000fc54fcec040dfb04000001 D2 capture {"raw": "a5120200000000fc54fcec040dfb04000001", "label": "D2 capture", "kind": "short", "opcode": "0x02", "frag_index": null, "checksum_ok": true, "declared_length": 18}
2026-09-27T21:15:20.448+00:00 RX a5120200000000fc54fcec040dfb04000001 D2 capture {"raw": "a5120200000000fc54fcec040dfb04000001", "label": "D2 capture", "kind": "short", "opcode": "0x02", "frag_index": null, "checksum_ok": true, "declared_length": 18}
2026-09-27T21:15:20.463+00:00 RX a5120200000000fc54fcec040dfb04000001 D2 capture {"raw": "a5120200000000fc54fcec040dfb04000001", "label": "D2 capture", "kind": "short", "opcode": "0x02", "frag_index": null, "checksum_ok": true, "declared_length": 18}
2026-09-27T21:15:20.486+00:00 RX a5120200000000fc54fcec040dfb04000001 D2 capture {"raw": "a5120200000000fc54fcec040dfb04000001", "label": "D2 capture", "kind": "short", "opcode": "0x02", "frag_index": null, "checksum_ok": true, "declared_length": 18}
2026-09-27T21:15:20.502+00:00 RX a5120200000000fc54fcec040dfb04000001 D2 capture {"raw": "a5120200000000fc54fcec040dfb04000001", "label": "D2 capture", "kind": "short", "opcode": "0x02", "frag_index": null, "checksum_ok": true, "declared_length": 18}
2026-09-27T21:15:20.523+00:00 RX a5120200000000fc54fcec040dfb04000001 D2 capture {"raw": "a5120200000000fc54fcec040dfb04000001", "label": "D2 capture", "kind": "short", "opcode": "0x02", "frag_index": null, "checksum_ok": true, "declared_length": 18}
2026-09-27T21:15:20.523+00:00 RX a5120200000000fc54fcec040dfb04000001 D2 capture {"raw": "a5120200000000fc54fcec040dfb04000001", "label": "D2 capture", "kind": "short", "opcode": "0x02", "frag_index": null, "checksum_ok": true, "declared_length": 18}
2026-09-27T21:15:20.556+00:00 RX a5120200000000fc54fcec040dfb04000001 D2 capture {"raw": "a5120200000000fc54fcec040dfb04000001", "label": "D2 capture", "kind": "short", "opcode": "0x02", "frag_index": null, "checksum_ok": true, "declared_length": 18}
2026-09-27T21:15:20.556+00:00 RX a5120200000000fc54fcec040dfb04000001 D2 capture {"raw": "a5120200000000fc54fcec040dfb04000001", "label": "D2 capture", "kind": "short", "opcode": "0x02", "frag_index": null, "checksum_ok": true, "declared_length": 18}
2026-09-27T21:15:20.583+00:00 RX a5120200000000fc54fcec040dfb04000001 D2 capture {"raw": "a5120200000000fc54fcec040dfb04000001", "label": "D2 capture", "kind": "short", "opcode": "0x02", "frag_index": null, "checksum_ok": true, "declared_length": 18}
2026-09-27T21:15:20.599+00:00 RX a5120200000000fc54fcec040dfb04000001 D2 capture {"raw": "a5120200000000fc54fcec040dfb04000001", "label": "D2 capture", "kind": "short", "opcode": "0x02", "frag_index": null, "checksum_ok": true, "declared_length": 18}
2026-09-27T21:15:20.615+00:00 RX a5120200000000fc54fcec040dfb04000001 D2 capture {"raw": "a5120200000000fc54fcec040dfb04000001", "label": "D2 capture", "kind": "short", "opcode": "0x02", "frag_index": null, "checksum_ok": true, "declared_length": 18}
2026-09-27T21:15:20.629+00:00 RX a5120200000000fc54fcec040dfb04000001 D2 capture {"raw": "a5120200000000fc54fcec040dfb04000001", "label": "D2 capture", "kind": "short", "opcode": "0x02", "frag_index": null, "checksum_ok": true, "declared_length": 18}
2026-09-27T21:15:20.644+00:00 RX a5120200000000fc54fcec040dfb04000001 D2 capture {"raw": "a5120200000000fc54fcec040dfb04000001", "label": "D2 capture", "kind": "short", "opcode": "0x02", "frag_index": null, "checksum_ok": true, "declared_length": 18}
2026-09-27T21:15:20.658+00:00 RX a5120200000000fc54fcec040dfb04000001 D2 capture {"raw": "a5120200000000fc54fcec040dfb04000001", "label": "D2 capture", "kind": "short", "opcode": "0x02", "frag_index": null, "checksum_ok": true, "declared_length": 18}
2026-09-27T21:15:20.674+00:00 RX a5120200000000fc54fcec040dfb04000001 D2 capture {"raw": "a5120200000000fc54fcec040dfb04000001", "label": "D2 capture", "kind": "short", "opcode": "0x02", "frag_index": null, "checksum_ok": true, "declared_length": 18}
2026-09-27T21:15:20.697+00:00 RX a5120200000000fc54fcec040dfb04000001 D2 capture {"raw": "a5120200000000fc54fcec040dfb04000001", "label": "D2 capture", "kind": "short", "opcode": "0x02", "frag_index": null, "checksum_ok": true, "declared_length": 18}
2026-09-27T21:15:20.713+00:00 RX a5120200000000fc54fcec040dfb04000001 D2 capture {"raw": "a5120200000000fc54fcec040dfb04000001", "label": "D2 capture", "kind": "short", "opcode": "0x02", "frag_index": null, "checksum_ok": true, "declared_length": 18}
2026-09-27T21:15:20.726+00:00 RX a5120200000000fc54fcec040dfb04000001 D2 capture {"raw": "a5120200000000fc54fcec040dfb04000001", "label": "D2 capture", "kind": "short", "opcode": "0x02", "frag_index": null, "checksum_ok": true, "declared_length": 18}
2026-09-27T21:15:20.741+00:00 RX a5120200000000fc54fcec040dfb04000001 D2 capture {"raw": "a5120200000000fc54fcec040dfb04000001", "label": "D2 capture", "kind": "short", "opcode": "0x02", "frag_index": null, "checksum_ok": true, "declared_length": 18}
2026-09-27T21:15:20.757+00:00 RX a5120200000000fc54fcec040dfb04000001 D2 capture {"raw": "a5120200000000fc54fcec040dfb04000001", "label": "D2 capture", "kind": "short", "opcode": "0x02", "frag_index": null, "checksum_ok": true, "declared_length": 18}
2026-09-27T21:15:20.778+00:00 RX a5120200000000fc54fcec040dfb04000001 D2 capture {"raw": "a5120200000000fc54fcec040dfb04000001", "label": "D2 capture", "kind": "short", "opcode": "0x02", "frag_index": null, "checksum_ok": true, "declared_length": 18}
2026-09-27T21:15:20.793+00:00 RX a5120200000000fc54fcec040dfb04000001 D2 capture {"raw": "a5120200000000fc54fcec040dfb04000001", "label": "D2 capture", "kind": "short", "opcode": "0x02", "frag_index": null, "checksum_ok": true, "declared_length": 18}
2026-09-27T21:15:20.808+00:00 RX a5120200000000fc54fcec040dfb04000001 D2 capture {"raw": "a5120200000000fc54fcec040dfb04000001", "label": "D2 capture", "kind": "short", "opcode": "0x02", "frag_index": null, "checksum_ok": true, "declared_length": 18}
2026-09-27T21:15:20.824+00:00 RX a5120200000000fc54fcec040dfb04000001 D2 capture {"raw": "a5120200000000fc54fcec040dfb04000001", "label": "D2 capture", "kind": "short", "opcode": "0x02", "frag_index": null, "checksum_ok": true, "declared_length": 18}
2026-09-27T21:15:20.838+00:00 RX a5120200000000fc54fcec040dfb04000001 D2 capture {"raw": "a5120200000000fc54fcec040dfb04000001", "label": "D2 capture", "kind": "short", "opcode": "0x02", "frag_index": null, "checksum_ok": true, "declared_length": 18}
2026-09-27T21:15:20.854+00:00 RX a5120200000000fc54fcec040dfb04000001 D2 capture {"raw": "a5120200000000fc54fcec040dfb04000001", "label": "D2 capture", "kind": "short", "opcode": "0x02", "frag_index": null, "checksum_ok": true, "declared_length": 18}
2026-09-27T21:15:20.877+00:00 RX a5120200000000fc54fcec040dfb04000001 D2 capture {"raw": "a5120200000000fc54fcec040dfb04000001", "label": "D2 capture", "kind": "short", "opcode": "0x02", "frag_index": null, "checksum_ok": true, "declared_length": 18}
2026-09-27T21:15:20.891+00:00 RX a5120200000000fc54fcec040dfb04000001 D2 capture {"raw": "a5120200000000fc54fcec040dfb04000001", "label": "D2 capture", "kind": "short", "opcode": "0x02", "frag_index": null, "checksum_ok": true, "declared_length": 18}
2026-09-27T21:15:20.907+00:00 RX a5120200000000fc54fcec040dfb04000001 D2 capture {"raw": "a5120200000000fc54fcec040dfb04000001", "label": "D2 capture", "kind": "short", "opcode": "0x02", "frag_index": null, "checksum_ok": true, "declared_length": 18}
2026-09-27T21:15:20.922+00:00 RX a5120200000000fc54fcec040dfb04000001 D2 capture {"raw": "a5120200000000fc54fcec040dfb04000001", "label": "D2 capture", "kind": "short", "opcode": "0x02", "frag_index": null, "checksum_ok": true, "declared_length": 18}
2026-09-27T21:15:20.944+00:00 RX a5120200000000fc54fcec040dfb04000001 D2 capture {"raw": "a5120200000000fc54fcec040dfb04000001", "label": "D2 capture", "kind": "short", "opcode": "0x02", "frag_index": null, "checksum_ok": true, "declared_length": 18}
2026-09-27T21:15:20.944+00:00 RX a5120200000000fc54fcec040dfb04000001 D2 capture {"raw": "a5120200000000fc54fcec040dfb04000001", "label": "D2 capture", "kind": "short", "opcode": "0x02", "frag_index": null, "checksum_ok": true, "declared_length": 18}
2026-09-27T21:15:20.966+00:00 RX a5120200000000fc54fcec040dfb04000001 D2 capture {"raw": "a5120200000000fc54fcec040dfb04000001", "label": "D2 capture", "kind": "short", "opcode": "0x02", "frag_index": null, "checksum_ok": true, "declared_length": 18}
2026-09-27T21:15:20.988+00:00 RX a5120200000000fc54fcec040dfb04000001 D2 capture {"raw": "a5120200000000fc54fcec040dfb04000001", "label": "D2 capture", "kind": "short", "opcode": "0x02", "frag_index": null, "checksum_ok": true, "declared_length": 18}
2026-09-27T21:15:21.003+00:00 RX a5120200000000fc54fcec040dfb04000001 D2 capture {"raw": "a5120200000000fc54fcec040dfb04000001", "label": "D2 capture", "kind": "short", "opcode": "0x02", "frag_index": null, "checksum_ok": true, "declared_length": 18}
2026-09-27T21:15:21.018+00:00 RX a5120200000000fc54fcec040dfb04000001 D2 capture {"raw": "a5120200000000fc54fcec040dfb04000001", "label": "D2 capture", "kind": "short", "opcode": "0x02", "frag_index": null, "checksum_ok": true, "declared_length": 18}
2026-09-27T21:15:21.033+00:00 RX a5120200000000fc54fcec040dfb04000001 D2 capture {"raw": "a5120200000000fc54fcec040dfb04000001", "label": "D2 capture", "kind": "short", "opcode": "0x02", "frag_index": null, "checksum_ok": true, "declared_length": 18}
2026-09-27T21:15:21.048+00:00 RX a5120200000000fc54fcec040dfb04000001 D2 capture {"raw": "a5120200000000fc54fcec040dfb04000001", "label": "D2 capture", "kind": "short", "opcode": "0x02", "frag_index": null, "checksum_ok": true, "declared_length": 18}
2026-09-27T21:15:21.071+00:00 RX a5120200000000fc54fcec040dfb04000001 D2 capture {"raw": "a5120200000000fc54fcec040dfb04000001", "label": "D2 capture", "kind": "short", "opcode": "0x02", "frag_index": null, "checksum_ok": true, "declared_length": 18}
2026-09-27T21:15:21.087+00:00 RX a5120200000000fc54fcec040dfb04000001 D2 capture {"raw": "a5120200000000fc54fcec040dfb04000001", "label": "D2 capture", "kind": "short", "opcode": "0x02", "frag_index": null, "checksum_ok": true, "declared_length": 18}
2026-09-27T21:15:21.102+00:00 RX a5120200000000fc54fcec040dfb04000001 D2 capture {"raw": "a5120200000000fc54fcec040dfb04000001", "label": "D2 capture", "kind": "short", "opcode": "0x02", "frag_index": null, "checksum_ok": true, "declared_length": 18}
2026-09-27T21:15:21.117+00:00 RX a5120200000000fc54fcec040dfb04000001 D2 capture {"raw": "a5120200000000fc54fcec040dfb04000001", "label": "D2 capture", "kind": "short", "opcode": "0x02", "frag_index": null, "checksum_ok": true, "declared_length": 18}
2026-09-27T21:15:21.133+00:00 RX a5120200000000fc54fcec040dfb04000001 D2 capture {"raw": "a5120200000000fc54fcec040dfb04000001", "label": "D2 capture", "kind": "short", "opcode": "0x02", "frag_index": null, "checksum_ok": true, "declared_length": 18}
2026-09-27T21:15:21.154+00:00 RX a5120200000000fc54fcec040dfb04000001 D2 capture {"raw": "a5120200000000fc54fcec040dfb04000001", "label": "D2 capture", "kind": "short", "opcode": "0x02", "frag_index": null, "checksum_ok": true, "declared_length": 18}
2026-09-27T21:15:21.169+00:00 RX a5120200000000fc54fcec040dfb04000001 D2 capture {"raw": "a5120200000000fc54fcec040dfb04000001", "label": "D2 capture", "kind": "short", "opcode": "0x02", "frag_index": null, "checksum_ok": true, "declared_length": 18}
2026-09-27T21:15:21.185+00:00 RX a5120200000000fc54fcec040dfb04000001 D2 capture {"raw": "a5120200000000fc54fcec040dfb04000001", "label": "D2 capture", "kind": "short", "opcode": "0x02", "frag_index": null, "checksum_ok": true, "declared_length": 18}
2026-09-27T21:15:21.198+00:00 RX a5120200000000fc54fcec040dfb04000001 D2 capture {"raw": "a5120200000000fc54fcec040dfb04000001", "label": "D2 capture", "kind": "short", "opcode": "0x02", "frag_index": null, "checksum_ok": true, "declared_length": 18}
2026-09-27T21:15:21.213+00:00 RX a5120200000000fc54fcec040dfb04000001 D2 capture {"raw": "a5120200000000fc54fcec040dfb04000001", "label": "D2 capture", "kind": "short", "opcode": "0x02", "frag_index": null, "checksum_ok": true, "declared_length": 18}
2026-09-27T21:15:21.229+00:00 RX a5120200000000fc54fcec040dfb04000001 D2 capture {"raw": "a5120200000000fc54fcec040dfb04000001", "label": "D2 capture", "kind": "short", "opcode": "0x02", "frag_index": null, "checksum_ok": true, "declared_length": 18}
2026-09-27T21:15:21.253+00:00 RX a5120200000000fc54fcec040dfb04000001 D2 capture {"raw": "a5120200000000fc54fcec040dfb04000001", "label": "D2 capture", "kind": "short", "opcode": "0x02", "frag_index": null, "checksum_ok": true, "declared_length": 18}
2026-09-27T21:15:21.273+00:00 RX a5120200000000fc54fcec040dfb04000001 D2 capture {"raw": "a5120200000000fc54fcec040dfb04000001", "label": "D2 capture", "kind": "short", "opcode": "0x02", "frag_index": null, "checksum_ok": true, "declared_length": 18}
2026-09-27T21:15:21.274+00:00 RX a5120200000000fc54fcec040dfb04000001 D2 capture {"raw": "a5120200000000fc54fcec040dfb04000001", "label": "D2 capture", "kind": "short", "opcode": "0x02", "frag_index": null, "checksum_ok": true, "declared_length": 18}
2026-09-27T21:15:21.297+00:00 RX a5120200000000fc54fcec040dfb04000001 D2 capture {"raw": "a5120200000000fc54fcec040dfb04000001", "label": "D2 capture", "kind": "short", "opcode": "0x02", "frag_index": null, "checksum_ok": true, "declared_length": 18}
2026-09-27T21:15:21.311+00:00 RX a5120200000000fc54fcec040dfb04000001 D2 capture {"raw": "a5120200000000fc54fcec040dfb04000001", "label": "D2 capture", "kind": "short", "opcode": "0x02", "frag_index": null, "checksum_ok": true, "declared_length": 18}
2026-09-27T21:15:21.333+00:00 RX a5120200000000fc54fcec040dfb04000001 D2 capture {"raw": "a5120200000000fc54fcec040dfb04000001", "label": "D2 capture", "kind": "short", "opcode": "0x02", "frag_index": null, "checksum_ok": true, "declared_length": 18}
2026-09-27T21:15:21.350+00:00 RX a5120200000000fc54fcec040dfb04000001 D2 capture {"raw": "a5120200000000fc54fcec040dfb04000001", "label": "D2 capture", "kind": "short", "opcode": "0x02", "frag_index": null, "checksum_ok": true, "declared_length": 18}
2026-09-27T21:15:21.365+00:00 RX a5120200000000fc54fcec040dfb04000001 D2 capture {"raw": "a5120200000000fc54fcec040dfb04000001", "label": "D2 capture", "kind": "short", "opcode": "0x02", "frag_index": null, "checksum_ok": true, "declared_length": 18}
2026-09-27T21:15:21.380+00:00 RX a5120200000000fc54fcec040dfb04000001 D2 capture {"raw": "a5120200000000fc54fcec040dfb04000001", "label": "D2 capture", "kind": "short", "opcode": "0x02", "frag_index": null, "checksum_ok": true, "declared_length": 18}
2026-09-27T21:15:21.395+00:00 RX a5120200000000fc54fcec040dfb04000001 D2 capture {"raw": "a5120200000000fc54fcec040dfb04000001", "label": "D2 capture", "kind": "short", "opcode": "0x02", "frag_index": null, "checksum_ok": true, "declared_length": 18}
2026-09-27T21:15:21.410+00:00 RX a5120200000000fc54fcec040dfb04000001 D2 capture {"raw": "a5120200000000fc54fcec040dfb04000001", "label": "D2 capture", "kind": "short", "opcode": "0x02", "frag_index": null, "checksum_ok": true, "declared_length": 18}
2026-09-27T21:15:21.433+00:00 RX a5120200000000fc54fcec040dfb04000001 D2 capture {"raw": "a5120200000000fc54fcec040dfb04000001", "label": "D2 capture", "kind": "short", "opcode": "0x02", "frag_index": null, "checksum_ok": true, "declared_length": 18}
2026-09-27T21:15:21.635+00:00 RX a5120210000000fc54fcec040dfb04000011 D2 capture {"raw": "a5120210000000fc54fcec040dfb04000011", "label": "D2 capture", "kind": "short", "opcode": "0x02", "frag_index": null, "checksum_ok": true, "declared_length": 18}
2026-09-27T21:15:21.657+00:00 RX a5120210000000fc54fcec040dfb04000011 D2 capture {"raw": "a5120210000000fc54fcec040dfb04000011", "label": "D2 capture", "kind": "short", "opcode": "0x02", "frag_index": null, "checksum_ok": true, "declared_length": 18}
2026-09-27T21:15:21.658+00:00 RX a5120210000000fc54fcec040dfb04000011 D2 capture {"raw": "a5120210000000fc54fcec040dfb04000011", "label": "D2 capture", "kind": "short", "opcode": "0x02", "frag_index": null, "checksum_ok": true, "declared_length": 18}
2026-09-27T21:15:21.680+00:00 RX a5120210000000fc54fcec040dfb04000011 D2 capture {"raw": "a5120210000000fc54fcec040dfb04000011", "label": "D2 capture", "kind": "short", "opcode": "0x02", "frag_index": null, "checksum_ok": true, "declared_length": 18}
2026-09-27T21:15:21.695+00:00 RX a5120210000000fc54fcec040dfb04000011 D2 capture {"raw": "a5120210000000fc54fcec040dfb04000011", "label": "D2 capture", "kind": "short", "opcode": "0x02", "frag_index": null, "checksum_ok": true, "declared_length": 18}
2026-09-27T21:15:21.710+00:00 RX a5120210000000fc54fcec040dfb04000011 D2 capture {"raw": "a5120210000000fc54fcec040dfb04000011", "label": "D2 capture", "kind": "short", "opcode": "0x02", "frag_index": null, "checksum_ok": true, "declared_length": 18}
2026-09-27T21:15:21.731+00:00 RX a5120210000000fc54fcec040dfb04000011 D2 capture {"raw": "a5120210000000fc54fcec040dfb04000011", "label": "D2 capture", "kind": "short", "opcode": "0x02", "frag_index": null, "checksum_ok": true, "declared_length": 18}
2026-09-27T21:15:21.748+00:00 RX a5120210000000fc54fcec040dfb04000011 D2 capture {"raw": "a5120210000000fc54fcec040dfb04000011", "label": "D2 capture", "kind": "short", "opcode": "0x02", "frag_index": null, "checksum_ok": true, "declared_length": 18}
2026-09-27T21:15:21.763+00:00 RX a5120210000000fc54fcec040dfb04000011 D2 capture {"raw": "a5120210000000fc54fcec040dfb04000011", "label": "D2 capture", "kind": "short", "opcode": "0x02", "frag_index": null, "checksum_ok": true, "declared_length": 18}
2026-09-27T21:15:21.778+00:00 RX a5120210000000fc54fcec040dfb04000011 D2 capture {"raw": "a5120210000000fc54fcec040dfb04000011", "label": "D2 capture", "kind": "short", "opcode": "0x02", "frag_index": null, "checksum_ok": true, "declared_length": 18}
2026-09-27T21:15:21.792+00:00 RX a5120210000000fc54fcec040dfb04000011 D2 capture {"raw": "a5120210000000fc54fcec040dfb04000011", "label": "D2 capture", "kind": "short", "opcode": "0x02", "frag_index": null, "checksum_ok": true, "declared_length": 18}
2026-09-27T21:15:21.814+00:00 RX a5120210000000fc54fcec040dfb04000011 D2 capture {"raw": "a5120210000000fc54fcec040dfb04000011", "label": "D2 capture", "kind": "short", "opcode": "0x02", "frag_index": null, "checksum_ok": true, "declared_length": 18}
2026-09-27T21:15:21.837+00:00 RX a5120210000000fc54fcec040dfb04000011 D2 capture {"raw": "a5120210000000fc54fcec040dfb04000011", "label": "D2 capture", "kind": "short", "opcode": "0x02", "frag_index": null, "checksum_ok": true, "declared_length": 18}
2026-09-27T21:15:21.837+00:00 RX a5120210000000fc54fcec040dfb04000011 D2 capture {"raw": "a5120210000000fc54fcec040dfb04000011", "label": "D2 capture", "kind": "short", "opcode": "0x02", "frag_index": null, "checksum_ok": true, "declared_length": 18}
2026-09-27T21:15:21.858+00:00 RX a5120210000000fc54fcec040dfb04000011 D2 capture {"raw": "a5120210000000fc54fcec040dfb04000011", "label": "D2 capture", "kind": "short", "opcode": "0x02", "frag_index": null, "checksum_ok": true, "declared_length": 18}
2026-09-27T21:15:21.875+00:00 RX a5120210000000fc54fcec040dfb04000011 D2 capture {"raw": "a5120210000000fc54fcec040dfb04000011", "label": "D2 capture", "kind": "short", "opcode": "0x02", "frag_index": null, "checksum_ok": true, "declared_length": 18}
2026-09-27T21:15:21.890+00:00 RX a5120210000000fc54fcec040dfb04000011 D2 capture {"raw": "a5120210000000fc54fcec040dfb04000011", "label": "D2 capture", "kind": "short", "opcode": "0x02", "frag_index": null, "checksum_ok": true, "declared_length": 18}
2026-09-27T21:15:21.913+00:00 RX a5120200000000fc54fcec040dfb04000001 D2 capture {"raw": "a5120200000000fc54fcec040dfb04000001", "label": "D2 capture", "kind": "short", "opcode": "0x02", "frag_index": null, "checksum_ok": true, "declared_length": 18}
2026-09-27T21:15:21.927+00:00 RX a5120200000000fc54fcec040dfb04000001 D2 capture {"raw": "a5120200000000fc54fcec040dfb04000001", "label": "D2 capture", "kind": "short", "opcode": "0x02", "frag_index": null, "checksum_ok": true, "declared_length": 18}
2026-09-27T21:15:21.943+00:00 RX a5120200000000fc54fcec040dfb04000001 D2 capture {"raw": "a5120200000000fc54fcec040dfb04000001", "label": "D2 capture", "kind": "short", "opcode": "0x02", "frag_index": null, "checksum_ok": true, "declared_length": 18}
2026-09-27T21:15:21.957+00:00 RX a5120200000000fc54fcec040dfb04000001 D2 capture {"raw": "a5120200000000fc54fcec040dfb04000001", "label": "D2 capture", "kind": "short", "opcode": "0x02", "frag_index": null, "checksum_ok": true, "declared_length": 18}
2026-09-27T21:15:21.972+00:00 RX a5120200000000fc54fcec040dfb04000001 D2 capture {"raw": "a5120200000000fc54fcec040dfb04000001", "label": "D2 capture", "kind": "short", "opcode": "0x02", "frag_index": null, "checksum_ok": true, "declared_length": 18}
2026-09-27T21:15:21.995+00:00 RX a5120200000000fc54fcec040dfb04000001 D2 capture {"raw": "a5120200000000fc54fcec040dfb04000001", "label": "D2 capture", "kind": "short", "opcode": "0x02", "frag_index": null, "checksum_ok": true, "declared_length": 18}
2026-09-27T21:15:22.009+00:00 RX a5120200000000fc54fcec040dfb04000001 D2 capture {"raw": "a5120200000000fc54fcec040dfb04000001", "label": "D2 capture", "kind": "short", "opcode": "0x02", "frag_index": null, "checksum_ok": true, "declared_length": 18}
2026-09-27T21:15:22.025+00:00 RX a5120200000000fc54fcec040dfb04000001 D2 capture {"raw": "a5120200000000fc54fcec040dfb04000001", "label": "D2 capture", "kind": "short", "opcode": "0x02", "frag_index": null, "checksum_ok": true, "declared_length": 18}
2026-09-27T21:15:22.039+00:00 RX a5120200000000fc54fcec040dfb04000001 D2 capture {"raw": "a5120200000000fc54fcec040dfb04000001", "label": "D2 capture", "kind": "short", "opcode": "0x02", "frag_index": null, "checksum_ok": true, "declared_length": 18}
2026-09-27T21:15:22.054+00:00 RX a5120200000000fc54fcec040dfb04000001 D2 capture {"raw": "a5120200000000fc54fcec040dfb04000001", "label": "D2 capture", "kind": "short", "opcode": "0x02", "frag_index": null, "checksum_ok": true, "declared_length": 18}
2026-09-27T21:15:22.077+00:00 RX a5120200000000fc54fcec040dfb04000001 D2 capture {"raw": "a5120200000000fc54fcec040dfb04000001", "label": "D2 capture", "kind": "short", "opcode": "0x02", "frag_index": null, "checksum_ok": true, "declared_length": 18}
2026-09-27T21:15:22.092+00:00 RX a5120200000000fc54fcec040dfb04000001 D2 capture {"raw": "a5120200000000fc54fcec040dfb04000001", "label": "D2 capture", "kind": "short", "opcode": "0x02", "frag_index": null, "checksum_ok": true, "declared_length": 18}
2026-09-27T21:15:22.106+00:00 RX a5120200000000fc54fcec040dfb04000001 D2 capture {"raw": "a5120200000000fc54fcec040dfb04000001", "label": "D2 capture", "kind": "short", "opcode": "0x02", "frag_index": null, "checksum_ok": true, "declared_length": 18}
2026-09-27T21:15:22.121+00:00 RX a5120200000000fc54fcec040dfb04000001 D2 capture {"raw": "a5120200000000fc54fcec040dfb04000001", "label": "D2 capture", "kind": "short", "opcode": "0x02", "frag_index": null, "checksum_ok": true, "declared_length": 18}
2026-09-27T21:15:22.137+00:00 RX a5120200000000fc54fcec040dfb04000001 D2 capture {"raw": "a5120200000000fc54fcec040dfb04000001", "label": "D2 capture", "kind": "short", "opcode": "0x02", "frag_index": null, "checksum_ok": true, "declared_length": 18}
2026-09-27T21:15:22.153+00:00 RX a5120200000000fc54fcec040dfb04000001 D2 capture {"raw": "a5120200000000fc54fcec040dfb04000001", "label": "D2 capture", "kind": "short", "opcode": "0x02", "frag_index": null, "checksum_ok": true, "declared_length": 18}
2026-09-27T21:15:22.174+00:00 RX a5120200000000fc54fcec040dfb04000001 D2 capture {"raw": "a5120200000000fc54fcec040dfb04000001", "label": "D2 capture", "kind": "short", "opcode": "0x02", "frag_index": null, "checksum_ok": true, "declared_length": 18}
2026-09-27T21:15:22.190+00:00 RX a5120200000000fc54fcec040dfb04000001 D2 capture {"raw": "a5120200000000fc54fcec040dfb04000001", "label": "D2 capture", "kind": "short", "opcode": "0x02", "frag_index": null, "checksum_ok": true, "declared_length": 18}
2026-09-27T21:15:22.204+00:00 RX a5120200000000fc54fcec040dfb04000001 D2 capture {"raw": "a5120200000000fc54fcec040dfb04000001", "label": "D2 capture", "kind": "short", "opcode": "0x02", "frag_index": null, "checksum_ok": true, "declared_length": 18}
2026-09-27T21:15:22.220+00:00 RX a5120200000000fc54fcec040dfb04000001 D2 capture {"raw": "a5120200000000fc54fcec040dfb04000001", "label": "D2 capture", "kind": "short", "opcode": "0x02", "frag_index": null, "checksum_ok": true, "declared_length": 18}
2026-09-27T21:15:22.234+00:00 RX a5120200000000fc54fcec040dfb04000001 D2 capture {"raw": "a5120200000000fc54fcec040dfb04000001", "label": "D2 capture", "kind": "short", "opcode": "0x02", "frag_index": null, "checksum_ok": true, "declared_length": 18}
2026-09-27T21:15:22.248+00:00 RX a5120200000000fc54fcec040dfb04000001 D2 capture {"raw": "a5120200000000fc54fcec040dfb04000001", "label": "D2 capture", "kind": "short", "opcode": "0x02", "frag_index": null, "checksum_ok": true, "declared_length": 18}
2026-09-27T21:15:22.272+00:00 RX a5120200000000fc54fcec040dfb04000001 D2 capture {"raw": "a5120200000000fc54fcec040dfb04000001", "label": "D2 capture", "kind": "short", "opcode": "0x02", "frag_index": null, "checksum_ok": true, "declared_length": 18}
2026-09-27T21:15:22.288+00:00 RX a5120200000000fc54fcec040dfb04000001 D2 capture {"raw": "a5120200000000fc54fcec040dfb04000001", "label": "D2 capture", "kind": "short", "opcode": "0x02", "frag_index": null, "checksum_ok": true, "declared_length": 18}
2026-09-27T21:15:22.302+00:00 RX a5120200000000fc54fcec040dfb04000001 D2 capture {"raw": "a5120200000000fc54fcec040dfb04000001", "label": "D2 capture", "kind": "short", "opcode": "0x02", "frag_index": null, "checksum_ok": true, "declared_length": 18}
2026-09-27T21:15:22.316+00:00 RX a5120200000000fc54fcec040dfb04000001 D2 capture {"raw": "a5120200000000fc54fcec040dfb04000001", "label": "D2 capture", "kind": "short", "opcode": "0x02", "frag_index": null, "checksum_ok": true, "declared_length": 18}
2026-09-27T21:15:22.332+00:00 RX a5120200000000fc54fcec040dfb04000001 D2 capture {"raw": "a5120200000000fc54fcec040dfb04000001", "label": "D2 capture", "kind": "short", "opcode": "0x02", "frag_index": null, "checksum_ok": true, "declared_length": 18}
2026-09-27T21:15:22.353+00:00 RX a5120200000000fc54fcec040dfb04000001 D2 capture {"raw": "a5120200000000fc54fcec040dfb04000001", "label": "D2 capture", "kind": "short", "opcode": "0x02", "frag_index": null, "checksum_ok": true, "declared_length": 18}
2026-09-27T21:15:22.368+00:00 RX a5120200000000fc54fcec040dfb04000001 D2 capture {"raw": "a5120200000000fc54fcec040dfb04000001", "label": "D2 capture", "kind": "short", "opcode": "0x02", "frag_index": null, "checksum_ok": true, "declared_length": 18}
2026-09-27T21:15:22.383+00:00 RX a5120200000000fc54fcec040dfb04000001 D2 capture {"raw": "a5120200000000fc54fcec040dfb04000001", "label": "D2 capture", "kind": "short", "opcode": "0x02", "frag_index": null, "checksum_ok": true, "declared_length": 18}
2026-09-27T21:15:22.398+00:00 RX a5120200000000fc54fcec040dfb04000001 D2 capture {"raw": "a5120200000000fc54fcec040dfb04000001", "label": "D2 capture", "kind": "short", "opcode": "0x02", "frag_index": null, "checksum_ok": true, "declared_length": 18}
2026-09-27T21:15:22.415+00:00 RX a5120200000000fc54fcec040dfb04000001 D2 capture {"raw": "a5120200000000fc54fcec040dfb04000001", "label": "D2 capture", "kind": "short", "opcode": "0x02", "frag_index": null, "checksum_ok": true, "declared_length": 18}
2026-09-27T21:15:22.428+00:00 RX a5120200000000fc54fcec040dfb04000001 D2 capture {"raw": "a5120200000000fc54fcec040dfb04000001", "label": "D2 capture", "kind": "short", "opcode": "0x02", "frag_index": null, "checksum_ok": true, "declared_length": 18}
2026-09-27T21:15:22.451+00:00 RX a5120200000000fc54fcec040dfb04000001 D2 capture {"raw": "a5120200000000fc54fcec040dfb04000001", "label": "D2 capture", "kind": "short", "opcode": "0x02", "frag_index": null, "checksum_ok": true, "declared_length": 18}
2026-09-27T21:15:22.467+00:00 RX a5120200000000fc54fcec040dfb04000001 D2 capture {"raw": "a5120200000000fc54fcec040dfb04000001", "label": "D2 capture", "kind": "short", "opcode": "0x02", "frag_index": null, "checksum_ok": true, "declared_length": 18}
2026-09-27T21:15:22.483+00:00 RX a5120200000000fc54fcec040dfb04000001 D2 capture {"raw": "a5120200000000fc54fcec040dfb04000001", "label": "D2 capture", "kind": "short", "opcode": "0x02", "frag_index": null, "checksum_ok": true, "declared_length": 18}
2026-09-27T21:15:22.496+00:00 RX a5120200000000fc54fcec040dfb04000001 D2 capture {"raw": "a5120200000000fc54fcec040dfb04000001", "label": "D2 capture", "kind": "short", "opcode": "0x02", "frag_index": null, "checksum_ok": true, "declared_length": 18}
2026-09-27T21:15:22.511+00:00 RX a5120200000000fc54fcec040dfb04000001 D2 capture {"raw": "a5120200000000fc54fcec040dfb04000001", "label": "D2 capture", "kind": "short", "opcode": "0x02", "frag_index": null, "checksum_ok": true, "declared_length": 18}
2026-09-27T21:15:22.535+00:00 RX a5120200000000fc54fcec040dfb04000001 D2 capture {"raw": "a5120200000000fc54fcec040dfb04000001", "label": "D2 capture", "kind": "short", "opcode": "0x02", "frag_index": null, "checksum_ok": true, "declared_length": 18}
2026-09-27T21:15:22.551+00:00 RX a5120200000000fc54fcec040dfb04000001 D2 capture {"raw": "a5120200000000fc54fcec040dfb04000001", "label": "D2 capture", "kind": "short", "opcode": "0x02", "frag_index": null, "checksum_ok": true, "declared_length": 18}
2026-09-27T21:15:22.564+00:00 RX a5120200000000fc54fcec040dfb04000001 D2 capture {"raw": "a5120200000000fc54fcec040dfb04000001", "label": "D2 capture", "kind": "short", "opcode": "0x02", "frag_index": null, "checksum_ok": true, "declared_length": 18}
2026-09-27T21:15:22.579+00:00 RX a5120200000000fc54fcec040dfb04000001 D2 capture {"raw": "a5120200000000fc54fcec040dfb04000001", "label": "D2 capture", "kind": "short", "opcode": "0x02", "frag_index": null, "checksum_ok": true, "declared_length": 18}
2026-09-27T21:15:22.593+00:00 RX a5120200000000fc54fcec040dfb04000001 D2 capture {"raw": "a5120200000000fc54fcec040dfb04000001", "label": "D2 capture", "kind": "short", "opcode": "0x02", "frag_index": null, "checksum_ok": true, "declared_length": 18}
2026-09-27T21:15:22.609+00:00 RX a5120200000000fc54fcec040dfb04000001 D2 capture {"raw": "a5120200000000fc54fcec040dfb04000001", "label": "D2 capture", "kind": "short", "opcode": "0x02", "frag_index": null, "checksum_ok": true, "declared_length": 18}
2026-09-27T21:15:22.631+00:00 RX a5120200000000fc54fcec040dfb04000001 D2 capture {"raw": "a5120200000000fc54fcec040dfb04000001", "label": "D2 capture", "kind": "short", "opcode": "0x02", "frag_index": null, "checksum_ok": true, "declared_length": 18}
2026-09-27T21:15:22.646+00:00 RX a5120200000000fc54fcec040dfb04000001 D2 capture {"raw": "a5120200000000fc54fcec040dfb04000001", "label": "D2 capture", "kind": "short", "opcode": "0x02", "frag_index": null, "checksum_ok": true, "declared_length": 18}
2026-09-27T21:15:22.669+00:00 RX a5120200000000fc54fcec040dfb04000001 D2 capture {"raw": "a5120200000000fc54fcec040dfb04000001", "label": "D2 capture", "kind": "short", "opcode": "0x02", "frag_index": null, "checksum_ok": true, "declared_length": 18}
2026-09-27T21:15:22.670+00:00 RX a5120200000000fc54fcec040dfb04000001 D2 capture {"raw": "a5120200000000fc54fcec040dfb04000001", "label": "D2 capture", "kind": "short", "opcode": "0x02", "frag_index": null, "checksum_ok": true, "declared_length": 18}
2026-09-27T21:15:22.693+00:00 RX a5120200000000fc54fcec040dfb04000001 D2 capture {"raw": "a5120200000000fc54fcec040dfb04000001", "label": "D2 capture", "kind": "short", "opcode": "0x02", "frag_index": null, "checksum_ok": true, "declared_length": 18}
2026-09-27T21:15:22.708+00:00 RX a5120200000000fc54fcec040dfb04000001 D2 capture {"raw": "a5120200000000fc54fcec040dfb04000001", "label": "D2 capture", "kind": "short", "opcode": "0x02", "frag_index": null, "checksum_ok": true, "declared_length": 18}
2026-09-27T21:15:22.739+00:00 RX a5120200000000fc54fcec040dfb04000001 D2 capture {"raw": "a5120200000000fc54fcec040dfb04000001", "label": "D2 capture", "kind": "short", "opcode": "0x02", "frag_index": null, "checksum_ok": true, "declared_length": 18}
2026-09-27T21:15:22.740+00:00 RX a5120200000000fc54fcec040dfb04000001 D2 capture {"raw": "a5120200000000fc54fcec040dfb04000001", "label": "D2 capture", "kind": "short", "opcode": "0x02", "frag_index": null, "checksum_ok": true, "declared_length": 18}
2026-09-27T21:15:22.759+00:00 RX a5120200000000fc54fcec040dfb04000001 D2 capture {"raw": "a5120200000000fc54fcec040dfb04000001", "label": "D2 capture", "kind": "short", "opcode": "0x02", "frag_index": null, "checksum_ok": true, "declared_length": 18}
2026-09-27T21:15:22.775+00:00 RX a5120200000000fc54fcec040dfb04000001 D2 capture {"raw": "a5120200000000fc54fcec040dfb04000001", "label": "D2 capture", "kind": "short", "opcode": "0x02", "frag_index": null, "checksum_ok": true, "declared_length": 18}
2026-09-27T21:15:22.788+00:00 RX a5120200000000fc54fcec040dfb04000001 D2 capture {"raw": "a5120200000000fc54fcec040dfb04000001", "label": "D2 capture", "kind": "short", "opcode": "0x02", "frag_index": null, "checksum_ok": true, "declared_length": 18}
2026-09-27T21:15:22.814+00:00 RX a5120200000000fc54fcec040dfb04000001 D2 capture {"raw": "a5120200000000fc54fcec040dfb04000001", "label": "D2 capture", "kind": "short", "opcode": "0x02", "frag_index": null, "checksum_ok": true, "declared_length": 18}
2026-09-27T21:15:22.826+00:00 RX a5120200000000fc54fcec040dfb04000001 D2 capture {"raw": "a5120200000000fc54fcec040dfb04000001", "label": "D2 capture", "kind": "short", "opcode": "0x02", "frag_index": null, "checksum_ok": true, "declared_length": 18}
2026-09-27T21:15:22.841+00:00 RX a5120200000000fc54fcec040dfb04000001 D2 capture {"raw": "a5120200000000fc54fcec040dfb04000001", "label": "D2 capture", "kind": "short", "opcode": "0x02", "frag_index": null, "checksum_ok": true, "declared_length": 18}
2026-09-27T21:15:22.857+00:00 RX a5120200000000fc54fcec040dfb04000001 D2 capture {"raw": "a5120200000000fc54fcec040dfb04000001", "label": "D2 capture", "kind": "short", "opcode": "0x02", "frag_index": null, "checksum_ok": true, "declared_length": 18}
2026-09-27T21:15:22.871+00:00 RX a5120200000000fc54fcec040dfb04000001 D2 capture {"raw": "a5120200000000fc54fcec040dfb04000001", "label": "D2 capture", "kind": "short", "opcode": "0x02", "frag_index": null, "checksum_ok": true, "declared_length": 18}
2026-09-27T21:15:22.886+00:00 RX a5120200000000fc54fcec040dfb04000001 D2 capture {"raw": "a5120200000000fc54fcec040dfb04000001", "label": "D2 capture", "kind": "short", "opcode": "0x02", "frag_index": null, "checksum_ok": true, "declared_length": 18}
2026-09-27T21:15:22.908+00:00 RX a5120200000000fc54fcec040dfb04000001 D2 capture {"raw": "a5120200000000fc54fcec040dfb04000001", "label": "D2 capture", "kind": "short", "opcode": "0x02", "frag_index": null, "checksum_ok": true, "declared_length": 18}
2026-09-27T21:15:22.924+00:00 RX a5120200000000fc54fcec040dfb04000001 D2 capture {"raw": "a5120200000000fc54fcec040dfb04000001", "label": "D2 capture", "kind": "short", "opcode": "0x02", "frag_index": null, "checksum_ok": true, "declared_length": 18}
2026-09-27T21:15:22.940+00:00 RX a5120200000000fc54fcec040dfb04000001 D2 capture {"raw": "a5120200000000fc54fcec040dfb04000001", "label": "D2 capture", "kind": "short", "opcode": "0x02", "frag_index": null, "checksum_ok": true, "declared_length": 18}
2026-09-27T21:15:22.955+00:00 RX a5120200000000fc54fcec040dfb04000001 D2 capture {"raw": "a5120200000000fc54fcec040dfb04000001", "label": "D2 capture", "kind": "short", "opcode": "0x02", "frag_index": null, "checksum_ok": true, "declared_length": 18}
2026-09-27T21:15:22.969+00:00 RX a5120200000000fc54fcec040dfb04000001 D2 capture {"raw": "a5120200000000fc54fcec040dfb04000001", "label": "D2 capture", "kind": "short", "opcode": "0x02", "frag_index": null, "checksum_ok": true, "declared_length": 18}
2026-09-27T21:15:22.993+00:00 RX a5120200000000fc54fcec040dfb04000001 D2 capture {"raw": "a5120200000000fc54fcec040dfb04000001", "label": "D2 capture", "kind": "short", "opcode": "0x02", "frag_index": null, "checksum_ok": true, "declared_length": 18}
2026-09-27T21:15:23.009+00:00 RX a5120200000000fc54fcec040dfb04000001 D2 capture {"raw": "a5120200000000fc54fcec040dfb04000001", "label": "D2 capture", "kind": "short", "opcode": "0x02", "frag_index": null, "checksum_ok": true, "declared_length": 18}
2026-09-27T21:15:23.022+00:00 RX a5120200000000fc54fcec040dfb04000001 D2 capture {"raw": "a5120200000000fc54fcec040dfb04000001", "label": "D2 capture", "kind": "short", "opcode": "0x02", "frag_index": null, "checksum_ok": true, "declared_length": 18}
2026-09-27T21:15:23.037+00:00 RX a5120200000000fc54fcec040dfb04000001 D2 capture {"raw": "a5120200000000fc54fcec040dfb04000001", "label": "D2 capture", "kind": "short", "opcode": "0x02", "frag_index": null, "checksum_ok": true, "declared_length": 18}
2026-09-27T21:15:23.053+00:00 RX a5120200000000fc54fcec040dfb04000001 D2 capture {"raw": "a5120200000000fc54fcec040dfb04000001", "label": "D2 capture", "kind": "short", "opcode": "0x02", "frag_index": null, "checksum_ok": true, "declared_length": 18}
2026-09-27T21:15:23.069+00:00 RX a5120200000000fc54fcec040dfb04000001 D2 capture {"raw": "a5120200000000fc54fcec040dfb04000001", "label": "D2 capture", "kind": "short", "opcode": "0x02", "frag_index": null, "checksum_ok": true, "declared_length": 18}
2026-09-27T21:15:23.089+00:00 RX a5120200000000fc54fcec040dfb04000001 D2 capture {"raw": "a5120200000000fc54fcec040dfb04000001", "label": "D2 capture", "kind": "short", "opcode": "0x02", "frag_index": null, "checksum_ok": true, "declared_length": 18}
2026-09-27T21:15:23.103+00:00 RX a5120200000000fc54fcec040dfb04000001 D2 capture {"raw": "a5120200000000fc54fcec040dfb04000001", "label": "D2 capture", "kind": "short", "opcode": "0x02", "frag_index": null, "checksum_ok": true, "declared_length": 18}
2026-09-27T21:15:23.118+00:00 RX a5120220000000fc54fcec040dfb04000021 D2 capture {"raw": "a5120220000000fc54fcec040dfb04000021", "label": "D2 capture", "kind": "short", "opcode": "0x02", "frag_index": null, "checksum_ok": true, "declared_length": 18}
2026-09-27T21:15:23.133+00:00 RX a5120220000000fc54fcec040dfb04000021 D2 capture {"raw": "a5120220000000fc54fcec040dfb04000021", "label": "D2 capture", "kind": "short", "opcode": "0x02", "frag_index": null, "checksum_ok": true, "declared_length": 18}
2026-09-27T21:15:23.148+00:00 RX a5120220000000fc54fcec040dfb04000021 D2 capture {"raw": "a5120220000000fc54fcec040dfb04000021", "label": "D2 capture", "kind": "short", "opcode": "0x02", "frag_index": null, "checksum_ok": true, "declared_length": 18}
2026-09-27T21:15:23.171+00:00 RX a5120220000000fc54fcec040dfb04000021 D2 capture {"raw": "a5120220000000fc54fcec040dfb04000021", "label": "D2 capture", "kind": "short", "opcode": "0x02", "frag_index": null, "checksum_ok": true, "declared_length": 18}
2026-09-27T21:15:23.186+00:00 RX a5120220000000fc54fcec040dfb04000021 D2 capture {"raw": "a5120220000000fc54fcec040dfb04000021", "label": "D2 capture", "kind": "short", "opcode": "0x02", "frag_index": null, "checksum_ok": true, "declared_length": 18}
2026-09-27T21:15:23.203+00:00 RX a5120220000000fc54fcec040dfb04000021 D2 capture {"raw": "a5120220000000fc54fcec040dfb04000021", "label": "D2 capture", "kind": "short", "opcode": "0x02", "frag_index": null, "checksum_ok": true, "declared_length": 18}
2026-09-27T21:15:23.225+00:00 RX a5120220000000fc54fcec040dfb04000021 D2 capture {"raw": "a5120220000000fc54fcec040dfb04000021", "label": "D2 capture", "kind": "short", "opcode": "0x02", "frag_index": null, "checksum_ok": true, "declared_length": 18}
2026-09-27T21:15:23.225+00:00 RX a5120220000000fc54fcec040dfb04000021 D2 capture {"raw": "a5120220000000fc54fcec040dfb04000021", "label": "D2 capture", "kind": "short", "opcode": "0x02", "frag_index": null, "checksum_ok": true, "declared_length": 18}
2026-09-27T21:15:23.249+00:00 RX a5120220000000fc54fcec040dfb04000021 D2 capture {"raw": "a5120220000000fc54fcec040dfb04000021", "label": "D2 capture", "kind": "short", "opcode": "0x02", "frag_index": null, "checksum_ok": true, "declared_length": 18}
2026-09-27T21:15:23.270+00:00 RX a5120220000000fc54fcec040dfb04000021 D2 capture {"raw": "a5120220000000fc54fcec040dfb04000021", "label": "D2 capture", "kind": "short", "opcode": "0x02", "frag_index": null, "checksum_ok": true, "declared_length": 18}
2026-09-27T21:15:23.285+00:00 RX a5120220000000fc54fcec040dfb04000021 D2 capture {"raw": "a5120220000000fc54fcec040dfb04000021", "label": "D2 capture", "kind": "short", "opcode": "0x02", "frag_index": null, "checksum_ok": true, "declared_length": 18}
2026-09-27T21:15:23.301+00:00 RX a5120220000000fc54fcec040dfb04000021 D2 capture {"raw": "a5120220000000fc54fcec040dfb04000021", "label": "D2 capture", "kind": "short", "opcode": "0x02", "frag_index": null, "checksum_ok": true, "declared_length": 18}
2026-09-27T21:15:23.313+00:00 RX a5120220000000fc54fcec040dfb04000021 D2 capture {"raw": "a5120220000000fc54fcec040dfb04000021", "label": "D2 capture", "kind": "short", "opcode": "0x02", "frag_index": null, "checksum_ok": true, "declared_length": 18}
2026-09-27T21:15:23.329+00:00 RX a5120220000000fc54fcec040dfb04000021 D2 capture {"raw": "a5120220000000fc54fcec040dfb04000021", "label": "D2 capture", "kind": "short", "opcode": "0x02", "frag_index": null, "checksum_ok": true, "declared_length": 18}
2026-09-27T21:15:23.353+00:00 RX a5120220000000fc54fcec040dfb04000021 D2 capture {"raw": "a5120220000000fc54fcec040dfb04000021", "label": "D2 capture", "kind": "short", "opcode": "0x02", "frag_index": null, "checksum_ok": true, "declared_length": 18}
2026-09-27T21:15:23.368+00:00 RX a5120220000000fc54fcec040dfb04000021 D2 capture {"raw": "a5120220000000fc54fcec040dfb04000021", "label": "D2 capture", "kind": "short", "opcode": "0x02", "frag_index": null, "checksum_ok": true, "declared_length": 18}
2026-09-27T21:15:23.381+00:00 RX a5120220000000fc54fcec040dfb04000021 D2 capture {"raw": "a5120220000000fc54fcec040dfb04000021", "label": "D2 capture", "kind": "short", "opcode": "0x02", "frag_index": null, "checksum_ok": true, "declared_length": 18}
2026-09-27T21:15:23.396+00:00 RX a5120220000000fc54fcec040dfb04000021 D2 capture {"raw": "a5120220000000fc54fcec040dfb04000021", "label": "D2 capture", "kind": "short", "opcode": "0x02", "frag_index": null, "checksum_ok": true, "declared_length": 18}
2026-09-27T21:15:23.412+00:00 RX a5120220000000fc54fcec040dfb04000021 D2 capture {"raw": "a5120220000000fc54fcec040dfb04000021", "label": "D2 capture", "kind": "short", "opcode": "0x02", "frag_index": null, "checksum_ok": true, "declared_length": 18}
2026-09-27T21:15:23.426+00:00 RX a5120220000000fc54fcec040dfb04000021 D2 capture {"raw": "a5120220000000fc54fcec040dfb04000021", "label": "D2 capture", "kind": "short", "opcode": "0x02", "frag_index": null, "checksum_ok": true, "declared_length": 18}
2026-09-27T21:15:23.448+00:00 RX a5120220000000fc54fcec040dfb04000021 D2 capture {"raw": "a5120220000000fc54fcec040dfb04000021", "label": "D2 capture", "kind": "short", "opcode": "0x02", "frag_index": null, "checksum_ok": true, "declared_length": 18}
2026-09-27T21:15:23.465+00:00 RX a5120220000000fc54fcec040dfb04000021 D2 capture {"raw": "a5120220000000fc54fcec040dfb04000021", "label": "D2 capture", "kind": "short", "opcode": "0x02", "frag_index": null, "checksum_ok": true, "declared_length": 18}
2026-09-27T21:15:23.479+00:00 RX a5120220000000fc54fcec040dfb04000021 D2 capture {"raw": "a5120220000000fc54fcec040dfb04000021", "label": "D2 capture", "kind": "short", "opcode": "0x02", "frag_index": null, "checksum_ok": true, "declared_length": 18}
2026-09-27T21:15:23.494+00:00 RX a5120220000000fc54fcec040dfb04000021 D2 capture {"raw": "a5120220000000fc54fcec040dfb04000021", "label": "D2 capture", "kind": "short", "opcode": "0x02", "frag_index": null, "checksum_ok": true, "declared_length": 18}
2026-09-27T21:15:23.509+00:00 RX a5120200000000fc54fcec040dfb04000001 D2 capture {"raw": "a5120200000000fc54fcec040dfb04000001", "label": "D2 capture", "kind": "short", "opcode": "0x02", "frag_index": null, "checksum_ok": true, "declared_length": 18}
2026-09-27T21:15:23.532+00:00 RX a5120200000000fc54fcec040dfb04000001 D2 capture {"raw": "a5120200000000fc54fcec040dfb04000001", "label": "D2 capture", "kind": "short", "opcode": "0x02", "frag_index": null, "checksum_ok": true, "declared_length": 18}
2026-09-27T21:15:23.549+00:00 RX a5120200000000fc54fcec040dfb04000001 D2 capture {"raw": "a5120200000000fc54fcec040dfb04000001", "label": "D2 capture", "kind": "short", "opcode": "0x02", "frag_index": null, "checksum_ok": true, "declared_length": 18}
2026-09-27T21:15:23.563+00:00 RX a5120200000000fc54fcec040dfb04000001 D2 capture {"raw": "a5120200000000fc54fcec040dfb04000001", "label": "D2 capture", "kind": "short", "opcode": "0x02", "frag_index": null, "checksum_ok": true, "declared_length": 18}
2026-09-27T21:15:23.578+00:00 RX a5120200000000fc54fcec040dfb04000001 D2 capture {"raw": "a5120200000000fc54fcec040dfb04000001", "label": "D2 capture", "kind": "short", "opcode": "0x02", "frag_index": null, "checksum_ok": true, "declared_length": 18}
2026-09-27T21:15:23.591+00:00 RX a5120200000000fc54fcec040dfb04000001 D2 capture {"raw": "a5120200000000fc54fcec040dfb04000001", "label": "D2 capture", "kind": "short", "opcode": "0x02", "frag_index": null, "checksum_ok": true, "declared_length": 18}
2026-09-27T21:15:23.607+00:00 RX a5120200000000fc54fcec040dfb04000001 D2 capture {"raw": "a5120200000000fc54fcec040dfb04000001", "label": "D2 capture", "kind": "short", "opcode": "0x02", "frag_index": null, "checksum_ok": true, "declared_length": 18}
2026-09-27T21:15:23.628+00:00 RX a5120200000000fc54fcec040dfb04000001 D2 capture {"raw": "a5120200000000fc54fcec040dfb04000001", "label": "D2 capture", "kind": "short", "opcode": "0x02", "frag_index": null, "checksum_ok": true, "declared_length": 18}
2026-09-27T21:15:23.643+00:00 RX a5120200000000fc54fcec040dfb04000001 D2 capture {"raw": "a5120200000000fc54fcec040dfb04000001", "label": "D2 capture", "kind": "short", "opcode": "0x02", "frag_index": null, "checksum_ok": true, "declared_length": 18}
2026-09-27T21:15:23.659+00:00 RX a5120200000000fc54fcec040dfb04000001 D2 capture {"raw": "a5120200000000fc54fcec040dfb04000001", "label": "D2 capture", "kind": "short", "opcode": "0x02", "frag_index": null, "checksum_ok": true, "declared_length": 18}
2026-09-27T21:15:23.673+00:00 RX a5120200000000fc54fcec040dfb04000001 D2 capture {"raw": "a5120200000000fc54fcec040dfb04000001", "label": "D2 capture", "kind": "short", "opcode": "0x02", "frag_index": null, "checksum_ok": true, "declared_length": 18}
2026-09-27T21:15:23.688+00:00 RX a5120200000000fc54fcec040dfb04000001 D2 capture {"raw": "a5120200000000fc54fcec040dfb04000001", "label": "D2 capture", "kind": "short", "opcode": "0x02", "frag_index": null, "checksum_ok": true, "declared_length": 18}
2026-09-27T21:15:23.711+00:00 RX a5120200000000fc54fcec040dfb04000001 D2 capture {"raw": "a5120200000000fc54fcec040dfb04000001", "label": "D2 capture", "kind": "short", "opcode": "0x02", "frag_index": null, "checksum_ok": true, "declared_length": 18}
2026-09-27T21:15:23.726+00:00 RX a5120200000000fc54fcec040dfb04000001 D2 capture {"raw": "a5120200000000fc54fcec040dfb04000001", "label": "D2 capture", "kind": "short", "opcode": "0x02", "frag_index": null, "checksum_ok": true, "declared_length": 18}
2026-09-27T21:15:23.743+00:00 RX a5120200000000fc54fcec040dfb04000001 D2 capture {"raw": "a5120200000000fc54fcec040dfb04000001", "label": "D2 capture", "kind": "short", "opcode": "0x02", "frag_index": null, "checksum_ok": true, "declared_length": 18}
2026-09-27T21:15:23.757+00:00 RX a5120200000000fc54fcec040dfb04000001 D2 capture {"raw": "a5120200000000fc54fcec040dfb04000001", "label": "D2 capture", "kind": "short", "opcode": "0x02", "frag_index": null, "checksum_ok": true, "declared_length": 18}
2026-09-27T21:15:23.773+00:00 RX a5120200000000fc54fcec040dfb04000001 D2 capture {"raw": "a5120200000000fc54fcec040dfb04000001", "label": "D2 capture", "kind": "short", "opcode": "0x02", "frag_index": null, "checksum_ok": true, "declared_length": 18}
2026-09-27T21:15:23.787+00:00 RX a5120200000000fc54fcec040dfb04000001 D2 capture {"raw": "a5120200000000fc54fcec040dfb04000001", "label": "D2 capture", "kind": "short", "opcode": "0x02", "frag_index": null, "checksum_ok": true, "declared_length": 18}
2026-09-27T21:15:23.810+00:00 RX a5120200000000fc54fcec040dfb04000001 D2 capture {"raw": "a5120200000000fc54fcec040dfb04000001", "label": "D2 capture", "kind": "short", "opcode": "0x02", "frag_index": null, "checksum_ok": true, "declared_length": 18}
2026-09-27T21:15:23.825+00:00 RX a5120200000000fc54fcec040dfb04000001 D2 capture {"raw": "a5120200000000fc54fcec040dfb04000001", "label": "D2 capture", "kind": "short", "opcode": "0x02", "frag_index": null, "checksum_ok": true, "declared_length": 18}
2026-09-27T21:15:23.840+00:00 RX a5120200000000fc54fcec040dfb04000001 D2 capture {"raw": "a5120200000000fc54fcec040dfb04000001", "label": "D2 capture", "kind": "short", "opcode": "0x02", "frag_index": null, "checksum_ok": true, "declared_length": 18}
2026-09-27T21:15:23.854+00:00 RX a5120200000000fc54fcec040dfb04000001 D2 capture {"raw": "a5120200000000fc54fcec040dfb04000001", "label": "D2 capture", "kind": "short", "opcode": "0x02", "frag_index": null, "checksum_ok": true, "declared_length": 18}
2026-09-27T21:15:23.869+00:00 RX a5120200000000fc54fcec040dfb04000001 D2 capture {"raw": "a5120200000000fc54fcec040dfb04000001", "label": "D2 capture", "kind": "short", "opcode": "0x02", "frag_index": null, "checksum_ok": true, "declared_length": 18}
2026-09-27T21:15:23.892+00:00 RX a5120200000000fc54fcec040dfb04000001 D2 capture {"raw": "a5120200000000fc54fcec040dfb04000001", "label": "D2 capture", "kind": "short", "opcode": "0x02", "frag_index": null, "checksum_ok": true, "declared_length": 18}
2026-09-27T21:15:23.906+00:00 RX a5120200000000fc54fcec040dfb04000001 D2 capture {"raw": "a5120200000000fc54fcec040dfb04000001", "label": "D2 capture", "kind": "short", "opcode": "0x02", "frag_index": null, "checksum_ok": true, "declared_length": 18}
2026-09-27T21:15:23.922+00:00 RX a5120200000000fc54fcec040dfb04000001 D2 capture {"raw": "a5120200000000fc54fcec040dfb04000001", "label": "D2 capture", "kind": "short", "opcode": "0x02", "frag_index": null, "checksum_ok": true, "declared_length": 18}
2026-09-27T21:15:23.945+00:00 RX a5120200000000fc54fcec040dfb04000001 D2 capture {"raw": "a5120200000000fc54fcec040dfb04000001", "label": "D2 capture", "kind": "short", "opcode": "0x02", "frag_index": null, "checksum_ok": true, "declared_length": 18}
2026-09-27T21:15:23.945+00:00 RX a5120200000000fc54fcec040dfb04000001 D2 capture {"raw": "a5120200000000fc54fcec040dfb04000001", "label": "D2 capture", "kind": "short", "opcode": "0x02", "frag_index": null, "checksum_ok": true, "declared_length": 18}
2026-09-27T21:15:23.966+00:00 RX a5120200000000fc54fcec040dfb04000001 D2 capture {"raw": "a5120200000000fc54fcec040dfb04000001", "label": "D2 capture", "kind": "short", "opcode": "0x02", "frag_index": null, "checksum_ok": true, "declared_length": 18}
2026-09-27T21:15:23.988+00:00 RX a5120200000000fc54fcec040dfb04000001 D2 capture {"raw": "a5120200000000fc54fcec040dfb04000001", "label": "D2 capture", "kind": "short", "opcode": "0x02", "frag_index": null, "checksum_ok": true, "declared_length": 18}
2026-09-27T21:15:24.003+00:00 RX a5120200000000fc54fcec040dfb04000001 D2 capture {"raw": "a5120200000000fc54fcec040dfb04000001", "label": "D2 capture", "kind": "short", "opcode": "0x02", "frag_index": null, "checksum_ok": true, "declared_length": 18}
2026-09-27T21:15:24.019+00:00 RX a5120200000000fc54fcec040dfb04000001 D2 capture {"raw": "a5120200000000fc54fcec040dfb04000001", "label": "D2 capture", "kind": "short", "opcode": "0x02", "frag_index": null, "checksum_ok": true, "declared_length": 18}
2026-09-27T21:15:24.042+00:00 RX a5120200000000fc54fcec040dfb04000001 D2 capture {"raw": "a5120200000000fc54fcec040dfb04000001", "label": "D2 capture", "kind": "short", "opcode": "0x02", "frag_index": null, "checksum_ok": true, "declared_length": 18}
2026-09-27T21:15:24.043+00:00 RX a5120200000000fc54fcec040dfb04000001 D2 capture {"raw": "a5120200000000fc54fcec040dfb04000001", "label": "D2 capture", "kind": "short", "opcode": "0x02", "frag_index": null, "checksum_ok": true, "declared_length": 18}
2026-09-27T21:15:24.072+00:00 RX a5120200000000fc54fcec040dfb04000001 D2 capture {"raw": "a5120200000000fc54fcec040dfb04000001", "label": "D2 capture", "kind": "short", "opcode": "0x02", "frag_index": null, "checksum_ok": true, "declared_length": 18}
2026-09-27T21:15:24.086+00:00 RX a5120200000000fc54fcec040dfb04000001 D2 capture {"raw": "a5120200000000fc54fcec040dfb04000001", "label": "D2 capture", "kind": "short", "opcode": "0x02", "frag_index": null, "checksum_ok": true, "declared_length": 18}
2026-09-27T21:15:24.103+00:00 RX a5120200000000fc54fcec040dfb04000001 D2 capture {"raw": "a5120200000000fc54fcec040dfb04000001", "label": "D2 capture", "kind": "short", "opcode": "0x02", "frag_index": null, "checksum_ok": true, "declared_length": 18}
2026-09-27T21:15:24.116+00:00 RX a5120200000000fc54fcec040dfb04000001 D2 capture {"raw": "a5120200000000fc54fcec040dfb04000001", "label": "D2 capture", "kind": "short", "opcode": "0x02", "frag_index": null, "checksum_ok": true, "declared_length": 18}
2026-09-27T21:15:24.131+00:00 RX a5120200000000fc54fcec040dfb04000001 D2 capture {"raw": "a5120200000000fc54fcec040dfb04000001", "label": "D2 capture", "kind": "short", "opcode": "0x02", "frag_index": null, "checksum_ok": true, "declared_length": 18}
2026-09-27T21:15:24.146+00:00 RX a5120200000000fc54fcec040dfb04000001 D2 capture {"raw": "a5120200000000fc54fcec040dfb04000001", "label": "D2 capture", "kind": "short", "opcode": "0x02", "frag_index": null, "checksum_ok": true, "declared_length": 18}
2026-09-27T21:15:24.171+00:00 RX a5120200000000fc54fcec040dfb04000001 D2 capture {"raw": "a5120200000000fc54fcec040dfb04000001", "label": "D2 capture", "kind": "short", "opcode": "0x02", "frag_index": null, "checksum_ok": true, "declared_length": 18}
2026-09-27T21:15:24.183+00:00 RX a5120200000000fc54fcec040dfb04000001 D2 capture {"raw": "a5120200000000fc54fcec040dfb04000001", "label": "D2 capture", "kind": "short", "opcode": "0x02", "frag_index": null, "checksum_ok": true, "declared_length": 18}
2026-09-27T21:15:24.199+00:00 RX a5120200000000fc54fcec040dfb04000001 D2 capture {"raw": "a5120200000000fc54fcec040dfb04000001", "label": "D2 capture", "kind": "short", "opcode": "0x02", "frag_index": null, "checksum_ok": true, "declared_length": 18}
2026-09-27T21:15:24.223+00:00 RX a5120200000000fc54fcec040dfb04000001 D2 capture {"raw": "a5120200000000fc54fcec040dfb04000001", "label": "D2 capture", "kind": "short", "opcode": "0x02", "frag_index": null, "checksum_ok": true, "declared_length": 18}
2026-09-27T21:15:24.223+00:00 RX a5120200000000fc54fcec040dfb04000001 D2 capture {"raw": "a5120200000000fc54fcec040dfb04000001", "label": "D2 capture", "kind": "short", "opcode": "0x02", "frag_index": null, "checksum_ok": true, "declared_length": 18}
2026-09-27T21:15:24.251+00:00 RX a5120200000000fc54fcec040dfb04000001 D2 capture {"raw": "a5120200000000fc54fcec040dfb04000001", "label": "D2 capture", "kind": "short", "opcode": "0x02", "frag_index": null, "checksum_ok": true, "declared_length": 18}
2026-09-27T21:15:24.266+00:00 RX a5120200000000fc54fcec040dfb04000001 D2 capture {"raw": "a5120200000000fc54fcec040dfb04000001", "label": "D2 capture", "kind": "short", "opcode": "0x02", "frag_index": null, "checksum_ok": true, "declared_length": 18}
2026-09-27T21:15:24.283+00:00 RX a5120200000000fc54fcec040dfb04000001 D2 capture {"raw": "a5120200000000fc54fcec040dfb04000001", "label": "D2 capture", "kind": "short", "opcode": "0x02", "frag_index": null, "checksum_ok": true, "declared_length": 18}
2026-09-27T21:15:24.296+00:00 RX a5120200000000fc54fcec040dfb04000001 D2 capture {"raw": "a5120200000000fc54fcec040dfb04000001", "label": "D2 capture", "kind": "short", "opcode": "0x02", "frag_index": null, "checksum_ok": true, "declared_length": 18}
2026-09-27T21:15:24.311+00:00 RX a5120200000000fc54fcec040dfb04000001 D2 capture {"raw": "a5120200000000fc54fcec040dfb04000001", "label": "D2 capture", "kind": "short", "opcode": "0x02", "frag_index": null, "checksum_ok": true, "declared_length": 18}
2026-09-27T21:15:24.327+00:00 RX a5120200000000fc54fcec040dfb04000001 D2 capture {"raw": "a5120200000000fc54fcec040dfb04000001", "label": "D2 capture", "kind": "short", "opcode": "0x02", "frag_index": null, "checksum_ok": true, "declared_length": 18}
2026-09-27T21:15:24.349+00:00 RX a5120200000000fc54fcec040dfb04000001 D2 capture {"raw": "a5120200000000fc54fcec040dfb04000001", "label": "D2 capture", "kind": "short", "opcode": "0x02", "frag_index": null, "checksum_ok": true, "declared_length": 18}
2026-09-27T21:15:24.365+00:00 RX a5120200000000fc54fcec040dfb04000001 D2 capture {"raw": "a5120200000000fc54fcec040dfb04000001", "label": "D2 capture", "kind": "short", "opcode": "0x02", "frag_index": null, "checksum_ok": true, "declared_length": 18}
2026-09-27T21:15:24.379+00:00 RX a5120200000000fc54fcec040dfb04000001 D2 capture {"raw": "a5120200000000fc54fcec040dfb04000001", "label": "D2 capture", "kind": "short", "opcode": "0x02", "frag_index": null, "checksum_ok": true, "declared_length": 18}
2026-09-27T21:15:24.393+00:00 RX a5120200000000fc54fcec040dfb04000001 D2 capture {"raw": "a5120200000000fc54fcec040dfb04000001", "label": "D2 capture", "kind": "short", "opcode": "0x02", "frag_index": null, "checksum_ok": true, "declared_length": 18}
2026-09-27T21:15:24.408+00:00 RX a5120200000000fc54fcec040dfb04000001 D2 capture {"raw": "a5120200000000fc54fcec040dfb04000001", "label": "D2 capture", "kind": "short", "opcode": "0x02", "frag_index": null, "checksum_ok": true, "declared_length": 18}
2026-09-27T21:15:24.432+00:00 RX a5120200000000fc54fcec040dfb04000001 D2 capture {"raw": "a5120200000000fc54fcec040dfb04000001", "label": "D2 capture", "kind": "short", "opcode": "0x02", "frag_index": null, "checksum_ok": true, "declared_length": 18}
2026-09-27T21:15:24.446+00:00 RX a5120200000000fc54fcec040dfb04000001 D2 capture {"raw": "a5120200000000fc54fcec040dfb04000001", "label": "D2 capture", "kind": "short", "opcode": "0x02", "frag_index": null, "checksum_ok": true, "declared_length": 18}
2026-09-27T21:15:24.461+00:00 RX a5120200000000fc54fcec040dfb04000001 D2 capture {"raw": "a5120200000000fc54fcec040dfb04000001", "label": "D2 capture", "kind": "short", "opcode": "0x02", "frag_index": null, "checksum_ok": true, "declared_length": 18}
2026-09-27T21:15:24.484+00:00 RX a5120200000000fc54fcec040dfb04000001 D2 capture {"raw": "a5120200000000fc54fcec040dfb04000001", "label": "D2 capture", "kind": "short", "opcode": "0x02", "frag_index": null, "checksum_ok": true, "declared_length": 18}
2026-09-27T21:15:24.484+00:00 RX a5120200000000fc54fcec040dfb04000001 D2 capture {"raw": "a5120200000000fc54fcec040dfb04000001", "label": "D2 capture", "kind": "short", "opcode": "0x02", "frag_index": null, "checksum_ok": true, "declared_length": 18}
2026-09-27T21:15:24.506+00:00 RX a5120200000000fc54fcec040dfb04000001 D2 capture {"raw": "a5120200000000fc54fcec040dfb04000001", "label": "D2 capture", "kind": "short", "opcode": "0x02", "frag_index": null, "checksum_ok": true, "declared_length": 18}
2026-09-27T21:15:24.530+00:00 RX a5120200000000fc54fcec040dfb04000001 D2 capture {"raw": "a5120200000000fc54fcec040dfb04000001", "label": "D2 capture", "kind": "short", "opcode": "0x02", "frag_index": null, "checksum_ok": true, "declared_length": 18}
2026-09-27T21:15:24.544+00:00 RX a5120200000000fc54fcec040dfb04000001 D2 capture {"raw": "a5120200000000fc54fcec040dfb04000001", "label": "D2 capture", "kind": "short", "opcode": "0x02", "frag_index": null, "checksum_ok": true, "declared_length": 18}
2026-09-27T21:15:24.560+00:00 RX a5120200000000fc54fcec040dfb04000001 D2 capture {"raw": "a5120200000000fc54fcec040dfb04000001", "label": "D2 capture", "kind": "short", "opcode": "0x02", "frag_index": null, "checksum_ok": true, "declared_length": 18}
2026-09-27T21:15:24.575+00:00 RX a5120200000000fc54fcec040dfb04000001 D2 capture {"raw": "a5120200000000fc54fcec040dfb04000001", "label": "D2 capture", "kind": "short", "opcode": "0x02", "frag_index": null, "checksum_ok": true, "declared_length": 18}
2026-09-27T21:15:24.589+00:00 RX a5120200000000fc54fcec040dfb04000001 D2 capture {"raw": "a5120200000000fc54fcec040dfb04000001", "label": "D2 capture", "kind": "short", "opcode": "0x02", "frag_index": null, "checksum_ok": true, "declared_length": 18}
2026-09-27T21:15:24.613+00:00 RX a5120200000000fc54fcec040dfb04000001 D2 capture {"raw": "a5120200000000fc54fcec040dfb04000001", "label": "D2 capture", "kind": "short", "opcode": "0x02", "frag_index": null, "checksum_ok": true, "declared_length": 18}
2026-09-27T21:15:24.627+00:00 RX a5120200000000fc54fcec040dfb04000001 D2 capture {"raw": "a5120200000000fc54fcec040dfb04000001", "label": "D2 capture", "kind": "short", "opcode": "0x02", "frag_index": null, "checksum_ok": true, "declared_length": 18}
2026-09-27T21:15:24.643+00:00 RX a5120200000000fc54fcec040dfb04000001 D2 capture {"raw": "a5120200000000fc54fcec040dfb04000001", "label": "D2 capture", "kind": "short", "opcode": "0x02", "frag_index": null, "checksum_ok": true, "declared_length": 18}
2026-09-27T21:15:24.656+00:00 RX a5120200000000fc54fcec040dfb04000001 D2 capture {"raw": "a5120200000000fc54fcec040dfb04000001", "label": "D2 capture", "kind": "short", "opcode": "0x02", "frag_index": null, "checksum_ok": true, "declared_length": 18}
2026-09-27T21:15:24.672+00:00 RX a5120200000000fc54fcec040dfb04000001 D2 capture {"raw": "a5120200000000fc54fcec040dfb04000001", "label": "D2 capture", "kind": "short", "opcode": "0x02", "frag_index": null, "checksum_ok": true, "declared_length": 18}
2026-09-27T21:15:24.688+00:00 RX a5120200000000fc54fcec040dfb04000001 D2 capture {"raw": "a5120200000000fc54fcec040dfb04000001", "label": "D2 capture", "kind": "short", "opcode": "0x02", "frag_index": null, "checksum_ok": true, "declared_length": 18}
2026-09-27T21:15:24.708+00:00 RX a5120200000000fc54fcec040dfb04000001 D2 capture {"raw": "a5120200000000fc54fcec040dfb04000001", "label": "D2 capture", "kind": "short", "opcode": "0x02", "frag_index": null, "checksum_ok": true, "declared_length": 18}
2026-09-27T21:15:24.854+00:00 RX a5120240000000fc54fcec040dfb04000041 D2 capture {"raw": "a5120240000000fc54fcec040dfb04000041", "label": "D2 capture", "kind": "short", "opcode": "0x02", "frag_index": null, "checksum_ok": true, "declared_length": 18}
2026-09-27T21:15:24.875+00:00 RX a5120240000000fc54fcec040dfb04000041 D2 capture {"raw": "a5120240000000fc54fcec040dfb04000041", "label": "D2 capture", "kind": "short", "opcode": "0x02", "frag_index": null, "checksum_ok": true, "declared_length": 18}
2026-09-27T21:15:24.876+00:00 RX a5120240000000fc54fcec040dfb04000041 D2 capture {"raw": "a5120240000000fc54fcec040dfb04000041", "label": "D2 capture", "kind": "short", "opcode": "0x02", "frag_index": null, "checksum_ok": true, "declared_length": 18}
2026-09-27T21:15:24.898+00:00 RX a5120240000000fc54fcec040dfb04000041 D2 capture {"raw": "a5120240000000fc54fcec040dfb04000041", "label": "D2 capture", "kind": "short", "opcode": "0x02", "frag_index": null, "checksum_ok": true, "declared_length": 18}
2026-09-27T21:15:24.913+00:00 RX a5120240000000fc54fcec040dfb04000041 D2 capture {"raw": "a5120240000000fc54fcec040dfb04000041", "label": "D2 capture", "kind": "short", "opcode": "0x02", "frag_index": null, "checksum_ok": true, "declared_length": 18}
2026-09-27T21:15:24.934+00:00 RX a5120240000000fc54fcec040dfb04000041 D2 capture {"raw": "a5120240000000fc54fcec040dfb04000041", "label": "D2 capture", "kind": "short", "opcode": "0x02", "frag_index": null, "checksum_ok": true, "declared_length": 18}
2026-09-27T21:15:24.948+00:00 RX a5120240000000fc54fcec040dfb04000041 D2 capture {"raw": "a5120240000000fc54fcec040dfb04000041", "label": "D2 capture", "kind": "short", "opcode": "0x02", "frag_index": null, "checksum_ok": true, "declared_length": 18}
2026-09-27T21:15:24.964+00:00 RX a5120240000000fc54fcec040dfb04000041 D2 capture {"raw": "a5120240000000fc54fcec040dfb04000041", "label": "D2 capture", "kind": "short", "opcode": "0x02", "frag_index": null, "checksum_ok": true, "declared_length": 18}
2026-09-27T21:15:24.979+00:00 RX a5120240000000fc54fcec040dfb04000041 D2 capture {"raw": "a5120240000000fc54fcec040dfb04000041", "label": "D2 capture", "kind": "short", "opcode": "0x02", "frag_index": null, "checksum_ok": true, "declared_length": 18}
2026-09-27T21:15:24.993+00:00 RX a5120240000000fc54fcec040dfb04000041 D2 capture {"raw": "a5120240000000fc54fcec040dfb04000041", "label": "D2 capture", "kind": "short", "opcode": "0x02", "frag_index": null, "checksum_ok": true, "declared_length": 18}
2026-09-27T21:15:25.016+00:00 RX a5120240000000fc54fcec040dfb04000041 D2 capture {"raw": "a5120240000000fc54fcec040dfb04000041", "label": "D2 capture", "kind": "short", "opcode": "0x02", "frag_index": null, "checksum_ok": true, "declared_length": 18}
2026-09-27T21:15:25.032+00:00 RX a5120240000000fc54fcec040dfb04000041 D2 capture {"raw": "a5120240000000fc54fcec040dfb04000041", "label": "D2 capture", "kind": "short", "opcode": "0x02", "frag_index": null, "checksum_ok": true, "declared_length": 18}
2026-09-27T21:15:25.047+00:00 RX a5120240000000fc54fcec040dfb04000041 D2 capture {"raw": "a5120240000000fc54fcec040dfb04000041", "label": "D2 capture", "kind": "short", "opcode": "0x02", "frag_index": null, "checksum_ok": true, "declared_length": 18}
2026-09-27T21:15:25.061+00:00 RX a5120200000000fc54fcec040dfb04000001 D2 capture {"raw": "a5120200000000fc54fcec040dfb04000001", "label": "D2 capture", "kind": "short", "opcode": "0x02", "frag_index": null, "checksum_ok": true, "declared_length": 18}
2026-09-27T21:15:25.079+00:00 RX a5120200000000fc54fcec040dfb04000001 D2 capture {"raw": "a5120200000000fc54fcec040dfb04000001", "label": "D2 capture", "kind": "short", "opcode": "0x02", "frag_index": null, "checksum_ok": true, "declared_length": 18}
2026-09-27T21:15:25.093+00:00 RX a5120200000000fc54fcec040dfb04000001 D2 capture {"raw": "a5120200000000fc54fcec040dfb04000001", "label": "D2 capture", "kind": "short", "opcode": "0x02", "frag_index": null, "checksum_ok": true, "declared_length": 18}
2026-09-27T21:15:25.115+00:00 RX a5120200000000fc54fcec040dfb04000001 D2 capture {"raw": "a5120200000000fc54fcec040dfb04000001", "label": "D2 capture", "kind": "short", "opcode": "0x02", "frag_index": null, "checksum_ok": true, "declared_length": 18}
2026-09-27T21:15:25.130+00:00 RX a5120200000000fc54fcec040dfb04000001 D2 capture {"raw": "a5120200000000fc54fcec040dfb04000001", "label": "D2 capture", "kind": "short", "opcode": "0x02", "frag_index": null, "checksum_ok": true, "declared_length": 18}
2026-09-27T21:15:25.143+00:00 RX a5120200000000fc54fcec040dfb04000001 D2 capture {"raw": "a5120200000000fc54fcec040dfb04000001", "label": "D2 capture", "kind": "short", "opcode": "0x02", "frag_index": null, "checksum_ok": true, "declared_length": 18}
2026-09-27T21:15:25.159+00:00 RX a5120200000000fc54fcec040dfb04000001 D2 capture {"raw": "a5120200000000fc54fcec040dfb04000001", "label": "D2 capture", "kind": "short", "opcode": "0x02", "frag_index": null, "checksum_ok": true, "declared_length": 18}
2026-09-27T21:15:25.175+00:00 RX a5120200000000fc54fcec040dfb04000001 D2 capture {"raw": "a5120200000000fc54fcec040dfb04000001", "label": "D2 capture", "kind": "short", "opcode": "0x02", "frag_index": null, "checksum_ok": true, "declared_length": 18}
2026-09-27T21:15:25.197+00:00 RX a5120200000000fc54fcec040dfb04000001 D2 capture {"raw": "a5120200000000fc54fcec040dfb04000001", "label": "D2 capture", "kind": "short", "opcode": "0x02", "frag_index": null, "checksum_ok": true, "declared_length": 18}
2026-09-27T21:15:25.211+00:00 RX a5120200000000fc54fcec040dfb04000001 D2 capture {"raw": "a5120200000000fc54fcec040dfb04000001", "label": "D2 capture", "kind": "short", "opcode": "0x02", "frag_index": null, "checksum_ok": true, "declared_length": 18}
2026-09-27T21:15:25.227+00:00 RX a5120200000000fc54fcec040dfb04000001 D2 capture {"raw": "a5120200000000fc54fcec040dfb04000001", "label": "D2 capture", "kind": "short", "opcode": "0x02", "frag_index": null, "checksum_ok": true, "declared_length": 18}
2026-09-27T21:15:25.243+00:00 RX a5120200000000fc54fcec040dfb04000001 D2 capture {"raw": "a5120200000000fc54fcec040dfb04000001", "label": "D2 capture", "kind": "short", "opcode": "0x02", "frag_index": null, "checksum_ok": true, "declared_length": 18}
2026-09-27T21:15:25.257+00:00 RX a5120200000000fc54fcec040dfb04000001 D2 capture {"raw": "a5120200000000fc54fcec040dfb04000001", "label": "D2 capture", "kind": "short", "opcode": "0x02", "frag_index": null, "checksum_ok": true, "declared_length": 18}
2026-09-27T21:15:25.272+00:00 RX a5120200000000fc54fcec040dfb04000001 D2 capture {"raw": "a5120200000000fc54fcec040dfb04000001", "label": "D2 capture", "kind": "short", "opcode": "0x02", "frag_index": null, "checksum_ok": true, "declared_length": 18}
2026-09-27T21:15:25.293+00:00 RX a5120200000000fc54fcec040dfb04000001 D2 capture {"raw": "a5120200000000fc54fcec040dfb04000001", "label": "D2 capture", "kind": "short", "opcode": "0x02", "frag_index": null, "checksum_ok": true, "declared_length": 18}
2026-09-27T21:15:25.308+00:00 RX a5120200000000fc54fcec040dfb04000001 D2 capture {"raw": "a5120200000000fc54fcec040dfb04000001", "label": "D2 capture", "kind": "short", "opcode": "0x02", "frag_index": null, "checksum_ok": true, "declared_length": 18}
2026-09-27T21:15:25.323+00:00 RX a5120200000000fc54fcec040dfb04000001 D2 capture {"raw": "a5120200000000fc54fcec040dfb04000001", "label": "D2 capture", "kind": "short", "opcode": "0x02", "frag_index": null, "checksum_ok": true, "declared_length": 18}
2026-09-27T21:15:25.341+00:00 RX a5120200000000fc54fcec040dfb04000001 D2 capture {"raw": "a5120200000000fc54fcec040dfb04000001", "label": "D2 capture", "kind": "short", "opcode": "0x02", "frag_index": null, "checksum_ok": true, "declared_length": 18}
2026-09-27T21:15:25.355+00:00 RX a5120200000000fc54fcec040dfb04000001 D2 capture {"raw": "a5120200000000fc54fcec040dfb04000001", "label": "D2 capture", "kind": "short", "opcode": "0x02", "frag_index": null, "checksum_ok": true, "declared_length": 18}
2026-09-27T21:15:25.378+00:00 RX a5120200000000fc54fcec040dfb04000001 D2 capture {"raw": "a5120200000000fc54fcec040dfb04000001", "label": "D2 capture", "kind": "short", "opcode": "0x02", "frag_index": null, "checksum_ok": true, "declared_length": 18}
2026-09-27T21:15:25.393+00:00 RX a5120200000000fc54fcec040dfb04000001 D2 capture {"raw": "a5120200000000fc54fcec040dfb04000001", "label": "D2 capture", "kind": "short", "opcode": "0x02", "frag_index": null, "checksum_ok": true, "declared_length": 18}
2026-09-27T21:15:25.408+00:00 RX a5120200000000fc54fcec040dfb04000001 D2 capture {"raw": "a5120200000000fc54fcec040dfb04000001", "label": "D2 capture", "kind": "short", "opcode": "0x02", "frag_index": null, "checksum_ok": true, "declared_length": 18}
2026-09-27T21:15:25.423+00:00 RX a5120200000000fc54fcec040dfb04000001 D2 capture {"raw": "a5120200000000fc54fcec040dfb04000001", "label": "D2 capture", "kind": "short", "opcode": "0x02", "frag_index": null, "checksum_ok": true, "declared_length": 18}
2026-09-27T21:15:25.438+00:00 RX a5120200000000fc54fcec040dfb04000001 D2 capture {"raw": "a5120200000000fc54fcec040dfb04000001", "label": "D2 capture", "kind": "short", "opcode": "0x02", "frag_index": null, "checksum_ok": true, "declared_length": 18}
2026-09-27T21:15:25.453+00:00 RX a5120200000000fc54fcec040dfb04000001 D2 capture {"raw": "a5120200000000fc54fcec040dfb04000001", "label": "D2 capture", "kind": "short", "opcode": "0x02", "frag_index": null, "checksum_ok": true, "declared_length": 18}
2026-09-27T21:15:25.473+00:00 RX a5120200000000fc54fcec040dfb04000001 D2 capture {"raw": "a5120200000000fc54fcec040dfb04000001", "label": "D2 capture", "kind": "short", "opcode": "0x02", "frag_index": null, "checksum_ok": true, "declared_length": 18}
2026-09-27T21:15:25.490+00:00 RX a5120200000000fc54fcec040dfb04000001 D2 capture {"raw": "a5120200000000fc54fcec040dfb04000001", "label": "D2 capture", "kind": "short", "opcode": "0x02", "frag_index": null, "checksum_ok": true, "declared_length": 18}
2026-09-27T21:15:25.506+00:00 RX a5120200000000fc54fcec040dfb04000001 D2 capture {"raw": "a5120200000000fc54fcec040dfb04000001", "label": "D2 capture", "kind": "short", "opcode": "0x02", "frag_index": null, "checksum_ok": true, "declared_length": 18}
2026-09-27T21:15:25.520+00:00 RX a5120200000000fc54fcec040dfb04000001 D2 capture {"raw": "a5120200000000fc54fcec040dfb04000001", "label": "D2 capture", "kind": "short", "opcode": "0x02", "frag_index": null, "checksum_ok": true, "declared_length": 18}
2026-09-27T21:15:25.533+00:00 RX a5120200000000fc54fcec040dfb04000001 D2 capture {"raw": "a5120200000000fc54fcec040dfb04000001", "label": "D2 capture", "kind": "short", "opcode": "0x02", "frag_index": null, "checksum_ok": true, "declared_length": 18}
2026-09-27T21:15:25.557+00:00 RX a5120200000000fc54fcec040dfb04000001 D2 capture {"raw": "a5120200000000fc54fcec040dfb04000001", "label": "D2 capture", "kind": "short", "opcode": "0x02", "frag_index": null, "checksum_ok": true, "declared_length": 18}
2026-09-27T21:15:25.571+00:00 RX a5120200000000fc54fcec040dfb04000001 D2 capture {"raw": "a5120200000000fc54fcec040dfb04000001", "label": "D2 capture", "kind": "short", "opcode": "0x02", "frag_index": null, "checksum_ok": true, "declared_length": 18}
2026-09-27T21:15:25.586+00:00 RX a5120200000000fc54fcec040dfb04000001 D2 capture {"raw": "a5120200000000fc54fcec040dfb04000001", "label": "D2 capture", "kind": "short", "opcode": "0x02", "frag_index": null, "checksum_ok": true, "declared_length": 18}
2026-09-27T21:15:25.601+00:00 RX a5120200000000fc54fcec040dfb04000001 D2 capture {"raw": "a5120200000000fc54fcec040dfb04000001", "label": "D2 capture", "kind": "short", "opcode": "0x02", "frag_index": null, "checksum_ok": true, "declared_length": 18}
2026-09-27T21:15:25.618+00:00 RX a5120200000000fc54fcec040dfb04000001 D2 capture {"raw": "a5120200000000fc54fcec040dfb04000001", "label": "D2 capture", "kind": "short", "opcode": "0x02", "frag_index": null, "checksum_ok": true, "declared_length": 18}
2026-09-27T21:15:25.632+00:00 RX a5120200000000fc54fcec040dfb04000001 D2 capture {"raw": "a5120200000000fc54fcec040dfb04000001", "label": "D2 capture", "kind": "short", "opcode": "0x02", "frag_index": null, "checksum_ok": true, "declared_length": 18}
2026-09-27T21:15:25.654+00:00 RX a5120200000000fc54fcec040dfb04000001 D2 capture {"raw": "a5120200000000fc54fcec040dfb04000001", "label": "D2 capture", "kind": "short", "opcode": "0x02", "frag_index": null, "checksum_ok": true, "declared_length": 18}
2026-09-27T21:15:25.670+00:00 RX a5120200000000fc54fcec040dfb04000001 D2 capture {"raw": "a5120200000000fc54fcec040dfb04000001", "label": "D2 capture", "kind": "short", "opcode": "0x02", "frag_index": null, "checksum_ok": true, "declared_length": 18}
2026-09-27T21:15:25.685+00:00 RX a5120200000000fc54fcec040dfb04000001 D2 capture {"raw": "a5120200000000fc54fcec040dfb04000001", "label": "D2 capture", "kind": "short", "opcode": "0x02", "frag_index": null, "checksum_ok": true, "declared_length": 18}
2026-09-27T21:15:25.708+00:00 RX a5120200000000fc54fcec040dfb04000001 D2 capture {"raw": "a5120200000000fc54fcec040dfb04000001", "label": "D2 capture", "kind": "short", "opcode": "0x02", "frag_index": null, "checksum_ok": true, "declared_length": 18}
2026-09-27T21:15:25.709+00:00 RX a5120200000000fc54fcec040dfb04000001 D2 capture {"raw": "a5120200000000fc54fcec040dfb04000001", "label": "D2 capture", "kind": "short", "opcode": "0x02", "frag_index": null, "checksum_ok": true, "declared_length": 18}
2026-09-27T21:15:25.737+00:00 RX a5120200000000fc54fcec040dfb04000001 D2 capture {"raw": "a5120200000000fc54fcec040dfb04000001", "label": "D2 capture", "kind": "short", "opcode": "0x02", "frag_index": null, "checksum_ok": true, "declared_length": 18}
2026-09-27T21:15:25.754+00:00 RX a5120200000000fc54fcec040dfb04000001 D2 capture {"raw": "a5120200000000fc54fcec040dfb04000001", "label": "D2 capture", "kind": "short", "opcode": "0x02", "frag_index": null, "checksum_ok": true, "declared_length": 18}
2026-09-27T21:15:25.767+00:00 RX a5120200000000fc54fcec040dfb04000001 D2 capture {"raw": "a5120200000000fc54fcec040dfb04000001", "label": "D2 capture", "kind": "short", "opcode": "0x02", "frag_index": null, "checksum_ok": true, "declared_length": 18}
2026-09-27T21:15:25.784+00:00 RX a5120200000000fc54fcec040dfb04000001 D2 capture {"raw": "a5120200000000fc54fcec040dfb04000001", "label": "D2 capture", "kind": "short", "opcode": "0x02", "frag_index": null, "checksum_ok": true, "declared_length": 18}
2026-09-27T21:15:25.798+00:00 RX a5120200000000fc54fcec040dfb04000001 D2 capture {"raw": "a5120200000000fc54fcec040dfb04000001", "label": "D2 capture", "kind": "short", "opcode": "0x02", "frag_index": null, "checksum_ok": true, "declared_length": 18}
2026-09-27T21:15:25.811+00:00 RX a5120200000000fc54fcec040dfb04000001 D2 capture {"raw": "a5120200000000fc54fcec040dfb04000001", "label": "D2 capture", "kind": "short", "opcode": "0x02", "frag_index": null, "checksum_ok": true, "declared_length": 18}
2026-09-27T21:15:25.836+00:00 RX a5120200000000fc54fcec040dfb04000001 D2 capture {"raw": "a5120200000000fc54fcec040dfb04000001", "label": "D2 capture", "kind": "short", "opcode": "0x02", "frag_index": null, "checksum_ok": true, "declared_length": 18}
2026-09-27T21:15:25.850+00:00 RX a5120200000000fc54fcec040dfb04000001 D2 capture {"raw": "a5120200000000fc54fcec040dfb04000001", "label": "D2 capture", "kind": "short", "opcode": "0x02", "frag_index": null, "checksum_ok": true, "declared_length": 18}
2026-09-27T21:15:25.863+00:00 RX a5120200000000fc54fcec040dfb04000001 D2 capture {"raw": "a5120200000000fc54fcec040dfb04000001", "label": "D2 capture", "kind": "short", "opcode": "0x02", "frag_index": null, "checksum_ok": true, "declared_length": 18}
2026-09-27T21:15:25.888+00:00 RX a5120200000000fc54fcec040dfb04000001 D2 capture {"raw": "a5120200000000fc54fcec040dfb04000001", "label": "D2 capture", "kind": "short", "opcode": "0x02", "frag_index": null, "checksum_ok": true, "declared_length": 18}
2026-09-27T21:15:25.888+00:00 RX a5120200000000fc54fcec040dfb04000001 D2 capture {"raw": "a5120200000000fc54fcec040dfb04000001", "label": "D2 capture", "kind": "short", "opcode": "0x02", "frag_index": null, "checksum_ok": true, "declared_length": 18}
2026-09-27T21:15:25.918+00:00 RX a5120200000000fc54fcec040dfb04000001 D2 capture {"raw": "a5120200000000fc54fcec040dfb04000001", "label": "D2 capture", "kind": "short", "opcode": "0x02", "frag_index": null, "checksum_ok": true, "declared_length": 18}
2026-09-27T21:15:25.934+00:00 RX a5120200000000fc54fcec040dfb04000001 D2 capture {"raw": "a5120200000000fc54fcec040dfb04000001", "label": "D2 capture", "kind": "short", "opcode": "0x02", "frag_index": null, "checksum_ok": true, "declared_length": 18}
2026-09-27T21:15:25.948+00:00 RX a5120200000000fc54fcec040dfb04000001 D2 capture {"raw": "a5120200000000fc54fcec040dfb04000001", "label": "D2 capture", "kind": "short", "opcode": "0x02", "frag_index": null, "checksum_ok": true, "declared_length": 18}
2026-09-27T21:15:25.963+00:00 RX a5120200000000fc54fcec040dfb04000001 D2 capture {"raw": "a5120200000000fc54fcec040dfb04000001", "label": "D2 capture", "kind": "short", "opcode": "0x02", "frag_index": null, "checksum_ok": true, "declared_length": 18}
2026-09-27T21:15:25.977+00:00 RX a5120200000000fc54fcec040dfb04000001 D2 capture {"raw": "a5120200000000fc54fcec040dfb04000001", "label": "D2 capture", "kind": "short", "opcode": "0x02", "frag_index": null, "checksum_ok": true, "declared_length": 18}
2026-09-27T21:15:25.993+00:00 RX a5120200000000fc54fcec040dfb04000001 D2 capture {"raw": "a5120200000000fc54fcec040dfb04000001", "label": "D2 capture", "kind": "short", "opcode": "0x02", "frag_index": null, "checksum_ok": true, "declared_length": 18}
2026-09-27T21:15:26.014+00:00 RX a5120200000000fc54fcec040dfb04000001 D2 capture {"raw": "a5120200000000fc54fcec040dfb04000001", "label": "D2 capture", "kind": "short", "opcode": "0x02", "frag_index": null, "checksum_ok": true, "declared_length": 18}
2026-09-27T21:15:26.029+00:00 RX a5120200000000fc54fcec040dfb04000001 D2 capture {"raw": "a5120200000000fc54fcec040dfb04000001", "label": "D2 capture", "kind": "short", "opcode": "0x02", "frag_index": null, "checksum_ok": true, "declared_length": 18}
2026-09-27T21:15:26.043+00:00 RX a5120200000000fc54fcec040dfb04000001 D2 capture {"raw": "a5120200000000fc54fcec040dfb04000001", "label": "D2 capture", "kind": "short", "opcode": "0x02", "frag_index": null, "checksum_ok": true, "declared_length": 18}
2026-09-27T21:15:26.066+00:00 RX a5120200000000fc54fcec040dfb04000001 D2 capture {"raw": "a5120200000000fc54fcec040dfb04000001", "label": "D2 capture", "kind": "short", "opcode": "0x02", "frag_index": null, "checksum_ok": true, "declared_length": 18}
2026-09-27T21:15:26.067+00:00 RX a5120200000000fc54fcec040dfb04000001 D2 capture {"raw": "a5120200000000fc54fcec040dfb04000001", "label": "D2 capture", "kind": "short", "opcode": "0x02", "frag_index": null, "checksum_ok": true, "declared_length": 18}
2026-09-27T21:15:26.104+00:00 RX a5120200000000fc54fcec040dfb04000001 D2 capture {"raw": "a5120200000000fc54fcec040dfb04000001", "label": "D2 capture", "kind": "short", "opcode": "0x02", "frag_index": null, "checksum_ok": true, "declared_length": 18}
2026-09-27T21:15:26.104+00:00 RX a5120200000000fc54fcec040dfb04000001 D2 capture {"raw": "a5120200000000fc54fcec040dfb04000001", "label": "D2 capture", "kind": "short", "opcode": "0x02", "frag_index": null, "checksum_ok": true, "declared_length": 18}
2026-09-27T21:15:26.127+00:00 RX a5120200000000fc54fcec040dfb04000001 D2 capture {"raw": "a5120200000000fc54fcec040dfb04000001", "label": "D2 capture", "kind": "short", "opcode": "0x02", "frag_index": null, "checksum_ok": true, "declared_length": 18}
2026-09-27T21:15:26.141+00:00 RX a5120200000000fc54fcec040dfb04000001 D2 capture {"raw": "a5120200000000fc54fcec040dfb04000001", "label": "D2 capture", "kind": "short", "opcode": "0x02", "frag_index": null, "checksum_ok": true, "declared_length": 18}
2026-09-27T21:15:26.164+00:00 RX a5120200000000fc54fcec040dfb04000001 D2 capture {"raw": "a5120200000000fc54fcec040dfb04000001", "label": "D2 capture", "kind": "short", "opcode": "0x02", "frag_index": null, "checksum_ok": true, "declared_length": 18}
2026-09-27T21:15:26.164+00:00 RX a5120200000000fc54fcec040dfb04000001 D2 capture {"raw": "a5120200000000fc54fcec040dfb04000001", "label": "D2 capture", "kind": "short", "opcode": "0x02", "frag_index": null, "checksum_ok": true, "declared_length": 18}
2026-09-27T21:15:26.187+00:00 RX a5120200000000fc54fcec040dfb04000001 D2 capture {"raw": "a5120200000000fc54fcec040dfb04000001", "label": "D2 capture", "kind": "short", "opcode": "0x02", "frag_index": null, "checksum_ok": true, "declared_length": 18}
2026-09-27T21:15:26.208+00:00 RX a5120200000000fc54fcec040dfb04000001 D2 capture {"raw": "a5120200000000fc54fcec040dfb04000001", "label": "D2 capture", "kind": "short", "opcode": "0x02", "frag_index": null, "checksum_ok": true, "declared_length": 18}
2026-09-27T21:15:26.223+00:00 RX a5120200000000fc54fcec040dfb04000001 D2 capture {"raw": "a5120200000000fc54fcec040dfb04000001", "label": "D2 capture", "kind": "short", "opcode": "0x02", "frag_index": null, "checksum_ok": true, "declared_length": 18}
2026-09-27T21:15:26.239+00:00 RX a5120200000000fc54fcec040dfb04000001 D2 capture {"raw": "a5120200000000fc54fcec040dfb04000001", "label": "D2 capture", "kind": "short", "opcode": "0x02", "frag_index": null, "checksum_ok": true, "declared_length": 18}
2026-09-27T21:15:26.255+00:00 RX a5120200000000fc54fcec040dfb04000001 D2 capture {"raw": "a5120200000000fc54fcec040dfb04000001", "label": "D2 capture", "kind": "short", "opcode": "0x02", "frag_index": null, "checksum_ok": true, "declared_length": 18}
2026-09-27T21:23:57.835+00:00 TX a505d2007c D2 test OFF
